[
  {
    "currentAnalysisName": ["X0027_romance_top100_158566011_20190104.051323"],
    "analysisTimeString": ["20190104.051323"],
    "filenamesRoot": ["romance_top100"],
    "categoryLabel": ["Romance"],
    "pageLabel": ["Top 100"],
    "browseNodeID": ["158566011"],
    "medianSalesRank": [189],
    "medianNPages": [317],
    "priceBreaks": [0, 0.99, 1.99, 2.99, 3.99, 4.99, 14.99],
    "priceCounts": [29, 8, 19, 21, 12, 11],
    "nIsInKU": [83],
    "nIsNotInKU": [17],
    "nReleases": [">50000"],
    "nLastThirtyReleases": [">9000"],
    "nLastNinetyReleases": [">20000"],
    "nPreorders": [">3000"]
  },
  {
    "currentAnalysisName": ["X0027_african_american_top100_6190465011_20190104.051425"],
    "analysisTimeString": ["20190104.051425"],
    "filenamesRoot": ["african_american_top100"],
    "categoryLabel": ["African American"],
    "pageLabel": ["Top 100"],
    "browseNodeID": ["6190465011"],
    "medianSalesRank": [3244],
    "medianNPages": [185],
    "priceBreaks": [0, 0.99, 1.99, 2.99, 3.99, 4.99, 9.99],
    "priceCounts": [43, 3, 31, 4, 5, 14],
    "nIsInKU": [95],
    "nIsNotInKU": [5],
    "nReleases": [">10000"],
    "nLastThirtyReleases": ["365"],
    "nLastNinetyReleases": ["979"],
    "nPreorders": ["49"]
  },
  {
    "currentAnalysisName": ["X0027_clean_and_wholesome_top100_11650867011_20190104.051522"],
    "analysisTimeString": ["20190104.051522"],
    "filenamesRoot": ["clean_and_wholesome_top100"],
    "categoryLabel": ["Clean & Wholesome"],
    "pageLabel": ["Top 100"],
    "browseNodeID": ["11650867011"],
    "medianSalesRank": [2817],
    "medianNPages": [315],
    "priceBreaks": [0, 0.99, 1.99, 2.99, 3.99, 4.99, 14.43],
    "priceCounts": [36, 10, 16, 26, 4, 8],
    "nIsInKU": [86],
    "nIsNotInKU": [14],
    "nReleases": [">6000"],
    "nLastThirtyReleases": ["105"],
    "nLastNinetyReleases": ["498"],
    "nPreorders": ["135"]
  },
  {
    "currentAnalysisName": ["X0027_contemporary_top100_158568011_20190104.051621"],
    "analysisTimeString": ["20190104.051621"],
    "filenamesRoot": ["contemporary_top100"],
    "categoryLabel": ["Contemporary"],
    "pageLabel": ["Top 100"],
    "browseNodeID": ["158568011"],
    "medianSalesRank": [310],
    "medianNPages": [288],
    "priceBreaks": [0, 0.99, 1.99, 2.99, 3.99, 4.99, 12.99],
    "priceCounts": [32, 10, 17, 22, 12, 7],
    "nIsInKU": [88],
    "nIsNotInKU": [12],
    "nReleases": [">50000"],
    "nLastThirtyReleases": [">2000"],
    "nLastNinetyReleases": [">8000"],
    "nPreorders": [">1000"]
  },
  {
    "currentAnalysisName": ["X0027_gothic_top100_6487830011_20190104.051718"],
    "analysisTimeString": ["20190104.051718"],
    "filenamesRoot": ["gothic_top100"],
    "categoryLabel": ["Gothic"],
    "pageLabel": ["Top 100"],
    "browseNodeID": ["6487830011"],
    "medianSalesRank": [7288],
    "medianNPages": [237],
    "priceBreaks": [0, 0.99, 1.99, 2.99, 3.99, 4.99, 9.99],
    "priceCounts": [21, 1, 18, 25, 29, 6],
    "nIsInKU": [86],
    "nIsNotInKU": [14],
    "nReleases": [">2000"],
    "nLastThirtyReleases": ["81"],
    "nLastNinetyReleases": ["165"],
    "nPreorders": ["16"]
  },
  {
    "currentAnalysisName": ["X0027_historical_romance_top100_158571011_20190104.051818"],
    "analysisTimeString": ["20190104.051818"],
    "filenamesRoot": ["historical_romance_top100"],
    "categoryLabel": ["Historical Romance"],
    "pageLabel": ["Top 100"],
    "browseNodeID": ["158571011"],
    "medianSalesRank": [1777],
    "medianNPages": [381],
    "priceBreaks": [0, 0.99, 1.99, 2.99, 3.99, 4.99, 9.99],
    "priceCounts": [50, 10, 14, 10, 7, 9],
    "nIsInKU": [68],
    "nIsNotInKU": [32],
    "nReleases": [">50000"],
    "nLastThirtyReleases": ["695"],
    "nLastNinetyReleases": [">2000"],
    "nPreorders": ["359"]
  },
  {
    "currentAnalysisName": ["X0027_gay_romance_top100_6487829011_20190104.051918"],
    "analysisTimeString": ["20190104.051918"],
    "filenamesRoot": ["gay_romance_top100"],
    "categoryLabel": ["Gay Romance"],
    "pageLabel": ["Top 100"],
    "browseNodeID": ["6487829011"],
    "medianSalesRank": [3740],
    "medianNPages": [200],
    "priceBreaks": [0, 0.99, 1.99, 2.99, 3.99, 4.99, 9.99],
    "priceCounts": [7, 1, 32, 46, 10, 4],
    "nIsInKU": [90],
    "nIsNotInKU": [10],
    "nReleases": [">40000"],
    "nLastThirtyReleases": ["948"],
    "nLastNinetyReleases": [">2000"],
    "nPreorders": ["147"]
  },
  {
    "currentAnalysisName": ["X0027_lesbian_romance_top100_6487835011_20190104.052013"],
    "analysisTimeString": ["20190104.052013"],
    "filenamesRoot": ["lesbian_romance_top100"],
    "categoryLabel": ["Lesbian Romance"],
    "pageLabel": ["Top 100"],
    "browseNodeID": ["6487835011"],
    "medianSalesRank": [18465],
    "medianNPages": [219],
    "priceBreaks": [0, 0.99, 1.99, 2.99, 3.99, 4.99, 9.99],
    "priceCounts": [10, 3, 20, 14, 18, 35],
    "nIsInKU": [79],
    "nIsNotInKU": [21],
    "nReleases": [">10000"],
    "nLastThirtyReleases": ["249"],
    "nLastNinetyReleases": ["699"],
    "nPreorders": ["53"]
  },
  {
    "currentAnalysisName": ["X0027_bisexual_top100_10886542011_20190104.052110"],
    "analysisTimeString": ["20190104.052110"],
    "filenamesRoot": ["bisexual_top100"],
    "categoryLabel": ["Bisexual"],
    "pageLabel": ["Top 100"],
    "browseNodeID": ["10886542011"],
    "medianSalesRank": [9910],
    "medianNPages": [241],
    "priceBreaks": [0, 0.99, 1.99, 2.99, 3.99, 4.99, 11.99],
    "priceCounts": [9, 2, 36, 39, 9, 5],
    "nIsInKU": [90],
    "nIsNotInKU": [10],
    "nReleases": [">5000"],
    "nLastThirtyReleases": ["228"],
    "nLastNinetyReleases": ["526"],
    "nPreorders": ["45"]
  },
  {
    "currentAnalysisName": ["X0027_military_top100_6487836011_20190104.052208"],
    "analysisTimeString": ["20190104.052208"],
    "filenamesRoot": ["military_top100"],
    "categoryLabel": ["Military"],
    "pageLabel": ["Top 100"],
    "browseNodeID": ["6487836011"],
    "medianSalesRank": [1238],
    "medianNPages": [283],
    "priceBreaks": [0, 0.99, 1.99, 2.99, 3.99, 4.99, 9.99],
    "priceCounts": [41, 3, 16, 28, 9, 3],
    "nIsInKU": [82],
    "nIsNotInKU": [18],
    "nReleases": [">20000"],
    "nLastThirtyReleases": ["420"],
    "nLastNinetyReleases": [">1000"],
    "nPreorders": ["199"]
  },
  {
    "currentAnalysisName": ["X0027_mystery_and_suspense_top100_6487839011_20190104.052306"],
    "analysisTimeString": ["20190104.052306"],
    "filenamesRoot": ["mystery_and_suspense_top100"],
    "categoryLabel": ["Mystery & Suspense"],
    "pageLabel": ["Top 100"],
    "browseNodeID": ["6487839011"],
    "medianSalesRank": [727],
    "medianNPages": [316],
    "priceBreaks": [0, 0.99, 1.99, 2.99, 3.99, 4.99, 14.99],
    "priceCounts": [17, 9, 21, 22, 17, 14],
    "nIsInKU": [83],
    "nIsNotInKU": [17],
    "nReleases": [">50000"],
    "nLastThirtyReleases": ["934"],
    "nLastNinetyReleases": [">2000"],
    "nPreorders": ["521"]
  },
  {
    "currentAnalysisName": ["X0027_new_adult_and_college_top100_6487838011_20190104.052400"],
    "analysisTimeString": ["20190104.052400"],
    "filenamesRoot": ["new_adult_and_college_top100"],
    "categoryLabel": ["New Adult & College"],
    "pageLabel": ["Top 100"],
    "browseNodeID": ["6487838011"],
    "medianSalesRank": [799],
    "medianNPages": [270],
    "priceBreaks": [0, 0.99, 1.99, 2.99, 3.99, 4.99, 11.99],
    "priceCounts": [36, 3, 22, 30, 7, 2],
    "nIsInKU": [97],
    "nIsNotInKU": [3],
    "nReleases": [">20000"],
    "nLastThirtyReleases": ["280"],
    "nLastNinetyReleases": ["961"],
    "nPreorders": ["122"]
  },
  {
    "currentAnalysisName": ["X0027_paranormal_top100_6190484011_20190104.052500"],
    "analysisTimeString": ["20190104.052500"],
    "filenamesRoot": ["paranormal_top100"],
    "categoryLabel": ["Paranormal"],
    "pageLabel": ["Top 100"],
    "browseNodeID": ["6190484011"],
    "medianSalesRank": [744],
    "medianNPages": [285],
    "priceBreaks": [0, 0.99, 1.99, 2.99, 3.99, 4.99, 14.99],
    "priceCounts": [37, 1, 19, 22, 12, 9],
    "nIsInKU": [89],
    "nIsNotInKU": [11],
    "nReleases": [">50000"],
    "nLastThirtyReleases": ["853"],
    "nLastNinetyReleases": [">2000"],
    "nPreorders": ["362"]
  },
  {
    "currentAnalysisName": ["X0027_romantic_comedy_top100_6487841011_20190104.052559"],
    "analysisTimeString": ["20190104.052559"],
    "filenamesRoot": ["romantic_comedy_top100"],
    "categoryLabel": ["Romantic Comedy"],
    "pageLabel": ["Top 100"],
    "browseNodeID": ["6487841011"],
    "medianSalesRank": [500],
    "medianNPages": [306],
    "priceBreaks": [0, 0.99, 1.99, 2.99, 3.99, 4.99, 13.99],
    "priceCounts": [34, 5, 16, 34, 5, 6],
    "nIsInKU": [91],
    "nIsNotInKU": [9],
    "nReleases": [">50000"],
    "nLastThirtyReleases": ["939"],
    "nLastNinetyReleases": [">3000"],
    "nPreorders": ["424"]
  },
  {
    "currentAnalysisName": ["X0027_science_fiction_top100_6401744011_20190104.052655"],
    "analysisTimeString": ["20190104.052655"],
    "filenamesRoot": ["science_fiction_top100"],
    "categoryLabel": ["Science Fiction"],
    "pageLabel": ["Top 100"],
    "browseNodeID": ["6401744011"],
    "medianSalesRank": [2581],
    "medianNPages": [310],
    "priceBreaks": [0, 0.99, 1.99, 2.99, 3.99, 4.99, 14.99],
    "priceCounts": [17, 3, 21, 24, 21, 14],
    "nIsInKU": [88],
    "nIsNotInKU": [12],
    "nReleases": [">10000"],
    "nLastThirtyReleases": ["209"],
    "nLastNinetyReleases": ["707"],
    "nPreorders": ["83"]
  },
  {
    "currentAnalysisName": ["X0027_sports_top100_6487842011_20190104.052754"],
    "analysisTimeString": ["20190104.052754"],
    "filenamesRoot": ["sports_top100"],
    "categoryLabel": ["Sports"],
    "pageLabel": ["Top 100"],
    "browseNodeID": ["6487842011"],
    "medianSalesRank": [1513],
    "medianNPages": [280],
    "priceBreaks": [0, 0.99, 1.99, 2.99, 3.99, 4.99, 9.99],
    "priceCounts": [30, 1, 21, 36, 10, 2],
    "nIsInKU": [90],
    "nIsNotInKU": [10],
    "nReleases": [">10000"],
    "nLastThirtyReleases": ["257"],
    "nLastNinetyReleases": ["691"],
    "nPreorders": ["105"]
  },
  {
    "currentAnalysisName": ["X0027_westerns_top100_6190489011_20190104.052850"],
    "analysisTimeString": ["20190104.052850"],
    "filenamesRoot": ["westerns_top100"],
    "categoryLabel": ["Westerns"],
    "pageLabel": ["Top 100"],
    "browseNodeID": ["6190489011"],
    "medianSalesRank": [3752],
    "medianNPages": [289],
    "priceBreaks": [0, 0.99, 1.99, 2.99, 3.99, 4.99, 10.99],
    "priceCounts": [58, 3, 18, 13, 4, 4],
    "nIsInKU": [78],
    "nIsNotInKU": [22],
    "nReleases": [">20000"],
    "nLastThirtyReleases": ["304"],
    "nLastNinetyReleases": ["917"],
    "nPreorders": ["138"]
  }
]
