[
  {
    "currentAnalysisName": ["X0025_sff_top100_668010011_20181202.220632"],
    "analysisTimeString": ["20181202.220632"],
    "filenamesRoot": ["sff_top100"],
    "categoryLabel": ["Science Fiction & Fantasy"],
    "pageLabel": ["Top 100"],
    "browseNodeID": ["668010011"],
    "medianSalesRank": [387],
    "medianNPages": [332],
    "priceBreaks": [0, 0.99, 1.99, 2.99, 3.99, 4.99, 15.99],
    "priceCounts": [19, 4, 13, 19, 16, 29],
    "nIsInKU": [85],
    "nIsNotInKU": [15],
    "nReleases": [">50000"],
    "nLastThirtyReleases": [">9000"],
    "nLastNinetyReleases": [">20000"],
    "nPreorders": [">1000"]
  },
  {
    "currentAnalysisName": ["X0025_alternative_history_top100_6157855011_20181202.220747"],
    "analysisTimeString": ["20181202.220747"],
    "filenamesRoot": ["alternative_history_top100"],
    "categoryLabel": ["Alternative History"],
    "pageLabel": ["Top 100"],
    "browseNodeID": ["6157855011"],
    "medianSalesRank": [13277],
    "medianNPages": [354],
    "priceBreaks": [0, 0.99, 1.99, 2.99, 3.99, 4.99, 14.99],
    "priceCounts": [15, 5, 25, 20, 18, 16],
    "nIsInKU": [77],
    "nIsNotInKU": [23],
    "nReleases": [">10000"],
    "nLastThirtyReleases": [">1000"],
    "nLastNinetyReleases": [">2000"],
    "nPreorders": ["21"]
  },
  {
    "currentAnalysisName": ["X0025_dystopian_top100_6361470011_20181202.220859"],
    "analysisTimeString": ["20181202.220859"],
    "filenamesRoot": ["dystopian_top100"],
    "categoryLabel": ["Dystopian"],
    "pageLabel": ["Top 100"],
    "browseNodeID": ["6361470011"],
    "medianSalesRank": [2638],
    "medianNPages": [347],
    "priceBreaks": [0, 0.99, 1.99, 2.99, 3.99, 4.99, 14.99],
    "priceCounts": [8, 11, 25, 11, 22, 23],
    "nIsInKU": [79],
    "nIsNotInKU": [21],
    "nReleases": [">20000"],
    "nLastThirtyReleases": ["777"],
    "nLastNinetyReleases": [">2000"],
    "nPreorders": ["178"]
  },
  {
    "currentAnalysisName": ["X0025_fairy_tales_top100_7588857011_20181202.221006"],
    "analysisTimeString": ["20181202.221006"],
    "filenamesRoot": ["fairy_tales_top100"],
    "categoryLabel": ["Fairy Tales"],
    "pageLabel": ["Top 100"],
    "browseNodeID": ["7588857011"],
    "medianSalesRank": [8558],
    "medianNPages": [298],
    "priceBreaks": [0, 0.99, 1.99, 2.99, 3.99, 4.99, 12.99],
    "priceCounts": [11, 2, 25, 32, 22, 8],
    "nIsInKU": [90],
    "nIsNotInKU": [10],
    "nReleases": [">6000"],
    "nLastThirtyReleases": ["127"],
    "nLastNinetyReleases": ["389"],
    "nPreorders": ["36"]
  },
  {
    "currentAnalysisName": ["X0025_post_apocalyptic_top100_6361471011_20181202.221119"],
    "analysisTimeString": ["20181202.221119"],
    "filenamesRoot": ["post_apocalyptic_top100"],
    "categoryLabel": ["Post-Apocalyptic"],
    "pageLabel": ["Top 100"],
    "browseNodeID": ["6361471011"],
    "medianSalesRank": [2516],
    "medianNPages": [353],
    "priceBreaks": [0, 0.99, 1.99, 2.99, 3.99, 4.99, 14.99],
    "priceCounts": [12, 4, 29, 20, 11, 24],
    "nIsInKU": [80],
    "nIsNotInKU": [20],
    "nReleases": [">20000"],
    "nLastThirtyReleases": ["496"],
    "nLastNinetyReleases": [">1000"],
    "nPreorders": ["134"]
  },
  {
    "currentAnalysisName": ["X0025_w_and_s_top100_6401742011_20181202.221229"],
    "analysisTimeString": ["20181202.221229"],
    "filenamesRoot": ["w_and_s_top100"],
    "categoryLabel": ["Werewolves & Shifters"],
    "pageLabel": ["Top 100"],
    "browseNodeID": ["6401742011"],
    "medianSalesRank": [1799],
    "medianNPages": [279],
    "priceBreaks": [0, 0.99, 1.99, 2.99, 3.99, 4.99, 9.99],
    "priceCounts": [46, 2, 16, 25, 9, 2],
    "nIsInKU": [92],
    "nIsNotInKU": [8],
    "nReleases": [">20000"],
    "nLastThirtyReleases": ["300"],
    "nLastNinetyReleases": ["915"],
    "nPreorders": ["114"]
  },
  {
    "currentAnalysisName": ["X0025_pn_uf_top100_7006662011_20181202.221337"],
    "analysisTimeString": ["20181202.221337"],
    "filenamesRoot": ["pn_uf_top100"],
    "categoryLabel": ["Paranormal and Urban Fantasy"],
    "pageLabel": ["Top 100"],
    "browseNodeID": ["7006662011"],
    "medianSalesRank": [4360],
    "medianNPages": [323],
    "priceBreaks": [0, 0.99, 1.99, 2.99, 3.99, 4.99, 12.99],
    "priceCounts": [12, 4, 15, 42, 17, 10],
    "nIsInKU": [93],
    "nIsNotInKU": [7],
    "nReleases": [">10000"],
    "nLastThirtyReleases": ["160"],
    "nLastNinetyReleases": ["509"],
    "nPreorders": ["100"]
  },
  {
    "currentAnalysisName": ["X0025_dark_fantasy_top100_157062011_20181202.221447"],
    "analysisTimeString": ["20181202.221447"],
    "filenamesRoot": ["dark_fantasy_top100"],
    "categoryLabel": ["Horror: Dark Fantasy"],
    "pageLabel": ["Top 100"],
    "browseNodeID": ["157062011"],
    "medianSalesRank": [3036],
    "medianNPages": [331],
    "priceBreaks": [0, 0.99, 1.99, 2.99, 3.99, 4.99, 12.99],
    "priceCounts": [11, 0, 15, 24, 32, 18],
    "nIsInKU": [96],
    "nIsNotInKU": [4],
    "nReleases": [">20000"],
    "nLastThirtyReleases": ["488"],
    "nLastNinetyReleases": [">1000"],
    "nPreorders": ["157"]
  }
]
