[
  {
    "currentAnalysisName": ["X0035_sff_top100_668010011_20190506.012624"],
    "analysisTimeString": ["20190506.012624"],
    "filenamesRoot": ["sff_top100"],
    "categoryLabel": ["Science Fiction & Fantasy"],
    "pageLabel": ["Top 100"],
    "browseNodeID": ["668010011"],
    "medianSalesRank": [385],
    "medianNPages": [369],
    "priceBreaks": [0, 0.99, 1.99, 2.99, 3.99, 4.99, 39.99],
    "priceCounts": [12, 9, 17, 15, 23, 24],
    "nIsInKU": [83],
    "nIsNotInKU": [17],
    "nReleases": [">50000"],
    "nLastThirtyReleases": [">7000"],
    "nLastNinetyReleases": [">20000"],
    "nPreorders": [">2000"]
  },
  {
    "currentAnalysisName": ["X0035_alternative_history_top100_6157855011_20190506.012723"],
    "analysisTimeString": ["20190506.012723"],
    "filenamesRoot": ["alternative_history_top100"],
    "categoryLabel": ["Alternative History"],
    "pageLabel": ["Top 100"],
    "browseNodeID": ["6157855011"],
    "medianSalesRank": [18441],
    "medianNPages": [352],
    "priceBreaks": [0, 0.99, 1.99, 2.99, 3.99, 4.99, 13.99],
    "priceCounts": [5, 2, 14, 22, 32, 24],
    "nIsInKU": [71],
    "nIsNotInKU": [29],
    "nReleases": [">10000"],
    "nLastThirtyReleases": ["583"],
    "nLastNinetyReleases": [">1000"],
    "nPreorders": ["28"]
  },
  {
    "currentAnalysisName": ["X0035_dystopian_top100_6361470011_20190506.012825"],
    "analysisTimeString": ["20190506.012825"],
    "filenamesRoot": ["dystopian_top100"],
    "categoryLabel": ["Dystopian"],
    "pageLabel": ["Top 100"],
    "browseNodeID": ["6361470011"],
    "medianSalesRank": [3427],
    "medianNPages": [353],
    "priceBreaks": [0, 0.99, 1.99, 2.99, 3.99, 4.99, 14.99],
    "priceCounts": [13, 5, 24, 20, 15, 23],
    "nIsInKU": [82],
    "nIsNotInKU": [18],
    "nReleases": [">30000"],
    "nLastThirtyReleases": ["506"],
    "nLastNinetyReleases": [">1000"],
    "nPreorders": ["187"]
  },
  {
    "currentAnalysisName": ["X0035_fairy_tales_top100_7588857011_20190506.012922"],
    "analysisTimeString": ["20190506.012922"],
    "filenamesRoot": ["fairy_tales_top100"],
    "categoryLabel": ["Fairy Tales"],
    "pageLabel": ["Top 100"],
    "browseNodeID": ["7588857011"],
    "medianSalesRank": [7005],
    "medianNPages": [269],
    "priceBreaks": [0, 0.99, 1.99, 2.99, 3.99, 4.99, 12.99],
    "priceCounts": [19, 3, 24, 23, 24, 7],
    "nIsInKU": [87],
    "nIsNotInKU": [13],
    "nReleases": [">6000"],
    "nLastThirtyReleases": ["97"],
    "nLastNinetyReleases": ["365"],
    "nPreorders": ["39"]
  },
  {
    "currentAnalysisName": ["X0035_post_apocalyptic_top100_6361471011_20190506.013021"],
    "analysisTimeString": ["20190506.013021"],
    "filenamesRoot": ["post_apocalyptic_top100"],
    "categoryLabel": ["Post-Apocalyptic"],
    "pageLabel": ["Top 100"],
    "browseNodeID": ["6361471011"],
    "medianSalesRank": [2853],
    "medianNPages": [359],
    "priceBreaks": [0, 0.99, 1.99, 2.99, 3.99, 4.99, 14.99],
    "priceCounts": [16, 2, 22, 25, 17, 18],
    "nIsInKU": [84],
    "nIsNotInKU": [16],
    "nReleases": [">20000"],
    "nLastThirtyReleases": ["453"],
    "nLastNinetyReleases": [">1000"],
    "nPreorders": ["133"]
  },
  {
    "currentAnalysisName": ["X0035_w_and_s_top100_6401742011_20190506.013115"],
    "analysisTimeString": ["20190506.013115"],
    "filenamesRoot": ["w_and_s_top100"],
    "categoryLabel": ["Werewolves & Shifters"],
    "pageLabel": ["Top 100"],
    "browseNodeID": ["6401742011"],
    "medianSalesRank": [1602],
    "medianNPages": [253],
    "priceBreaks": [0, 0.99, 1.99, 2.99, 3.99, 4.99, 13.99],
    "priceCounts": [32, 0, 32, 24, 10, 2],
    "nIsInKU": [95],
    "nIsNotInKU": [5],
    "nReleases": [">20000"],
    "nLastThirtyReleases": ["317"],
    "nLastNinetyReleases": ["987"],
    "nPreorders": ["141"]
  },
  {
    "currentAnalysisName": ["X0035_pn_uf_top100_7006662011_20190506.013211"],
    "analysisTimeString": ["20190506.013211"],
    "filenamesRoot": ["pn_uf_top100"],
    "categoryLabel": ["Paranormal and Urban Fantasy"],
    "pageLabel": ["Top 100"],
    "browseNodeID": ["7006662011"],
    "medianSalesRank": [4638],
    "medianNPages": [297],
    "priceBreaks": [0, 0.99, 1.99, 2.99, 3.99, 4.99, 12.99],
    "priceCounts": [14, 2, 31, 31, 12, 10],
    "nIsInKU": [91],
    "nIsNotInKU": [9],
    "nReleases": [">10000"],
    "nLastThirtyReleases": ["147"],
    "nLastNinetyReleases": ["465"],
    "nPreorders": ["117"]
  },
  {
    "currentAnalysisName": ["X0035_dark_fantasy_top100_157062011_20190506.013310"],
    "analysisTimeString": ["20190506.013310"],
    "filenamesRoot": ["dark_fantasy_top100"],
    "categoryLabel": ["Horror: Dark Fantasy"],
    "pageLabel": ["Top 100"],
    "browseNodeID": ["157062011"],
    "medianSalesRank": [3378],
    "medianNPages": [346],
    "priceBreaks": [0, 0.99, 1.99, 2.99, 3.99, 4.99, 13.99],
    "priceCounts": [10, 3, 13, 29, 33, 12],
    "nIsInKU": [92],
    "nIsNotInKU": [8],
    "nReleases": [">20000"],
    "nLastThirtyReleases": ["497"],
    "nLastNinetyReleases": [">1000"],
    "nPreorders": ["207"]
  }
]
