[
  {
    "currentAnalysisName": ["X0035_erotica_top100_157057011_20190505.225823"],
    "analysisTimeString": ["20190505.225823"],
    "filenamesRoot": ["erotica_top100"],
    "categoryLabel": ["Erotica"],
    "pageLabel": ["Top 100"],
    "browseNodeID": ["157057011"],
    "medianSalesRank": [6277],
    "medianNPages": [153],
    "priceBreaks": [0, 0.99, 1.99, 2.99, 3.99, 4.99, 9.99],
    "priceCounts": [43, 2, 29, 13, 4, 9],
    "nIsInKU": [90],
    "nIsNotInKU": [10],
    "nReleases": [">50000"],
    "nLastThirtyReleases": [">50000"],
    "nLastNinetyReleases": [">50000"],
    "nPreorders": [">50000"]
  },
  {
    "currentAnalysisName": ["X0035_e_action_adventure_top100_7620210011_20190505.225923"],
    "analysisTimeString": ["20190505.225923"],
    "filenamesRoot": ["e_action_adventure_top100"],
    "categoryLabel": ["Erotica: Action and Adventure"],
    "pageLabel": ["Top 100"],
    "browseNodeID": ["7620210011"],
    "medianSalesRank": [20971],
    "medianNPages": [146],
    "priceBreaks": [0, 0.99, 1.99, 2.99, 3.99, 4.99, 9.99],
    "priceCounts": [31, 0, 39, 15, 4, 11],
    "nIsInKU": [95],
    "nIsNotInKU": [5],
    "nReleases": [">20000"],
    "nLastThirtyReleases": [">20000"],
    "nLastNinetyReleases": [">20000"],
    "nPreorders": [">20000"]
  },
  {
    "currentAnalysisName": ["X0035_e_african_american_top100_6190461011_20190505.230038"],
    "analysisTimeString": ["20190505.230038"],
    "filenamesRoot": ["e_african_american_top100"],
    "categoryLabel": ["Erotica: African American"],
    "pageLabel": ["Top 100"],
    "browseNodeID": ["6190461011"],
    "medianSalesRank": [113089],
    "medianNPages": [206],
    "priceBreaks": [0, 0.99, 1.99, 2.99, 3.99, 4.99, 19.99],
    "priceCounts": [28, 6, 44, 8, 5, 9],
    "nIsInKU": [83],
    "nIsNotInKU": [17],
    "nReleases": [">3000"],
    "nLastThirtyReleases": [">3000"],
    "nLastNinetyReleases": [">3000"],
    "nPreorders": [">3000"]
  },
  {
    "currentAnalysisName": ["X0035_e_bdsm_top100_7620212011_20190505.230210"],
    "analysisTimeString": ["20190505.230210"],
    "filenamesRoot": ["e_bdsm_top100"],
    "categoryLabel": ["Erotica: BDSM"],
    "pageLabel": ["Top 100"],
    "browseNodeID": ["7620212011"],
    "medianSalesRank": [14925],
    "medianNPages": [226],
    "priceBreaks": [0, 0.99, 1.99, 2.99, 3.99, 4.99, 9.99],
    "priceCounts": [7, 0, 39, 25, 4, 25],
    "nIsInKU": [90],
    "nIsNotInKU": [10],
    "nReleases": [">50000"],
    "nLastThirtyReleases": [">50000"],
    "nLastNinetyReleases": [">50000"],
    "nPreorders": [">50000"]
  },
  {
    "currentAnalysisName": ["X0035_e_historical_top100_7620218011_20190505.230312"],
    "analysisTimeString": ["20190505.230312"],
    "filenamesRoot": ["e_historical_top100"],
    "categoryLabel": ["Erotica: Historical"],
    "pageLabel": ["Top 100"],
    "browseNodeID": ["7620218011"],
    "medianSalesRank": [43728],
    "medianNPages": [404],
    "priceBreaks": [0, 0.99, 1.99, 2.99, 3.99, 4.99, 11.99],
    "priceCounts": [2, 0, 29, 28, 8, 33],
    "nIsInKU": [73],
    "nIsNotInKU": [27],
    "nReleases": [">10000"],
    "nLastThirtyReleases": [">10000"],
    "nLastNinetyReleases": [">10000"],
    "nPreorders": [">10000"]
  },
  {
    "currentAnalysisName": ["X0035_e_horror_top100_7620219011_20190505.230450"],
    "analysisTimeString": ["20190505.230450"],
    "filenamesRoot": ["e_horror_top100"],
    "categoryLabel": ["Erotica: Horror"],
    "pageLabel": ["Top 100"],
    "browseNodeID": ["7620219011"],
    "medianSalesRank": [43321],
    "medianNPages": [156],
    "priceBreaks": [0, 0.99, 1.99, 2.99, 3.99, 4.99, 9.99],
    "priceCounts": [3, 0, 46, 10, 9, 31],
    "nIsInKU": [90],
    "nIsNotInKU": [10],
    "nReleases": [">9000"],
    "nLastThirtyReleases": [">9000"],
    "nLastNinetyReleases": [">9000"],
    "nPreorders": [">9000"]
  },
  {
    "currentAnalysisName": ["X0035_e_humorous_top100_7620220011_20190505.230552"],
    "analysisTimeString": ["20190505.230552"],
    "filenamesRoot": ["e_humorous_top100"],
    "categoryLabel": ["Erotica: Humorous"],
    "pageLabel": ["Top 100"],
    "browseNodeID": ["7620220011"],
    "medianSalesRank": [22477],
    "medianNPages": [209],
    "priceBreaks": [0, 0.99, 1.99, 2.99, 3.99, 4.99, 9.99],
    "priceCounts": [13, 2, 40, 19, 12, 14],
    "nIsInKU": [80],
    "nIsNotInKU": [20],
    "nReleases": [">10000"],
    "nLastThirtyReleases": [">10000"],
    "nLastNinetyReleases": [">10000"],
    "nPreorders": [">10000"]
  },
  {
    "currentAnalysisName": ["X0035_e_interracial_top100_7620221011_20190505.230649"],
    "analysisTimeString": ["20190505.230649"],
    "filenamesRoot": ["e_interracial_top100"],
    "categoryLabel": ["Erotica: Interracial"],
    "pageLabel": ["Top 100"],
    "browseNodeID": ["7620221011"],
    "medianSalesRank": [34827],
    "medianNPages": [210],
    "priceBreaks": [0, 0.99, 1.99, 2.99, 3.99, 4.99, 9.99],
    "priceCounts": [6, 2, 41, 16, 12, 23],
    "nIsInKU": [94],
    "nIsNotInKU": [6],
    "nReleases": [">20000"],
    "nLastThirtyReleases": [">20000"],
    "nLastNinetyReleases": [">20000"],
    "nPreorders": [">20000"]
  },
  {
    "currentAnalysisName": ["X0035_e_lgbt_top100_7620213011_20190505.230747"],
    "analysisTimeString": ["20190505.230747"],
    "filenamesRoot": ["e_lgbt_top100"],
    "categoryLabel": ["Erotica: LGBT"],
    "pageLabel": ["Top 100"],
    "browseNodeID": ["7620213011"],
    "medianSalesRank": [19929],
    "medianNPages": [191],
    "priceBreaks": [0, 0.99, 1.99, 2.99, 3.99, 4.99, 9.99],
    "priceCounts": [6, 0, 47, 12, 11, 23],
    "nIsInKU": [97],
    "nIsNotInKU": [3],
    "nReleases": [">50000"],
    "nLastThirtyReleases": [">50000"],
    "nLastNinetyReleases": [">50000"],
    "nPreorders": [">50000"]
  },
  {
    "currentAnalysisName": ["X0035_e_mystery_top100_7620222011_20190505.230859"],
    "analysisTimeString": ["20190505.230859"],
    "filenamesRoot": ["e_mystery_top100"],
    "categoryLabel": ["Erotica: Mystery"],
    "pageLabel": ["Top 100"],
    "browseNodeID": ["7620222011"],
    "medianSalesRank": [32456],
    "medianNPages": [251],
    "priceBreaks": [0, 0.99, 1.99, 2.99, 3.99, 4.99, 9.99],
    "priceCounts": [21, 0, 25, 14, 8, 31],
    "nIsInKU": [78],
    "nIsNotInKU": [22],
    "nReleases": [">10000"],
    "nLastThirtyReleases": [">10000"],
    "nLastNinetyReleases": [">10000"],
    "nPreorders": [">10000"]
  },
  {
    "currentAnalysisName": ["X0035_e_paranormal_top100_7620223011_20190505.231002"],
    "analysisTimeString": ["20190505.231002"],
    "filenamesRoot": ["e_paranormal_top100"],
    "categoryLabel": ["Erotica: Paranormal"],
    "pageLabel": ["Top 100"],
    "browseNodeID": ["7620223011"],
    "medianSalesRank": [33979],
    "medianNPages": [237],
    "priceBreaks": [0, 0.99, 1.99, 2.99, 3.99, 4.99, 9.99],
    "priceCounts": [12, 0, 45, 11, 3, 28],
    "nIsInKU": [80],
    "nIsNotInKU": [20],
    "nReleases": [">20000"],
    "nLastThirtyReleases": [">20000"],
    "nLastNinetyReleases": [">20000"],
    "nPreorders": [">20000"]
  },
  {
    "currentAnalysisName": ["X0035_e_romantic_top100_7620225011_20190505.231122"],
    "analysisTimeString": ["20190505.231122"],
    "filenamesRoot": ["e_romantic_top100"],
    "categoryLabel": ["Erotica: Romantic Erotica"],
    "pageLabel": ["Top 100"],
    "browseNodeID": ["7620225011"],
    "medianSalesRank": [16754],
    "medianNPages": [261],
    "priceBreaks": [0, 0.99, 1.99, 2.99, 3.99, 4.99, 9.99],
    "priceCounts": [28, 2, 21, 22, 9, 18],
    "nIsInKU": [71],
    "nIsNotInKU": [29],
    "nReleases": [">40000"],
    "nLastThirtyReleases": [">40000"],
    "nLastNinetyReleases": [">40000"],
    "nPreorders": [">40000"]
  },
  {
    "currentAnalysisName": ["X0035_e_scifi_top100_7620226011_20190505.231302"],
    "analysisTimeString": ["20190505.231302"],
    "filenamesRoot": ["e_scifi_top100"],
    "categoryLabel": ["Erotica: Science Fiction"],
    "pageLabel": ["Top 100"],
    "browseNodeID": ["7620226011"],
    "medianSalesRank": [43321],
    "medianNPages": [197],
    "priceBreaks": [0, 0.99, 1.99, 2.99, 3.99, 4.99, 11.99],
    "priceCounts": [3, 0, 46, 12, 9, 29],
    "nIsInKU": [71],
    "nIsNotInKU": [29],
    "nReleases": [">10000"],
    "nLastThirtyReleases": [">10000"],
    "nLastNinetyReleases": [">10000"],
    "nPreorders": [">10000"]
  },
  {
    "currentAnalysisName": ["X0035_e_suspense_top100_7620227011_20190505.231448"],
    "analysisTimeString": ["20190505.231448"],
    "filenamesRoot": ["e_suspense_top100"],
    "categoryLabel": ["Erotica: Suspense"],
    "pageLabel": ["Top 100"],
    "browseNodeID": ["7620227011"],
    "medianSalesRank": [19865],
    "medianNPages": [221],
    "priceBreaks": [0, 0.99, 1.99, 2.99, 3.99, 4.99, 9.99],
    "priceCounts": [30, 0, 32, 13, 8, 17],
    "nIsInKU": [85],
    "nIsNotInKU": [15],
    "nReleases": [">10000"],
    "nLastThirtyReleases": [">10000"],
    "nLastNinetyReleases": [">10000"],
    "nPreorders": [">10000"]
  },
  {
    "currentAnalysisName": ["X0035_e_thrillers_top100_7620228011_20190505.231541"],
    "analysisTimeString": ["20190505.231541"],
    "filenamesRoot": ["e_thrillers_top100"],
    "categoryLabel": ["Erotica: Thrillers"],
    "pageLabel": ["Top 100"],
    "browseNodeID": ["7620228011"],
    "medianSalesRank": [23373],
    "medianNPages": [168],
    "priceBreaks": [0, 0.99, 1.99, 2.99, 3.99, 4.99, 9.99],
    "priceCounts": [33, 0, 34, 10, 5, 18],
    "nIsInKU": [92],
    "nIsNotInKU": [8],
    "nReleases": [">10000"],
    "nLastThirtyReleases": [">10000"],
    "nLastNinetyReleases": [">10000"],
    "nPreorders": [">10000"]
  },
  {
    "currentAnalysisName": ["X0035_e_urban_top100_7620229011_20190505.231703"],
    "analysisTimeString": ["20190505.231703"],
    "filenamesRoot": ["e_urban_top100"],
    "categoryLabel": ["Erotica: Urban"],
    "pageLabel": ["Top 100"],
    "browseNodeID": ["7620229011"],
    "medianSalesRank": [25937],
    "medianNPages": [124],
    "priceBreaks": [0, 0.99, 1.99, 2.99, 3.99, 4.99, 9.99],
    "priceCounts": [10, 0, 55, 17, 3, 15],
    "nIsInKU": [96],
    "nIsNotInKU": [4],
    "nReleases": [">20000"],
    "nLastThirtyReleases": [">20000"],
    "nLastNinetyReleases": [">20000"],
    "nPreorders": [">20000"]
  },
  {
    "currentAnalysisName": ["X0035_e_victorian_top100_7620230011_20190505.231823"],
    "analysisTimeString": ["20190505.231823"],
    "filenamesRoot": ["e_victorian_top100"],
    "categoryLabel": ["Erotica: Victorian"],
    "pageLabel": ["Top 100"],
    "browseNodeID": ["7620230011"],
    "medianSalesRank": [43840],
    "medianNPages": [292],
    "priceBreaks": [0, 0.99, 1.99, 2.99, 3.99, 4.99, 10.98],
    "priceCounts": [2, 0, 51, 12, 10, 25],
    "nIsInKU": [92],
    "nIsNotInKU": [8],
    "nReleases": [">4000"],
    "nLastThirtyReleases": [">4000"],
    "nLastNinetyReleases": [">4000"],
    "nPreorders": [">4000"]
  },
  {
    "currentAnalysisName": ["X0035_e_westerns_top100_7620231011_20190505.231916"],
    "analysisTimeString": ["20190505.231916"],
    "filenamesRoot": ["e_westerns_top100"],
    "categoryLabel": ["Erotica: Westerns"],
    "pageLabel": ["Top 100"],
    "browseNodeID": ["7620231011"],
    "medianSalesRank": [35687],
    "medianNPages": [545],
    "priceBreaks": [0, 0.99, 1.99, 2.99, 3.99, 4.99, 9.99],
    "priceCounts": [7, 1, 37, 14, 9, 32],
    "nIsInKU": [91],
    "nIsNotInKU": [9],
    "nReleases": [">5000"],
    "nLastThirtyReleases": [">5000"],
    "nLastNinetyReleases": [">5000"],
    "nPreorders": [">5000"]
  }
]
