[
  {
    "currentAnalysisName": ["X0043_sff_top100_668010011_20190903.062551"],
    "analysisTimeString": ["20190903.062551"],
    "filenamesRoot": ["sff_top100"],
    "categoryLabel": ["Science Fiction & Fantasy"],
    "pageLabel": ["Top 100"],
    "browseNodeID": ["668010011"],
    "medianSalesRank": [432],
    "medianNPages": [402],
    "priceBreaks": [0, 0.99, 1.99, 2.99, 3.99, 4.99, 14.99],
    "priceCounts": [13, 11, 9, 21, 26, 20],
    "nIsInKU": [86],
    "nIsNotInKU": [14],
    "nReleases": [">50000"],
    "nLastThirtyReleases": [">7000"],
    "nLastNinetyReleases": [">20000"],
    "nPreorders": [">2000"]
  },
  {
    "currentAnalysisName": ["X0043_alternative_history_top100_6157855011_20190903.063103"],
    "analysisTimeString": ["20190903.063103"],
    "filenamesRoot": ["alternative_history_top100"],
    "categoryLabel": ["Alternative History"],
    "pageLabel": ["Top 100"],
    "browseNodeID": ["6157855011"],
    "medianSalesRank": [14008],
    "medianNPages": [343],
    "priceBreaks": [0, 0.99, 1.99, 2.99, 3.99, 4.99, 26.78],
    "priceCounts": [84, 0, 0, 3, 2, 11],
    "nIsInKU": [82],
    "nIsNotInKU": [18],
    "nReleases": [">10000"],
    "nLastThirtyReleases": ["428"],
    "nLastNinetyReleases": ["1000"],
    "nPreorders": ["53"]
  },
  {
    "currentAnalysisName": ["X0043_dystopian_top100_6361470011_20190903.063450"],
    "analysisTimeString": ["20190903.063450"],
    "filenamesRoot": ["dystopian_top100"],
    "categoryLabel": ["Dystopian"],
    "pageLabel": ["Top 100"],
    "browseNodeID": ["6361470011"],
    "medianSalesRank": [2815],
    "medianNPages": [367],
    "priceBreaks": [0, 0.99, 1.99, 2.99, 3.99, 4.99, 14.99],
    "priceCounts": [77, 1, 1, 1, 0, 20],
    "nIsInKU": [77],
    "nIsNotInKU": [23],
    "nReleases": [">30000"],
    "nLastThirtyReleases": ["537"],
    "nLastNinetyReleases": [">1000"],
    "nPreorders": ["211"]
  },
  {
    "currentAnalysisName": ["X0043_fairy_tales_top100_7588857011_20190903.064046"],
    "analysisTimeString": ["20190903.064046"],
    "filenamesRoot": ["fairy_tales_top100"],
    "categoryLabel": ["Fairy Tales"],
    "pageLabel": ["Top 100"],
    "browseNodeID": ["7588857011"],
    "medianSalesRank": [8587],
    "medianNPages": [269],
    "priceBreaks": [0, 0.99, 1.99, 2.99, 3.99, 4.99, 12.99],
    "priceCounts": [84, 2, 3, 1, 5, 5],
    "nIsInKU": [83],
    "nIsNotInKU": [17],
    "nReleases": [">7000"],
    "nLastThirtyReleases": ["106"],
    "nLastNinetyReleases": ["301"],
    "nPreorders": ["55"]
  },
  {
    "currentAnalysisName": ["X0043_post_apocalyptic_top100_6361471011_20190903.064616"],
    "analysisTimeString": ["20190903.064616"],
    "filenamesRoot": ["post_apocalyptic_top100"],
    "categoryLabel": ["Post-Apocalyptic"],
    "pageLabel": ["Top 100"],
    "browseNodeID": ["6361471011"],
    "medianSalesRank": [2582],
    "medianNPages": [382],
    "priceBreaks": [0, 0.99, 1.99, 2.99, 3.99, 4.99, 14.99],
    "priceCounts": [78, 2, 2, 1, 1, 16],
    "nIsInKU": [78],
    "nIsNotInKU": [22],
    "nReleases": [">30000"],
    "nLastThirtyReleases": ["439"],
    "nLastNinetyReleases": [">1000"],
    "nPreorders": ["146"]
  },
  {
    "currentAnalysisName": ["X0043_w_and_s_top100_6401742011_20190903.065231"],
    "analysisTimeString": ["20190903.065231"],
    "filenamesRoot": ["w_and_s_top100"],
    "categoryLabel": ["Werewolves & Shifters"],
    "pageLabel": ["Top 100"],
    "browseNodeID": ["6401742011"],
    "medianSalesRank": [1807],
    "medianNPages": [276],
    "priceBreaks": [0, 0.99, 1.99, 2.99, 3.99, 4.99, 14.99],
    "priceCounts": [31, 2, 22, 20, 19, 6],
    "nIsInKU": [88],
    "nIsNotInKU": [12],
    "nReleases": [">20000"],
    "nLastThirtyReleases": ["283"],
    "nLastNinetyReleases": ["847"],
    "nPreorders": ["178"]
  },
  {
    "currentAnalysisName": ["X0043_pn_uf_top100_6157853011_20190903.065533"],
    "analysisTimeString": ["20190903.065533"],
    "filenamesRoot": ["pn_uf_top100"],
    "categoryLabel": ["Paranormal and Urban Fantasy"],
    "pageLabel": ["Top 100"],
    "browseNodeID": ["6157853011"],
    "medianSalesRank": [796],
    "medianNPages": [316],
    "priceBreaks": [0, 0.99, 1.99, 2.99, 3.99, 4.99, 14.99],
    "priceCounts": [87, 1, 5, 0, 1, 6],
    "nIsInKU": [85],
    "nIsNotInKU": [15],
    "nReleases": [">50000"],
    "nLastThirtyReleases": [">1000"],
    "nLastNinetyReleases": [">3000"],
    "nPreorders": ["724"]
  },
  {
    "currentAnalysisName": ["X0043_dark_fantasy_top100_157062011_20190903.070304"],
    "analysisTimeString": ["20190903.070304"],
    "filenamesRoot": ["dark_fantasy_top100"],
    "categoryLabel": ["Horror: Dark Fantasy"],
    "pageLabel": ["Top 100"],
    "browseNodeID": ["157062011"],
    "medianSalesRank": [3084],
    "medianNPages": [377],
    "priceBreaks": [0, 0.99, 1.99, 2.99, 3.99, 4.99, 13.99],
    "priceCounts": [12, 6, 11, 17, 34, 20],
    "nIsInKU": [87],
    "nIsNotInKU": [13],
    "nReleases": [">20000"],
    "nLastThirtyReleases": ["522"],
    "nLastNinetyReleases": [">1000"],
    "nPreorders": ["217"]
  }
]
