[
  {
    "currentAnalysisName": ["X0029_m_t_s_top100_157305011_20190203.004345"],
    "analysisTimeString": ["20190203.004345"],
    "filenamesRoot": ["m_t_s_top100"],
    "categoryLabel": ["Mystery, Thriller & Suspense"],
    "pageLabel": ["Top 100"],
    "browseNodeID": ["157305011"],
    "medianSalesRank": [207],
    "medianNPages": [350],
    "priceBreaks": [0, 0.99, 1.99, 2.99, 3.99, 4.99, 14.99],
    "priceCounts": [21, 13, 6, 10, 16, 34],
    "nIsInKU": [56],
    "nIsNotInKU": [44],
    "nReleases": [">50000"],
    "nLastThirtyReleases": [">7000"],
    "nLastNinetyReleases": [">20000"],
    "nPreorders": [">1000"]
  },
  {
    "currentAnalysisName": ["X0029_heist_top100_7130623011_20190203.004440"],
    "analysisTimeString": ["20190203.004440"],
    "filenamesRoot": ["heist_top100"],
    "categoryLabel": ["Heist"],
    "pageLabel": ["Top 100"],
    "browseNodeID": ["7130623011"],
    "medianSalesRank": [10383],
    "medianNPages": [261],
    "priceBreaks": [0, 0.99, 1.99, 2.99, 3.99, 4.99, 9.99],
    "priceCounts": [16, 0, 26, 30, 13, 15],
    "nIsInKU": [87],
    "nIsNotInKU": [13],
    "nReleases": [">2000"],
    "nLastThirtyReleases": ["42"],
    "nLastNinetyReleases": ["105"],
    "nPreorders": ["9"]
  },
  {
    "currentAnalysisName": ["X0029_kidnapping_top100_7151518011_20190203.004545"],
    "analysisTimeString": ["20190203.004545"],
    "filenamesRoot": ["kidnapping_top100"],
    "categoryLabel": ["Kidnapping"],
    "pageLabel": ["Top 100"],
    "browseNodeID": ["7151518011"],
    "medianSalesRank": [4292],
    "medianNPages": [320],
    "priceBreaks": [0, 0.99, 1.99, 2.99, 3.99, 4.99, 14.99],
    "priceCounts": [18, 5, 9, 32, 23, 13],
    "nIsInKU": [95],
    "nIsNotInKU": [5],
    "nReleases": [">2000"],
    "nLastThirtyReleases": ["41"],
    "nLastNinetyReleases": ["120"],
    "nPreorders": ["25"]
  },
  {
    "currentAnalysisName": ["X0029_murder_top100_7130624011_20190203.004639"],
    "analysisTimeString": ["20190203.004639"],
    "filenamesRoot": ["murder_top100"],
    "categoryLabel": ["Murder"],
    "pageLabel": ["Top 100"],
    "browseNodeID": ["7130624011"],
    "medianSalesRank": [1336],
    "medianNPages": [338],
    "priceBreaks": [0, 0.99, 1.99, 2.99, 3.99, 4.99, 14.99],
    "priceCounts": [13, 8, 14, 12, 28, 25],
    "nIsInKU": [83],
    "nIsNotInKU": [17],
    "nReleases": [">10000"],
    "nLastThirtyReleases": ["233"],
    "nLastNinetyReleases": ["639"],
    "nPreorders": ["82"]
  },
  {
    "currentAnalysisName": ["X0029_noir_top100_7130625011_20190203.004734"],
    "analysisTimeString": ["20190203.004734"],
    "filenamesRoot": ["noir_top100"],
    "categoryLabel": ["Noir"],
    "pageLabel": ["Top 100"],
    "browseNodeID": ["7130625011"],
    "medianSalesRank": [7704],
    "medianNPages": [298],
    "priceBreaks": [0, 0.99, 1.99, 2.99, 3.99, 4.99, 14.99],
    "priceCounts": [12, 1, 34, 9, 30, 13],
    "nIsInKU": [82],
    "nIsNotInKU": [18],
    "nReleases": [">5000"],
    "nLastThirtyReleases": ["84"],
    "nLastNinetyReleases": ["223"],
    "nPreorders": ["45"]
  },
  {
    "currentAnalysisName": ["X0029_organized_crime_top100_7130626011_20190203.004828"],
    "analysisTimeString": ["20190203.004828"],
    "filenamesRoot": ["organized_crime_top100"],
    "categoryLabel": ["Organized Crime"],
    "pageLabel": ["Top 100"],
    "browseNodeID": ["7130626011"],
    "medianSalesRank": [6268],
    "medianNPages": [268],
    "priceBreaks": [0, 0.99, 1.99, 2.99, 3.99, 4.99, 9.99],
    "priceCounts": [13, 0, 25, 38, 12, 12],
    "nIsInKU": [84],
    "nIsNotInKU": [16],
    "nReleases": [">3000"],
    "nLastThirtyReleases": ["88"],
    "nLastNinetyReleases": ["210"],
    "nPreorders": ["39"]
  },
  {
    "currentAnalysisName": ["X0029_serial_killers_top100_7130627011_20190203.004920"],
    "analysisTimeString": ["20190203.004920"],
    "filenamesRoot": ["serial_killers_top100"],
    "categoryLabel": ["Serial Killers"],
    "pageLabel": ["Top 100"],
    "browseNodeID": ["7130627011"],
    "medianSalesRank": [2704],
    "medianNPages": [310],
    "priceBreaks": [0, 0.99, 1.99, 2.99, 3.99, 4.99, 14.99],
    "priceCounts": [17, 8, 20, 14, 17, 24],
    "nIsInKU": [92],
    "nIsNotInKU": [8],
    "nReleases": [">3000"],
    "nLastThirtyReleases": ["72"],
    "nLastNinetyReleases": ["184"],
    "nPreorders": ["36"]
  },
  {
    "currentAnalysisName": ["X0029_vigilante_justice_top100_7130628011_20190203.005012"],
    "analysisTimeString": ["20190203.005012"],
    "filenamesRoot": ["vigilante_justice_top100"],
    "categoryLabel": ["Vigilante Justice"],
    "pageLabel": ["Top 100"],
    "browseNodeID": ["7130628011"],
    "medianSalesRank": [5018],
    "medianNPages": [301],
    "priceBreaks": [0, 0.99, 1.99, 2.99, 3.99, 4.99, 9.99],
    "priceCounts": [15, 5, 6, 21, 41, 12],
    "nIsInKU": [97],
    "nIsNotInKU": [3],
    "nReleases": [">1000"],
    "nLastThirtyReleases": ["46"],
    "nLastNinetyReleases": ["137"],
    "nPreorders": ["21"]
  },
  {
    "currentAnalysisName": ["X0029_m_t_s_a_a_top100_6190464011_20190203.005104"],
    "analysisTimeString": ["20190203.005104"],
    "filenamesRoot": ["m_t_s_a_a_top100"],
    "categoryLabel": ["Mystery: African American"],
    "pageLabel": ["Top 100"],
    "browseNodeID": ["6190464011"],
    "medianSalesRank": [28091],
    "medianNPages": [255],
    "priceBreaks": [0, 0.99, 1.99, 2.99, 3.99, 4.99, 14.99],
    "priceCounts": [33, 4, 21, 14, 10, 18],
    "nIsInKU": [85],
    "nIsNotInKU": [15],
    "nReleases": [">2000"],
    "nLastThirtyReleases": ["52"],
    "nLastNinetyReleases": ["183"],
    "nPreorders": ["6"]
  },
  {
    "currentAnalysisName": ["X0029_cozy_mystery_top100_6190476011_20190203.005200"],
    "analysisTimeString": ["20190203.005200"],
    "filenamesRoot": ["cozy_mystery_top100"],
    "categoryLabel": ["Mystery: Cozy"],
    "pageLabel": ["Top 100"],
    "browseNodeID": ["6190476011"],
    "medianSalesRank": [2379],
    "medianNPages": [252],
    "priceBreaks": [0, 0.99, 1.99, 2.99, 3.99, 4.99, 14.99],
    "priceCounts": [32, 10, 20, 17, 13, 8],
    "nIsInKU": [80],
    "nIsNotInKU": [20],
    "nReleases": [">20000"],
    "nLastThirtyReleases": ["431"],
    "nLastNinetyReleases": [">1000"],
    "nPreorders": ["256"]
  },
  {
    "currentAnalysisName": ["X0029_hardboiled_mystery_top100_157312011_20190203.005253"],
    "analysisTimeString": ["20190203.005253"],
    "filenamesRoot": ["hardboiled_mystery_top100"],
    "categoryLabel": ["Mystery: Hard-Boiled"],
    "pageLabel": ["Top 100"],
    "browseNodeID": ["157312011"],
    "medianSalesRank": [7240],
    "medianNPages": [316],
    "priceBreaks": [0, 0.99, 1.99, 2.99, 3.99, 4.99, 13.99],
    "priceCounts": [12, 5, 7, 14, 37, 24],
    "nIsInKU": [76],
    "nIsNotInKU": [24],
    "nReleases": [">10000"],
    "nLastThirtyReleases": ["221"],
    "nLastNinetyReleases": ["649"],
    "nPreorders": ["78"]
  },
  {
    "currentAnalysisName": ["X0029_historical_mystery_top100_157313011_20190203.005347"],
    "analysisTimeString": ["20190203.005347"],
    "filenamesRoot": ["historical_mystery_top100"],
    "categoryLabel": ["Mystery: Historical"],
    "pageLabel": ["Top 100"],
    "browseNodeID": ["157313011"],
    "medianSalesRank": [5389],
    "medianNPages": [304],
    "priceBreaks": [0, 0.99, 1.99, 2.99, 3.99, 4.99, 15.99],
    "priceCounts": [16, 13, 8, 15, 28, 20],
    "nIsInKU": [69],
    "nIsNotInKU": [31],
    "nReleases": [">10000"],
    "nLastThirtyReleases": ["210"],
    "nLastNinetyReleases": ["623"],
    "nPreorders": ["105"]
  },
  {
    "currentAnalysisName": ["X0029_international_mystery_top100_6361461011_20190203.005441"],
    "analysisTimeString": ["20190203.005441"],
    "filenamesRoot": ["international_mystery_top100"],
    "categoryLabel": ["Mystery: International"],
    "pageLabel": ["Top 100"],
    "browseNodeID": ["6361461011"],
    "medianSalesRank": [2334],
    "medianNPages": [348],
    "priceBreaks": [0, 0.99, 1.99, 2.99, 3.99, 4.99, 14.99],
    "priceCounts": [10, 3, 5, 7, 27, 48],
    "nIsInKU": [69],
    "nIsNotInKU": [31],
    "nReleases": [">10000"],
    "nLastThirtyReleases": ["199"],
    "nLastNinetyReleases": ["704"],
    "nPreorders": ["95"]
  },
  {
    "currentAnalysisName": ["X0029_lgbt_mystery_top100_7130633011_20190203.005536"],
    "analysisTimeString": ["20190203.005536"],
    "filenamesRoot": ["lgbt_mystery_top100"],
    "categoryLabel": ["Mystery: LGBT"],
    "pageLabel": ["Top 100"],
    "browseNodeID": ["7130633011"],
    "medianSalesRank": [59737],
    "medianNPages": [274],
    "priceBreaks": [0, 0.99, 1.99, 2.99, 3.99, 4.99, 9.99],
    "priceCounts": [10, 0, 26, 27, 5, 31],
    "nIsInKU": [62],
    "nIsNotInKU": [38],
    "nReleases": [">2000"],
    "nLastThirtyReleases": ["21"],
    "nLastNinetyReleases": ["70"],
    "nPreorders": ["9"]
  },
  {
    "currentAnalysisName": ["X0029_police_procedurals_top100_157318011_20190203.005631"],
    "analysisTimeString": ["20190203.005631"],
    "filenamesRoot": ["police_procedurals_top100"],
    "categoryLabel": ["Police Procedurals"],
    "pageLabel": ["Top 100"],
    "browseNodeID": ["157318011"],
    "medianSalesRank": [759],
    "medianNPages": [344],
    "priceBreaks": [0, 0.99, 1.99, 2.99, 3.99, 4.99, 14.99],
    "priceCounts": [7, 10, 10, 17, 17, 39],
    "nIsInKU": [71],
    "nIsNotInKU": [29],
    "nReleases": [">20000"],
    "nLastThirtyReleases": ["323"],
    "nLastNinetyReleases": ["992"],
    "nPreorders": ["190"]
  },
  {
    "currentAnalysisName": ["X0029_private_eyes_top100_6190477011_20190203.005723"],
    "analysisTimeString": ["20190203.005723"],
    "filenamesRoot": ["private_eyes_top100"],
    "categoryLabel": ["Private Investigators"],
    "pageLabel": ["Top 100"],
    "browseNodeID": ["6190477011"],
    "medianSalesRank": [4397],
    "medianNPages": [318],
    "priceBreaks": [0, 0.99, 1.99, 2.99, 3.99, 4.99, 14.99],
    "priceCounts": [12, 10, 10, 15, 12, 41],
    "nIsInKU": [62],
    "nIsNotInKU": [38],
    "nReleases": [">10000"],
    "nLastThirtyReleases": ["241"],
    "nLastNinetyReleases": ["820"],
    "nPreorders": ["88"]
  },
  {
    "currentAnalysisName": ["X0029_traditional_detectives_top100_157309011_20190203.005815"],
    "analysisTimeString": ["20190203.005815"],
    "filenamesRoot": ["traditional_detectives_top100"],
    "categoryLabel": ["Traditional Detectives"],
    "pageLabel": ["Top 100"],
    "browseNodeID": ["157309011"],
    "medianSalesRank": [4847],
    "medianNPages": [259],
    "priceBreaks": [0, 0.99, 1.99, 2.99, 3.99, 4.99, 14.99],
    "priceCounts": [15, 6, 22, 8, 21, 28],
    "nIsInKU": [64],
    "nIsNotInKU": [36],
    "nReleases": [">10000"],
    "nLastThirtyReleases": ["167"],
    "nLastNinetyReleases": ["465"],
    "nPreorders": ["62"]
  },
  {
    "currentAnalysisName": ["X0029_women_sleuths_top100_157317011_20190203.005907"],
    "analysisTimeString": ["20190203.005907"],
    "filenamesRoot": ["women_sleuths_top100"],
    "categoryLabel": ["Women Sleuths"],
    "pageLabel": ["Top 100"],
    "browseNodeID": ["157317011"],
    "medianSalesRank": [1099],
    "medianNPages": [330],
    "priceBreaks": [0, 0.99, 1.99, 2.99, 3.99, 4.99, 14.99],
    "priceCounts": [17, 13, 6, 13, 17, 34],
    "nIsInKU": [80],
    "nIsNotInKU": [20],
    "nReleases": [">30000"],
    "nLastThirtyReleases": ["448"],
    "nLastNinetyReleases": [">1000"],
    "nPreorders": ["307"]
  },
  {
    "currentAnalysisName": ["X0029_ghosts_top100_7130635011_20190203.005957"],
    "analysisTimeString": ["20190203.005957"],
    "filenamesRoot": ["ghosts_top100"],
    "categoryLabel": ["Suspense: Ghosts"],
    "pageLabel": ["Top 100"],
    "browseNodeID": ["7130635011"],
    "medianSalesRank": [11268],
    "medianNPages": [320],
    "priceBreaks": [0, 0.99, 1.99, 2.99, 3.99, 4.99, 34.99],
    "priceCounts": [14, 4, 6, 28, 17, 28],
    "nIsInKU": [68],
    "nIsNotInKU": [32],
    "nReleases": [">2000"],
    "nLastThirtyReleases": ["21"],
    "nLastNinetyReleases": ["91"],
    "nPreorders": ["14"]
  },
  {
    "currentAnalysisName": ["X0029_suspense_horror_top100_7130636011_20190203.010054"],
    "analysisTimeString": ["20190203.010054"],
    "filenamesRoot": ["suspense_horror_top100"],
    "categoryLabel": ["Suspense: Horror"],
    "pageLabel": ["Top 100"],
    "browseNodeID": ["7130636011"],
    "medianSalesRank": [9556],
    "medianNPages": [358],
    "priceBreaks": [0, 0.99, 1.99, 2.99, 3.99, 4.99, 14.99],
    "priceCounts": [20, 5, 6, 22, 19, 28],
    "nIsInKU": [68],
    "nIsNotInKU": [32],
    "nReleases": [">5000"],
    "nLastThirtyReleases": ["85"],
    "nLastNinetyReleases": ["257"],
    "nPreorders": ["31"]
  },
  {
    "currentAnalysisName": ["X0029_suspense_occult_top100_7130637011_20190203.010147"],
    "analysisTimeString": ["20190203.010147"],
    "filenamesRoot": ["suspense_occult_top100"],
    "categoryLabel": ["Suspense: Occult"],
    "pageLabel": ["Top 100"],
    "browseNodeID": ["7130637011"],
    "medianSalesRank": [11211],
    "medianNPages": [338],
    "priceBreaks": [0, 0.99, 1.99, 2.99, 3.99, 4.99, 14.99],
    "priceCounts": [20, 4, 12, 23, 23, 18],
    "nIsInKU": [83],
    "nIsNotInKU": [17],
    "nReleases": [">2000"],
    "nLastThirtyReleases": ["38"],
    "nLastNinetyReleases": ["123"],
    "nPreorders": ["21"]
  },
  {
    "currentAnalysisName": ["X0029_suspense_paranormal_top100_7130638011_20190203.010241"],
    "analysisTimeString": ["20190203.010241"],
    "filenamesRoot": ["suspense_paranormal_top100"],
    "categoryLabel": ["Suspense: Paranormal"],
    "pageLabel": ["Top 100"],
    "browseNodeID": ["7130638011"],
    "medianSalesRank": [2189],
    "medianNPages": [324],
    "priceBreaks": [0, 0.99, 1.99, 2.99, 3.99, 4.99, 14.99],
    "priceCounts": [27, 4, 9, 34, 11, 15],
    "nIsInKU": [78],
    "nIsNotInKU": [22],
    "nReleases": [">10000"],
    "nLastThirtyReleases": ["412"],
    "nLastNinetyReleases": [">1000"],
    "nPreorders": ["142"]
  },
  {
    "currentAnalysisName": ["X0029_suspense_political_top100_6190490011_20190203.010334"],
    "analysisTimeString": ["20190203.010334"],
    "filenamesRoot": ["suspense_political_top100"],
    "categoryLabel": ["Suspense: Political"],
    "pageLabel": ["Top 100"],
    "browseNodeID": ["6190490011"],
    "medianSalesRank": [2727],
    "medianNPages": [365],
    "priceBreaks": [0, 0.99, 1.99, 2.99, 3.99, 4.99, 15.45],
    "priceCounts": [5, 8, 8, 8, 35, 36],
    "nIsInKU": [78],
    "nIsNotInKU": [22],
    "nReleases": [">7000"],
    "nLastThirtyReleases": ["106"],
    "nLastNinetyReleases": ["331"],
    "nPreorders": ["53"]
  },
  {
    "currentAnalysisName": ["X0029_psychological_fiction_top100_6190491011_20190203.010428"],
    "analysisTimeString": ["20190203.010428"],
    "filenamesRoot": ["psychological_fiction_top100"],
    "categoryLabel": ["Psychological Fiction"],
    "pageLabel": ["Top 100"],
    "browseNodeID": ["6190491011"],
    "medianSalesRank": [1194],
    "medianNPages": [336],
    "priceBreaks": [0, 0.99, 1.99, 2.99, 3.99, 4.99, 14.99],
    "priceCounts": [20, 12, 9, 16, 14, 29],
    "nIsInKU": [56],
    "nIsNotInKU": [44],
    "nReleases": [">10000"],
    "nLastThirtyReleases": ["237"],
    "nLastNinetyReleases": ["611"],
    "nPreorders": ["175"]
  },
  {
    "currentAnalysisName": ["X0029_assassinations_top100_7130643011_20190203.010521"],
    "analysisTimeString": ["20190203.010521"],
    "filenamesRoot": ["assassinations_top100"],
    "categoryLabel": ["Thrillers: Assassinations"],
    "pageLabel": ["Top 100"],
    "browseNodeID": ["7130643011"],
    "medianSalesRank": [3098],
    "medianNPages": [367],
    "priceBreaks": [0, 0.99, 1.99, 2.99, 3.99, 4.99, 14.99],
    "priceCounts": [4, 6, 8, 8, 34, 40],
    "nIsInKU": [73],
    "nIsNotInKU": [27],
    "nReleases": [">4000"],
    "nLastThirtyReleases": ["57"],
    "nLastNinetyReleases": ["163"],
    "nPreorders": ["41"]
  },
  {
    "currentAnalysisName": ["X0029_conspiracies_top100_7130644011_20190203.010615"],
    "analysisTimeString": ["20190203.010615"],
    "filenamesRoot": ["conspiracies_top100"],
    "categoryLabel": ["Thrillers: Conspiracies"],
    "pageLabel": ["Top 100"],
    "browseNodeID": ["7130644011"],
    "medianSalesRank": [2431],
    "medianNPages": [368],
    "priceBreaks": [0, 0.99, 1.99, 2.99, 3.99, 4.99, 14.99],
    "priceCounts": [5, 8, 13, 9, 30, 35],
    "nIsInKU": [83],
    "nIsNotInKU": [17],
    "nReleases": [">6000"],
    "nLastThirtyReleases": ["75"],
    "nLastNinetyReleases": ["217"],
    "nPreorders": ["53"]
  },
  {
    "currentAnalysisName": ["X0029_thrillers_crime_top100_6361462011_20190203.010708"],
    "analysisTimeString": ["20190203.010708"],
    "filenamesRoot": ["thrillers_crime_top100"],
    "categoryLabel": ["Thrillers: Crime"],
    "pageLabel": ["Top 100"],
    "browseNodeID": ["6361462011"],
    "medianSalesRank": [882],
    "medianNPages": [336],
    "priceBreaks": [0, 0.99, 1.99, 2.99, 3.99, 4.99, 14.99],
    "priceCounts": [13, 6, 8, 16, 22, 35],
    "nIsInKU": [65],
    "nIsNotInKU": [35],
    "nReleases": [">30000"],
    "nLastThirtyReleases": ["665"],
    "nLastNinetyReleases": [">1000"],
    "nPreorders": ["313"]
  },
  {
    "currentAnalysisName": ["X0029_espionage_top100_157322011_20190203.010758"],
    "analysisTimeString": ["20190203.010758"],
    "filenamesRoot": ["espionage_top100"],
    "categoryLabel": ["Thrillers: Espionage"],
    "pageLabel": ["Top 100"],
    "browseNodeID": ["157322011"],
    "medianSalesRank": [2766],
    "medianNPages": [372],
    "priceBreaks": [0, 0.99, 1.99, 2.99, 3.99, 4.99, 14.99],
    "priceCounts": [5, 9, 8, 13, 21, 44],
    "nIsInKU": [75],
    "nIsNotInKU": [25],
    "nReleases": [">10000"],
    "nLastThirtyReleases": ["130"],
    "nLastNinetyReleases": ["453"],
    "nPreorders": ["72"]
  },
  {
    "currentAnalysisName": ["X0029_financial_top100_7130645011_20190203.010851"],
    "analysisTimeString": ["20190203.010851"],
    "filenamesRoot": ["financial_top100"],
    "categoryLabel": ["Thrillers: Financial"],
    "pageLabel": ["Top 100"],
    "browseNodeID": ["7130645011"],
    "medianSalesRank": [10207],
    "medianNPages": [332],
    "priceBreaks": [0, 0.99, 1.99, 2.99, 3.99, 4.99, 9.99],
    "priceCounts": [9, 2, 22, 18, 36, 13],
    "nIsInKU": [75],
    "nIsNotInKU": [25],
    "nReleases": [">1000"],
    "nLastThirtyReleases": ["22"],
    "nLastNinetyReleases": ["61"],
    "nPreorders": ["8"]
  },
  {
    "currentAnalysisName": ["X0029_thrillers_historical_top100_6361463011_20190203.010947"],
    "analysisTimeString": ["20190203.010947"],
    "filenamesRoot": ["thrillers_historical_top100"],
    "categoryLabel": ["Thrillers: Historical"],
    "pageLabel": ["Top 100"],
    "browseNodeID": ["6361463011"],
    "medianSalesRank": [8818],
    "medianNPages": [355],
    "priceBreaks": [0, 0.99, 1.99, 2.99, 3.99, 4.99, 15.99],
    "priceCounts": [11, 6, 17, 7, 22, 37],
    "nIsInKU": [64],
    "nIsNotInKU": [36],
    "nReleases": [">7000"],
    "nLastThirtyReleases": ["105"],
    "nLastNinetyReleases": ["330"],
    "nPreorders": ["56"]
  },
  {
    "currentAnalysisName": ["X0029_thrillers_legal_top100_157321011_20190203.011111"],
    "analysisTimeString": ["20190203.011111"],
    "filenamesRoot": ["thrillers_legal_top100"],
    "categoryLabel": ["Thrillers: Legal"],
    "pageLabel": ["Top 100"],
    "browseNodeID": ["157321011"],
    "medianSalesRank": [4055],
    "medianNPages": [348],
    "priceBreaks": [0, 0.99, 1.99, 2.99, 3.99, 4.99, 14.99],
    "priceCounts": [8, 5, 10, 9, 37, 31],
    "nIsInKU": [75],
    "nIsNotInKU": [25],
    "nReleases": [">6000"],
    "nLastThirtyReleases": ["248"],
    "nLastNinetyReleases": ["703"],
    "nPreorders": ["30"]
  },
  {
    "currentAnalysisName": ["X0029_thrillers_medical_top100_2225099011_20190203.011204"],
    "analysisTimeString": ["20190203.011204"],
    "filenamesRoot": ["thrillers_medical_top100"],
    "categoryLabel": ["Thrillers: Medical"],
    "pageLabel": ["Top 100"],
    "browseNodeID": ["2225099011"],
    "medianSalesRank": [16932],
    "medianNPages": [352],
    "priceBreaks": [0, 0.99, 1.99, 2.99, 3.99, 4.99, 14.99],
    "priceCounts": [3, 7, 12, 15, 23, 39],
    "nIsInKU": [65],
    "nIsNotInKU": [35],
    "nReleases": [">3000"],
    "nLastThirtyReleases": ["47"],
    "nLastNinetyReleases": ["120"],
    "nPreorders": ["29"]
  },
  {
    "currentAnalysisName": ["X0029_thrillers_military_top100_6361464011_20190203.011259"],
    "analysisTimeString": ["20190203.011259"],
    "filenamesRoot": ["thrillers_military_top100"],
    "categoryLabel": ["Thrillers: Military"],
    "pageLabel": ["Top 100"],
    "browseNodeID": ["6361464011"],
    "medianSalesRank": [4443],
    "medianNPages": [360],
    "priceBreaks": [0, 0.99, 1.99, 2.99, 3.99, 4.99, 15.45],
    "priceCounts": [3, 9, 9, 11, 23, 44],
    "nIsInKU": [66],
    "nIsNotInKU": [34],
    "nReleases": [">5000"],
    "nLastThirtyReleases": ["82"],
    "nLastNinetyReleases": ["216"],
    "nPreorders": ["53"]
  },
  {
    "currentAnalysisName": ["X0029_pulp_top100_7130646011_20190203.011354"],
    "analysisTimeString": ["20190203.011354"],
    "filenamesRoot": ["pulp_top100"],
    "categoryLabel": ["Thrillers:Pulp"],
    "pageLabel": ["Top 100"],
    "browseNodeID": ["7130646011"],
    "medianSalesRank": [4227],
    "medianNPages": [314],
    "priceBreaks": [0, 0.99, 1.99, 2.99, 3.99, 4.99, 9.99],
    "priceCounts": [12, 0, 10, 19, 48, 11],
    "nIsInKU": [96],
    "nIsNotInKU": [4],
    "nReleases": [">2000"],
    "nLastThirtyReleases": ["40"],
    "nLastNinetyReleases": ["134"],
    "nPreorders": ["16"]
  },
  {
    "currentAnalysisName": ["X0029_technothrillers_top100_157324011_20190203.011446"],
    "analysisTimeString": ["20190203.011446"],
    "filenamesRoot": ["technothrillers_top100"],
    "categoryLabel": ["Technothrillers"],
    "pageLabel": ["Top 100"],
    "browseNodeID": ["157324011"],
    "medianSalesRank": [4496],
    "medianNPages": [371],
    "priceBreaks": [0, 0.99, 1.99, 2.99, 3.99, 4.99, 16.99],
    "priceCounts": [8, 4, 14, 20, 17, 37],
    "nIsInKU": [79],
    "nIsNotInKU": [21],
    "nReleases": [">6000"],
    "nLastThirtyReleases": ["59"],
    "nLastNinetyReleases": ["217"],
    "nPreorders": ["30"]
  },
  {
    "currentAnalysisName": ["X0029_thrillers_terrorism_top100_7130647011_20190203.011539"],
    "analysisTimeString": ["20190203.011539"],
    "filenamesRoot": ["thrillers_terrorism_top100"],
    "categoryLabel": ["Thrillers:Terrorism"],
    "pageLabel": ["Top 100"],
    "browseNodeID": ["7130647011"],
    "medianSalesRank": [4464],
    "medianNPages": [361],
    "priceBreaks": [0, 0.99, 1.99, 2.99, 3.99, 4.99, 15.45],
    "priceCounts": [3, 4, 15, 12, 33, 33],
    "nIsInKU": [75],
    "nIsNotInKU": [25],
    "nReleases": [">5000"],
    "nLastThirtyReleases": ["68"],
    "nLastNinetyReleases": ["212"],
    "nPreorders": ["38"]
  }
]
