[
  {
    "currentAnalysisName": ["X0039_sff_top100_668010011_20190703.023016"],
    "analysisTimeString": ["20190703.023016"],
    "filenamesRoot": ["sff_top100"],
    "categoryLabel": ["Science Fiction & Fantasy"],
    "pageLabel": ["Top 100"],
    "browseNodeID": ["668010011"],
    "medianSalesRank": [380],
    "medianNPages": [338],
    "priceBreaks": [0, 0.99, 1.99, 2.99, 3.99, 4.99, 14.99],
    "priceCounts": [8, 7, 13, 18, 26, 28],
    "nIsInKU": [83],
    "nIsNotInKU": [17],
    "nReleases": [">50000"],
    "nLastThirtyReleases": [">7000"],
    "nLastNinetyReleases": [">20000"],
    "nPreorders": [">2000"]
  },
  {
    "currentAnalysisName": ["X0039_alternative_history_top100_6157855011_20190703.023123"],
    "analysisTimeString": ["20190703.023123"],
    "filenamesRoot": ["alternative_history_top100"],
    "categoryLabel": ["Alternative History"],
    "pageLabel": ["Top 100"],
    "browseNodeID": ["6157855011"],
    "medianSalesRank": [12161],
    "medianNPages": [357],
    "priceBreaks": [0, 0.99, 1.99, 2.99, 3.99, 4.99, 14.99],
    "priceCounts": [6, 3, 23, 19, 25, 22],
    "nIsInKU": [76],
    "nIsNotInKU": [24],
    "nReleases": [">10000"],
    "nLastThirtyReleases": ["431"],
    "nLastNinetyReleases": [">1000"],
    "nPreorders": ["46"]
  },
  {
    "currentAnalysisName": ["X0039_dystopian_top100_6361470011_20190703.023227"],
    "analysisTimeString": ["20190703.023227"],
    "filenamesRoot": ["dystopian_top100"],
    "categoryLabel": ["Dystopian"],
    "pageLabel": ["Top 100"],
    "browseNodeID": ["6361470011"],
    "medianSalesRank": [2417],
    "medianNPages": [343],
    "priceBreaks": [0, 0.99, 1.99, 2.99, 3.99, 4.99, 14.99],
    "priceCounts": [11, 7, 23, 18, 17, 24],
    "nIsInKU": [82],
    "nIsNotInKU": [18],
    "nReleases": [">30000"],
    "nLastThirtyReleases": ["538"],
    "nLastNinetyReleases": [">1000"],
    "nPreorders": ["181"]
  },
  {
    "currentAnalysisName": ["X0039_fairy_tales_top100_7588857011_20190703.023319"],
    "analysisTimeString": ["20190703.023319"],
    "filenamesRoot": ["fairy_tales_top100"],
    "categoryLabel": ["Fairy Tales"],
    "pageLabel": ["Top 100"],
    "browseNodeID": ["7588857011"],
    "medianSalesRank": [8865],
    "medianNPages": [278],
    "priceBreaks": [0, 0.99, 1.99, 2.99, 3.99, 4.99, 13.99],
    "priceCounts": [16, 2, 26, 22, 19, 15],
    "nIsInKU": [89],
    "nIsNotInKU": [11],
    "nReleases": [">6000"],
    "nLastThirtyReleases": ["114"],
    "nLastNinetyReleases": ["279"],
    "nPreorders": ["36"]
  },
  {
    "currentAnalysisName": ["X0039_post_apocalyptic_top100_6361471011_20190703.023410"],
    "analysisTimeString": ["20190703.023410"],
    "filenamesRoot": ["post_apocalyptic_top100"],
    "categoryLabel": ["Post-Apocalyptic"],
    "pageLabel": ["Top 100"],
    "browseNodeID": ["6361471011"],
    "medianSalesRank": [2380],
    "medianNPages": [356],
    "priceBreaks": [0, 0.99, 1.99, 2.99, 3.99, 4.99, 14.99],
    "priceCounts": [15, 4, 24, 15, 19, 23],
    "nIsInKU": [85],
    "nIsNotInKU": [15],
    "nReleases": [">20000"],
    "nLastThirtyReleases": ["476"],
    "nLastNinetyReleases": [">1000"],
    "nPreorders": ["143"]
  },
  {
    "currentAnalysisName": ["X0039_w_and_s_top100_6401742011_20190703.023500"],
    "analysisTimeString": ["20190703.023500"],
    "filenamesRoot": ["w_and_s_top100"],
    "categoryLabel": ["Werewolves & Shifters"],
    "pageLabel": ["Top 100"],
    "browseNodeID": ["6401742011"],
    "medianSalesRank": [1527],
    "medianNPages": [254],
    "priceBreaks": [0, 0.99, 1.99, 2.99, 3.99, 4.99, 13.99],
    "priceCounts": [39, 0, 22, 20, 15, 4],
    "nIsInKU": [93],
    "nIsNotInKU": [7],
    "nReleases": [">20000"],
    "nLastThirtyReleases": ["349"],
    "nLastNinetyReleases": ["903"],
    "nPreorders": ["146"]
  },
  {
    "currentAnalysisName": ["X0039_pn_uf_top100_7006662011_20190703.023551"],
    "analysisTimeString": ["20190703.023551"],
    "filenamesRoot": ["pn_uf_top100"],
    "categoryLabel": ["Paranormal and Urban Fantasy"],
    "pageLabel": ["Top 100"],
    "browseNodeID": ["7006662011"],
    "medianSalesRank": [3342],
    "medianNPages": [284],
    "priceBreaks": [0, 0.99, 1.99, 2.99, 3.99, 4.99, 10.99],
    "priceCounts": [10, 0, 26, 38, 17, 9],
    "nIsInKU": [98],
    "nIsNotInKU": [2],
    "nReleases": [">10000"],
    "nLastThirtyReleases": ["181"],
    "nLastNinetyReleases": ["502"],
    "nPreorders": ["151"]
  },
  {
    "currentAnalysisName": ["X0039_dark_fantasy_top100_157062011_20190703.023642"],
    "analysisTimeString": ["20190703.023642"],
    "filenamesRoot": ["dark_fantasy_top100"],
    "categoryLabel": ["Horror: Dark Fantasy"],
    "pageLabel": ["Top 100"],
    "browseNodeID": ["157062011"],
    "medianSalesRank": [2765],
    "medianNPages": [346],
    "priceBreaks": [0, 0.99, 1.99, 2.99, 3.99, 4.99, 13.99],
    "priceCounts": [6, 5, 14, 23, 42, 10],
    "nIsInKU": [88],
    "nIsNotInKU": [12],
    "nReleases": [">20000"],
    "nLastThirtyReleases": ["527"],
    "nLastNinetyReleases": [">1000"],
    "nPreorders": ["227"]
  }
]
