[
  {
    "currentAnalysisName": ["X0044_sff_top100_668010011_20191007.025852"],
    "analysisTimeString": ["20191007.025852"],
    "filenamesRoot": ["sff_top100"],
    "categoryLabel": ["Science Fiction & Fantasy"],
    "pageLabel": ["Top 100"],
    "browseNodeID": ["668010011"],
    "medianSalesRank": [360],
    "medianNPages": [352],
    "priceBreaks": [0, 0.99, 1.99, 2.99, 3.99, 4.99, 14.99],
    "priceCounts": [11, 13, 10, 19, 22, 25],
    "nIsInKU": [85],
    "nIsNotInKU": [15],
    "nReleases": [">50000"],
    "nLastThirtyReleases": [">8000"],
    "nLastNinetyReleases": [">20000"],
    "nPreorders": [">2000"]
  },
  {
    "currentAnalysisName": ["X0044_alternative_history_top100_6157855011_20191007.025959"],
    "analysisTimeString": ["20191007.025959"],
    "filenamesRoot": ["alternative_history_top100"],
    "categoryLabel": ["Alternative History"],
    "pageLabel": ["Top 100"],
    "browseNodeID": ["6157855011"],
    "medianSalesRank": [18037],
    "medianNPages": [340],
    "priceBreaks": [0, 0.99, 1.99, 2.99, 3.99, 4.99, 14.99],
    "priceCounts": [9, 3, 13, 25, 28, 22],
    "nIsInKU": [74],
    "nIsNotInKU": [26],
    "nReleases": [">10000"],
    "nLastThirtyReleases": ["503"],
    "nLastNinetyReleases": [">1000"],
    "nPreorders": ["42"]
  },
  {
    "currentAnalysisName": ["X0044_dystopian_top100_6361470011_20191007.030106"],
    "analysisTimeString": ["20191007.030106"],
    "filenamesRoot": ["dystopian_top100"],
    "categoryLabel": ["Dystopian"],
    "pageLabel": ["Top 100"],
    "browseNodeID": ["6361470011"],
    "medianSalesRank": [2433],
    "medianNPages": [385],
    "priceBreaks": [0, 0.99, 1.99, 2.99, 3.99, 4.99, 14.99],
    "priceCounts": [15, 8, 19, 15, 14, 28],
    "nIsInKU": [81],
    "nIsNotInKU": [19],
    "nReleases": [">30000"],
    "nLastThirtyReleases": ["528"],
    "nLastNinetyReleases": [">1000"],
    "nPreorders": ["223"]
  },
  {
    "currentAnalysisName": ["X0044_fairy_tales_top100_7588857011_20191007.030206"],
    "analysisTimeString": ["20191007.030206"],
    "filenamesRoot": ["fairy_tales_top100"],
    "categoryLabel": ["Fairy Tales"],
    "pageLabel": ["Top 100"],
    "browseNodeID": ["7588857011"],
    "medianSalesRank": [9762],
    "medianNPages": [269],
    "priceBreaks": [0, 0.99, 1.99, 2.99, 3.99, 4.99, 12.99],
    "priceCounts": [12, 2, 25, 21, 29, 11],
    "nIsInKU": [88],
    "nIsNotInKU": [12],
    "nReleases": [">7000"],
    "nLastThirtyReleases": ["142"],
    "nLastNinetyReleases": ["323"],
    "nPreorders": ["80"]
  },
  {
    "currentAnalysisName": ["X0044_post_apocalyptic_top100_6361471011_20191007.030306"],
    "analysisTimeString": ["20191007.030306"],
    "filenamesRoot": ["post_apocalyptic_top100"],
    "categoryLabel": ["Post-Apocalyptic"],
    "pageLabel": ["Top 100"],
    "browseNodeID": ["6361471011"],
    "medianSalesRank": [2515],
    "medianNPages": [381],
    "priceBreaks": [0, 0.99, 1.99, 2.99, 3.99, 4.99, 14.99],
    "priceCounts": [17, 8, 19, 18, 17, 21],
    "nIsInKU": [85],
    "nIsNotInKU": [15],
    "nReleases": [">30000"],
    "nLastThirtyReleases": ["490"],
    "nLastNinetyReleases": [">1000"],
    "nPreorders": ["138"]
  },
  {
    "currentAnalysisName": ["X0044_w_and_s_top100_6401742011_20191007.030408"],
    "analysisTimeString": ["20191007.030408"],
    "filenamesRoot": ["w_and_s_top100"],
    "categoryLabel": ["Werewolves & Shifters"],
    "pageLabel": ["Top 100"],
    "browseNodeID": ["6401742011"],
    "medianSalesRank": [1896],
    "medianNPages": [274],
    "priceBreaks": [0, 0.99, 1.99, 2.99, 3.99, 4.99, 13.99],
    "priceCounts": [32, 1, 27, 23, 13, 4],
    "nIsInKU": [88],
    "nIsNotInKU": [12],
    "nReleases": [">20000"],
    "nLastThirtyReleases": ["326"],
    "nLastNinetyReleases": ["843"],
    "nPreorders": ["192"]
  },
  {
    "currentAnalysisName": ["X0044_pn_uf_top100_6157853011_20191007.030511"],
    "analysisTimeString": ["20191007.030511"],
    "filenamesRoot": ["pn_uf_top100"],
    "categoryLabel": ["Paranormal and Urban Fantasy"],
    "pageLabel": ["Top 100"],
    "browseNodeID": ["6157853011"],
    "medianSalesRank": [779],
    "medianNPages": [300],
    "priceBreaks": [0, 0.99, 1.99, 2.99, 3.99, 4.99, 14.99],
    "priceCounts": [11, 2, 11, 30, 29, 17],
    "nIsInKU": [90],
    "nIsNotInKU": [10],
    "nReleases": [">50000"],
    "nLastThirtyReleases": [">1000"],
    "nLastNinetyReleases": [">3000"],
    "nPreorders": ["811"]
  },
  {
    "currentAnalysisName": ["X0044_dark_fantasy_top100_157062011_20191007.030613"],
    "analysisTimeString": ["20191007.030613"],
    "filenamesRoot": ["dark_fantasy_top100"],
    "categoryLabel": ["Horror: Dark Fantasy"],
    "pageLabel": ["Top 100"],
    "browseNodeID": ["157062011"],
    "medianSalesRank": [3181],
    "medianNPages": [361],
    "priceBreaks": [0, 0.99, 1.99, 2.99, 3.99, 4.99, 14.99],
    "priceCounts": [8, 0, 13, 20, 38, 21],
    "nIsInKU": [96],
    "nIsNotInKU": [4],
    "nReleases": [">20000"],
    "nLastThirtyReleases": ["481"],
    "nLastNinetyReleases": [">1000"],
    "nPreorders": ["232"]
  }
]
