[
  {
    "currentAnalysisName": ["X0031_sff_top100_668010011_20190309.231208"],
    "analysisTimeString": ["20190309.231208"],
    "filenamesRoot": ["sff_top100"],
    "categoryLabel": ["Science Fiction & Fantasy"],
    "pageLabel": ["Top 100"],
    "browseNodeID": ["668010011"],
    "medianSalesRank": [331],
    "medianNPages": [358],
    "priceBreaks": [0, 0.99, 1.99, 2.99, 3.99, 4.99, 13.99],
    "priceCounts": [16, 4, 13, 16, 22, 29],
    "nIsInKU": [81],
    "nIsNotInKU": [19],
    "nReleases": [">50000"],
    "nLastThirtyReleases": [">8000"],
    "nLastNinetyReleases": [">20000"],
    "nPreorders": [">2000"]
  },
  {
    "currentAnalysisName": ["X0031_alternative_history_top100_6157855011_20190309.231307"],
    "analysisTimeString": ["20190309.231307"],
    "filenamesRoot": ["alternative_history_top100"],
    "categoryLabel": ["Alternative History"],
    "pageLabel": ["Top 100"],
    "browseNodeID": ["6157855011"],
    "medianSalesRank": [16011],
    "medianNPages": [352],
    "priceBreaks": [0, 0.99, 1.99, 2.99, 3.99, 4.99, 16.99],
    "priceCounts": [9, 3, 18, 29, 22, 19],
    "nIsInKU": [75],
    "nIsNotInKU": [25],
    "nReleases": [">10000"],
    "nLastThirtyReleases": ["817"],
    "nLastNinetyReleases": [">2000"],
    "nPreorders": ["36"]
  },
  {
    "currentAnalysisName": ["X0031_dystopian_top100_6361470011_20190309.231406"],
    "analysisTimeString": ["20190309.231406"],
    "filenamesRoot": ["dystopian_top100"],
    "categoryLabel": ["Dystopian"],
    "pageLabel": ["Top 100"],
    "browseNodeID": ["6361470011"],
    "medianSalesRank": [2740],
    "medianNPages": [339],
    "priceBreaks": [0, 0.99, 1.99, 2.99, 3.99, 4.99, 14.99],
    "priceCounts": [16, 8, 19, 14, 20, 23],
    "nIsInKU": [76],
    "nIsNotInKU": [24],
    "nReleases": [">30000"],
    "nLastThirtyReleases": ["660"],
    "nLastNinetyReleases": [">2000"],
    "nPreorders": ["179"]
  },
  {
    "currentAnalysisName": ["X0031_fairy_tales_top100_7588857011_20190309.231504"],
    "analysisTimeString": ["20190309.231504"],
    "filenamesRoot": ["fairy_tales_top100"],
    "categoryLabel": ["Fairy Tales"],
    "pageLabel": ["Top 100"],
    "browseNodeID": ["7588857011"],
    "medianSalesRank": [10099],
    "medianNPages": [269],
    "priceBreaks": [0, 0.99, 1.99, 2.99, 3.99, 4.99, 12.99],
    "priceCounts": [17, 3, 28, 25, 22, 5],
    "nIsInKU": [88],
    "nIsNotInKU": [12],
    "nReleases": [">6000"],
    "nLastThirtyReleases": ["137"],
    "nLastNinetyReleases": ["356"],
    "nPreorders": ["46"]
  },
  {
    "currentAnalysisName": ["X0031_post_apocalyptic_top100_6361471011_20190309.231606"],
    "analysisTimeString": ["20190309.231606"],
    "filenamesRoot": ["post_apocalyptic_top100"],
    "categoryLabel": ["Post-Apocalyptic"],
    "pageLabel": ["Top 100"],
    "browseNodeID": ["6361471011"],
    "medianSalesRank": [2887],
    "medianNPages": [352],
    "priceBreaks": [0, 0.99, 1.99, 2.99, 3.99, 4.99, 14.99],
    "priceCounts": [26, 5, 20, 15, 13, 21],
    "nIsInKU": [81],
    "nIsNotInKU": [19],
    "nReleases": [">20000"],
    "nLastThirtyReleases": ["460"],
    "nLastNinetyReleases": [">1000"],
    "nPreorders": ["163"]
  },
  {
    "currentAnalysisName": ["X0031_w_and_s_top100_6401742011_20190309.231706"],
    "analysisTimeString": ["20190309.231706"],
    "filenamesRoot": ["w_and_s_top100"],
    "categoryLabel": ["Werewolves & Shifters"],
    "pageLabel": ["Top 100"],
    "browseNodeID": ["6401742011"],
    "medianSalesRank": [1353],
    "medianNPages": [274],
    "priceBreaks": [0, 0.99, 1.99, 2.99, 3.99, 4.99, 13.99],
    "priceCounts": [45, 0, 25, 18, 7, 5],
    "nIsInKU": [96],
    "nIsNotInKU": [4],
    "nReleases": [">20000"],
    "nLastThirtyReleases": ["366"],
    "nLastNinetyReleases": ["903"],
    "nPreorders": ["161"]
  },
  {
    "currentAnalysisName": ["X0031_pn_uf_top100_7006662011_20190309.231805"],
    "analysisTimeString": ["20190309.231805"],
    "filenamesRoot": ["pn_uf_top100"],
    "categoryLabel": ["Paranormal and Urban Fantasy"],
    "pageLabel": ["Top 100"],
    "browseNodeID": ["7006662011"],
    "medianSalesRank": [4624],
    "medianNPages": [304],
    "priceBreaks": [0, 0.99, 1.99, 2.99, 3.99, 4.99, 12.99],
    "priceCounts": [15, 1, 19, 43, 13, 9],
    "nIsInKU": [92],
    "nIsNotInKU": [8],
    "nReleases": [">10000"],
    "nLastThirtyReleases": ["129"],
    "nLastNinetyReleases": ["399"],
    "nPreorders": ["94"]
  },
  {
    "currentAnalysisName": ["X0031_dark_fantasy_top100_157062011_20190309.231904"],
    "analysisTimeString": ["20190309.231904"],
    "filenamesRoot": ["dark_fantasy_top100"],
    "categoryLabel": ["Horror: Dark Fantasy"],
    "pageLabel": ["Top 100"],
    "browseNodeID": ["157062011"],
    "medianSalesRank": [2927],
    "medianNPages": [326],
    "priceBreaks": [0, 0.99, 1.99, 2.99, 3.99, 4.99, 13.99],
    "priceCounts": [10, 0, 22, 26, 32, 10],
    "nIsInKU": [95],
    "nIsNotInKU": [5],
    "nReleases": [">20000"],
    "nLastThirtyReleases": ["522"],
    "nLastNinetyReleases": [">1000"],
    "nPreorders": ["212"]
  }
]
