[
  {
    "currentAnalysisName": ["X0033_romance_top100_158566011_20190405.134835"],
    "analysisTimeString": ["20190405.134835"],
    "filenamesRoot": ["romance_top100"],
    "categoryLabel": ["Romance"],
    "pageLabel": ["Top 100"],
    "browseNodeID": ["158566011"],
    "medianSalesRank": [109],
    "medianNPages": [328],
    "priceBreaks": [0, 0.99, 1.99, 2.99, 3.99, 4.99, 13.99],
    "priceCounts": [29, 9, 18, 13, 19, 12],
    "nIsInKU": [80],
    "nIsNotInKU": [20],
    "nReleases": [">50000"],
    "nLastThirtyReleases": [">10000"],
    "nLastNinetyReleases": [">30000"],
    "nPreorders": [">4000"]
  },
  {
    "currentAnalysisName": ["X0033_african_american_top100_6190465011_20190405.134937"],
    "analysisTimeString": ["20190405.134937"],
    "filenamesRoot": ["african_american_top100"],
    "categoryLabel": ["African American"],
    "pageLabel": ["Top 100"],
    "browseNodeID": ["6190465011"],
    "medianSalesRank": [2811],
    "medianNPages": [182],
    "priceBreaks": [0, 0.99, 1.99, 2.99, 3.99, 4.99, 9.99],
    "priceCounts": [39, 2, 28, 5, 4, 22],
    "nIsInKU": [96],
    "nIsNotInKU": [4],
    "nReleases": [">10000"],
    "nLastThirtyReleases": ["331"],
    "nLastNinetyReleases": ["992"],
    "nPreorders": ["61"]
  },
  {
    "currentAnalysisName": ["X0033_clean_and_wholesome_top100_11650867011_20190405.135036"],
    "analysisTimeString": ["20190405.135036"],
    "filenamesRoot": ["clean_and_wholesome_top100"],
    "categoryLabel": ["Clean & Wholesome"],
    "pageLabel": ["Top 100"],
    "browseNodeID": ["11650867011"],
    "medianSalesRank": [2518],
    "medianNPages": [292],
    "priceBreaks": [0, 0.99, 1.99, 2.99, 3.99, 4.99, 13.99],
    "priceCounts": [42, 4, 8, 28, 11, 7],
    "nIsInKU": [91],
    "nIsNotInKU": [9],
    "nReleases": [">7000"],
    "nLastThirtyReleases": ["174"],
    "nLastNinetyReleases": ["492"],
    "nPreorders": ["154"]
  },
  {
    "currentAnalysisName": ["X0033_contemporary_top100_158568011_20190405.135137"],
    "analysisTimeString": ["20190405.135137"],
    "filenamesRoot": ["contemporary_top100"],
    "categoryLabel": ["Contemporary"],
    "pageLabel": ["Top 100"],
    "browseNodeID": ["158568011"],
    "medianSalesRank": [201],
    "medianNPages": [296],
    "priceBreaks": [0, 0.99, 1.99, 2.99, 3.99, 4.99, 14.99],
    "priceCounts": [30, 10, 22, 14, 12, 12],
    "nIsInKU": [77],
    "nIsNotInKU": [23],
    "nReleases": [">50000"],
    "nLastThirtyReleases": [">2000"],
    "nLastNinetyReleases": [">8000"],
    "nPreorders": [">1000"]
  },
  {
    "currentAnalysisName": ["X0033_gothic_top100_6487830011_20190405.135232"],
    "analysisTimeString": ["20190405.135232"],
    "filenamesRoot": ["gothic_top100"],
    "categoryLabel": ["Gothic"],
    "pageLabel": ["Top 100"],
    "browseNodeID": ["6487830011"],
    "medianSalesRank": [6698],
    "medianNPages": [253],
    "priceBreaks": [0, 0.99, 1.99, 2.99, 3.99, 4.99, 9.99],
    "priceCounts": [21, 1, 5, 32, 33, 8],
    "nIsInKU": [89],
    "nIsNotInKU": [11],
    "nReleases": [">2000"],
    "nLastThirtyReleases": ["54"],
    "nLastNinetyReleases": ["162"],
    "nPreorders": ["19"]
  },
  {
    "currentAnalysisName": ["X0033_historical_romance_top100_158571011_20190405.135332"],
    "analysisTimeString": ["20190405.135332"],
    "filenamesRoot": ["historical_romance_top100"],
    "categoryLabel": ["Historical Romance"],
    "pageLabel": ["Top 100"],
    "browseNodeID": ["158571011"],
    "medianSalesRank": [1581],
    "medianNPages": [338],
    "priceBreaks": [0, 0.99, 1.99, 2.99, 3.99, 4.99, 11.99],
    "priceCounts": [46, 7, 9, 13, 14, 11],
    "nIsInKU": [73],
    "nIsNotInKU": [27],
    "nReleases": [">50000"],
    "nLastThirtyReleases": ["691"],
    "nLastNinetyReleases": [">2000"],
    "nPreorders": ["412"]
  },
  {
    "currentAnalysisName": ["X0033_gay_romance_top100_6487829011_20190405.135432"],
    "analysisTimeString": ["20190405.135432"],
    "filenamesRoot": ["gay_romance_top100"],
    "categoryLabel": ["Gay Romance"],
    "pageLabel": ["Top 100"],
    "browseNodeID": ["6487829011"],
    "medianSalesRank": [2983],
    "medianNPages": [229],
    "priceBreaks": [0, 0.99, 1.99, 2.99, 3.99, 4.99, 6.99],
    "priceCounts": [10, 0, 25, 44, 18, 3],
    "nIsInKU": [91],
    "nIsNotInKU": [9],
    "nReleases": [">40000"],
    "nLastThirtyReleases": ["814"],
    "nLastNinetyReleases": [">2000"],
    "nPreorders": ["221"]
  },
  {
    "currentAnalysisName": ["X0033_lesbian_romance_top100_6487835011_20190405.135534"],
    "analysisTimeString": ["20190405.135534"],
    "filenamesRoot": ["lesbian_romance_top100"],
    "categoryLabel": ["Lesbian Romance"],
    "pageLabel": ["Top 100"],
    "browseNodeID": ["6487835011"],
    "medianSalesRank": [17170],
    "medianNPages": [228],
    "priceBreaks": [0, 0.99, 1.99, 2.99, 3.99, 4.99, 9.99],
    "priceCounts": [5, 2, 15, 16, 21, 41],
    "nIsInKU": [78],
    "nIsNotInKU": [22],
    "nReleases": [">10000"],
    "nLastThirtyReleases": ["276"],
    "nLastNinetyReleases": ["635"],
    "nPreorders": ["55"]
  },
  {
    "currentAnalysisName": ["X0033_bisexual_top100_10886542011_20190405.135632"],
    "analysisTimeString": ["20190405.135632"],
    "filenamesRoot": ["bisexual_top100"],
    "categoryLabel": ["Bisexual"],
    "pageLabel": ["Top 100"],
    "browseNodeID": ["10886542011"],
    "medianSalesRank": [9837],
    "medianNPages": [259],
    "priceBreaks": [0, 0.99, 1.99, 2.99, 3.99, 4.99, 12.99],
    "priceCounts": [12, 1, 33, 32, 15, 7],
    "nIsInKU": [90],
    "nIsNotInKU": [10],
    "nReleases": [">6000"],
    "nLastThirtyReleases": ["267"],
    "nLastNinetyReleases": ["539"],
    "nPreorders": ["44"]
  },
  {
    "currentAnalysisName": ["X0033_military_top100_6487836011_20190405.135731"],
    "analysisTimeString": ["20190405.135731"],
    "filenamesRoot": ["military_top100"],
    "categoryLabel": ["Military"],
    "pageLabel": ["Top 100"],
    "browseNodeID": ["6487836011"],
    "medianSalesRank": [1097],
    "medianNPages": [308],
    "priceBreaks": [0, 0.99, 1.99, 2.99, 3.99, 4.99, 13.99],
    "priceCounts": [38, 3, 23, 22, 12, 2],
    "nIsInKU": [82],
    "nIsNotInKU": [18],
    "nReleases": [">20000"],
    "nLastThirtyReleases": ["464"],
    "nLastNinetyReleases": [">1000"],
    "nPreorders": ["237"]
  },
  {
    "currentAnalysisName": ["X0033_mystery_and_suspense_top100_6487839011_20190405.135830"],
    "analysisTimeString": ["20190405.135830"],
    "filenamesRoot": ["mystery_and_suspense_top100"],
    "categoryLabel": ["Mystery & Suspense"],
    "pageLabel": ["Top 100"],
    "browseNodeID": ["6487839011"],
    "medianSalesRank": [559],
    "medianNPages": [322],
    "priceBreaks": [0, 0.99, 1.99, 2.99, 3.99, 4.99, 14.99],
    "priceCounts": [22, 9, 11, 27, 19, 12],
    "nIsInKU": [86],
    "nIsNotInKU": [14],
    "nReleases": [">50000"],
    "nLastThirtyReleases": [">1000"],
    "nLastNinetyReleases": [">3000"],
    "nPreorders": ["712"]
  },
  {
    "currentAnalysisName": ["X0033_new_adult_and_college_top100_6487838011_20190405.135931"],
    "analysisTimeString": ["20190405.135931"],
    "filenamesRoot": ["new_adult_and_college_top100"],
    "categoryLabel": ["New Adult & College"],
    "pageLabel": ["Top 100"],
    "browseNodeID": ["6487838011"],
    "medianSalesRank": [921],
    "medianNPages": [286],
    "priceBreaks": [0, 0.99, 1.99, 2.99, 3.99, 4.99, 13.99],
    "priceCounts": [35, 2, 24, 31, 2, 6],
    "nIsInKU": [94],
    "nIsNotInKU": [6],
    "nReleases": [">20000"],
    "nLastThirtyReleases": ["368"],
    "nLastNinetyReleases": [">1000"],
    "nPreorders": ["155"]
  },
  {
    "currentAnalysisName": ["X0033_paranormal_top100_6190484011_20190405.140032"],
    "analysisTimeString": ["20190405.140032"],
    "filenamesRoot": ["paranormal_top100"],
    "categoryLabel": ["Paranormal"],
    "pageLabel": ["Top 100"],
    "browseNodeID": ["6190484011"],
    "medianSalesRank": [693],
    "medianNPages": [313],
    "priceBreaks": [0, 0.99, 1.99, 2.99, 3.99, 4.99, 14.99],
    "priceCounts": [27, 3, 28, 19, 14, 9],
    "nIsInKU": [88],
    "nIsNotInKU": [12],
    "nReleases": [">50000"],
    "nLastThirtyReleases": ["951"],
    "nLastNinetyReleases": [">2000"],
    "nPreorders": ["452"]
  },
  {
    "currentAnalysisName": ["X0033_romantic_comedy_top100_6487841011_20190405.140133"],
    "analysisTimeString": ["20190405.140133"],
    "filenamesRoot": ["romantic_comedy_top100"],
    "categoryLabel": ["Romantic Comedy"],
    "pageLabel": ["Top 100"],
    "browseNodeID": ["6487841011"],
    "medianSalesRank": [546],
    "medianNPages": [288],
    "priceBreaks": [0, 0.99, 1.99, 2.99, 3.99, 4.99, 11.99],
    "priceCounts": [29, 7, 26, 22, 12, 4],
    "nIsInKU": [83],
    "nIsNotInKU": [17],
    "nReleases": [">50000"],
    "nLastThirtyReleases": [">1000"],
    "nLastNinetyReleases": [">3000"],
    "nPreorders": ["479"]
  },
  {
    "currentAnalysisName": ["X0033_science_fiction_top100_6401744011_20190405.140232"],
    "analysisTimeString": ["20190405.140232"],
    "filenamesRoot": ["science_fiction_top100"],
    "categoryLabel": ["Science Fiction"],
    "pageLabel": ["Top 100"],
    "browseNodeID": ["6401744011"],
    "medianSalesRank": [1937],
    "medianNPages": [252],
    "priceBreaks": [0, 0.99, 1.99, 2.99, 3.99, 4.99, 14.99],
    "priceCounts": [10, 5, 29, 22, 23, 11],
    "nIsInKU": [84],
    "nIsNotInKU": [16],
    "nReleases": [">10000"],
    "nLastThirtyReleases": ["243"],
    "nLastNinetyReleases": ["712"],
    "nPreorders": ["91"]
  },
  {
    "currentAnalysisName": ["X0033_sports_top100_6487842011_20190405.140331"],
    "analysisTimeString": ["20190405.140331"],
    "filenamesRoot": ["sports_top100"],
    "categoryLabel": ["Sports"],
    "pageLabel": ["Top 100"],
    "browseNodeID": ["6487842011"],
    "medianSalesRank": [1530],
    "medianNPages": [283],
    "priceBreaks": [0, 0.99, 1.99, 2.99, 3.99, 4.99, 9.99],
    "priceCounts": [16, 2, 30, 41, 5, 6],
    "nIsInKU": [88],
    "nIsNotInKU": [12],
    "nReleases": [">10000"],
    "nLastThirtyReleases": ["341"],
    "nLastNinetyReleases": ["759"],
    "nPreorders": ["111"]
  },
  {
    "currentAnalysisName": ["X0033_westerns_top100_6190489011_20190405.140430"],
    "analysisTimeString": ["20190405.140430"],
    "filenamesRoot": ["westerns_top100"],
    "categoryLabel": ["Westerns"],
    "pageLabel": ["Top 100"],
    "browseNodeID": ["6190489011"],
    "medianSalesRank": [3218],
    "medianNPages": [290],
    "priceBreaks": [0, 0.99, 1.99, 2.99, 3.99, 4.99, 9.99],
    "priceCounts": [48, 2, 13, 17, 10, 10],
    "nIsInKU": [78],
    "nIsNotInKU": [22],
    "nReleases": [">20000"],
    "nLastThirtyReleases": ["309"],
    "nLastNinetyReleases": ["942"],
    "nPreorders": ["189"]
  }
]
