[
  {
    "currentAnalysisName": ["X0023_sff_top100_668010011_20181102.232224"],
    "analysisTimeString": ["20181102.232224"],
    "filenamesRoot": ["sff_top100"],
    "categoryLabel": ["Science Fiction & Fantasy"],
    "pageLabel": ["Top 100"],
    "browseNodeID": ["668010011"],
    "medianSalesRank": [353],
    "medianNPages": [340],
    "priceBreaks": [0, 0.99, 1.99, 2.99, 3.99, 4.99, 14.99],
    "priceCounts": [15, 12, 13, 16, 18, 26],
    "nIsInKU": [79],
    "nIsNotInKU": [21],
    "nReleases": [">60000"],
    "nLastThirtyReleases": [">9000"],
    "nLastNinetyReleases": [">20000"],
    "nPreorders": [">1000"]
  },
  {
    "currentAnalysisName": ["X0023_alternative_history_top100_6157855011_20181102.232342"],
    "analysisTimeString": ["20181102.232342"],
    "filenamesRoot": ["alternative_history_top100"],
    "categoryLabel": ["Alternative History"],
    "pageLabel": ["Top 100"],
    "browseNodeID": ["6157855011"],
    "medianSalesRank": [15113],
    "medianNPages": [356],
    "priceBreaks": [0, 0.99, 1.99, 2.99, 3.99, 4.99, 14.99],
    "priceCounts": [9, 6, 26, 22, 16, 21],
    "nIsInKU": [69],
    "nIsNotInKU": [31],
    "nReleases": [">10000"],
    "nLastThirtyReleases": ["868"],
    "nLastNinetyReleases": [">1000"],
    "nPreorders": ["34"]
  },
  {
    "currentAnalysisName": ["X0023_dystopian_top100_6361470011_20181102.232517"],
    "analysisTimeString": ["20181102.232517"],
    "filenamesRoot": ["dystopian_top100"],
    "categoryLabel": ["Dystopian"],
    "pageLabel": ["Top 100"],
    "browseNodeID": ["6361470011"],
    "medianSalesRank": [2679],
    "medianNPages": [347],
    "priceBreaks": [0, 0.99, 1.99, 2.99, 3.99, 4.99, 14.99],
    "priceCounts": [11, 6, 19, 10, 30, 24],
    "nIsInKU": [82],
    "nIsNotInKU": [18],
    "nReleases": [">20000"],
    "nLastThirtyReleases": ["938"],
    "nLastNinetyReleases": [">2000"],
    "nPreorders": ["164"]
  },
  {
    "currentAnalysisName": ["X0023_fairy_tales_top100_7588857011_20181102.232629"],
    "analysisTimeString": ["20181102.232629"],
    "filenamesRoot": ["fairy_tales_top100"],
    "categoryLabel": ["Fairy Tales"],
    "pageLabel": ["Top 100"],
    "browseNodeID": ["7588857011"],
    "medianSalesRank": [8988],
    "medianNPages": [289],
    "priceBreaks": [0, 0.99, 1.99, 2.99, 3.99, 4.99, 13.99],
    "priceCounts": [13, 4, 28, 26, 21, 8],
    "nIsInKU": [87],
    "nIsNotInKU": [13],
    "nReleases": [">6000"],
    "nLastThirtyReleases": ["137"],
    "nLastNinetyReleases": ["388"],
    "nPreorders": ["40"]
  },
  {
    "currentAnalysisName": ["X0023_post_apocalyptic_top100_6361471011_20181102.232813"],
    "analysisTimeString": ["20181102.232813"],
    "filenamesRoot": ["post_apocalyptic_top100"],
    "categoryLabel": ["Post-Apocalyptic"],
    "pageLabel": ["Top 100"],
    "browseNodeID": ["6361471011"],
    "medianSalesRank": [2531],
    "medianNPages": [356],
    "priceBreaks": [0, 0.99, 1.99, 2.99, 3.99, 4.99, 14.99],
    "priceCounts": [13, 2, 25, 17, 17, 26],
    "nIsInKU": [84],
    "nIsNotInKU": [16],
    "nReleases": [">20000"],
    "nLastThirtyReleases": ["471"],
    "nLastNinetyReleases": [">1000"],
    "nPreorders": ["124"]
  },
  {
    "currentAnalysisName": ["X0023_w_and_s_top100_6401742011_20181102.232924"],
    "analysisTimeString": ["20181102.232924"],
    "filenamesRoot": ["w_and_s_top100"],
    "categoryLabel": ["Werewolves & Shifters"],
    "pageLabel": ["Top 100"],
    "browseNodeID": ["6401742011"],
    "medianSalesRank": [1634],
    "medianNPages": [279],
    "priceBreaks": [0, 0.99, 1.99, 2.99, 3.99, 4.99, 13.99],
    "priceCounts": [42, 0, 15, 29, 8, 6],
    "nIsInKU": [92],
    "nIsNotInKU": [8],
    "nReleases": [">20000"],
    "nLastThirtyReleases": ["326"],
    "nLastNinetyReleases": ["932"],
    "nPreorders": ["128"]
  },
  {
    "currentAnalysisName": ["X0023_pn_uf_top100_7006662011_20181102.233112"],
    "analysisTimeString": ["20181102.233112"],
    "filenamesRoot": ["pn_uf_top100"],
    "categoryLabel": ["Paranormal and Urban Fantasy"],
    "pageLabel": ["Top 100"],
    "browseNodeID": ["7006662011"],
    "medianSalesRank": [4374],
    "medianNPages": [307],
    "priceBreaks": [0, 0.99, 1.99, 2.99, 3.99, 4.99, 12.99],
    "priceCounts": [17, 2, 15, 36, 18, 12],
    "nIsInKU": [94],
    "nIsNotInKU": [6],
    "nReleases": [">10000"],
    "nLastThirtyReleases": ["169"],
    "nLastNinetyReleases": ["477"],
    "nPreorders": ["105"]
  },
  {
    "currentAnalysisName": ["X0023_dark_fantasy_top100_157062011_20181102.233227"],
    "analysisTimeString": ["20181102.233227"],
    "filenamesRoot": ["dark_fantasy_top100"],
    "categoryLabel": ["Horror: Dark Fantasy"],
    "pageLabel": ["Top 100"],
    "browseNodeID": ["157062011"],
    "medianSalesRank": [2573],
    "medianNPages": [332],
    "priceBreaks": [0, 0.99, 1.99, 2.99, 3.99, 4.99, 14.99],
    "priceCounts": [17, 5, 18, 24, 20, 16],
    "nIsInKU": [88],
    "nIsNotInKU": [12],
    "nReleases": [">20000"],
    "nLastThirtyReleases": ["553"],
    "nLastNinetyReleases": [">1000"],
    "nPreorders": ["134"]
  }
]
