[
  {
    "currentAnalysisName": ["X0033_m_t_s_top100_157305011_20190405.045813"],
    "analysisTimeString": ["20190405.045813"],
    "filenamesRoot": ["m_t_s_top100"],
    "categoryLabel": ["Mystery, Thriller & Suspense"],
    "pageLabel": ["Top 100"],
    "browseNodeID": ["157305011"],
    "medianSalesRank": [179],
    "medianNPages": [345],
    "priceBreaks": [0, 0.99, 1.99, 2.99, 3.99, 4.99, 14.99],
    "priceCounts": [6, 21, 6, 13, 20, 34],
    "nIsInKU": [60],
    "nIsNotInKU": [40],
    "nReleases": [">50000"],
    "nLastThirtyReleases": [">5000"],
    "nLastNinetyReleases": [">10000"],
    "nPreorders": [">2000"]
  },
  {
    "currentAnalysisName": ["X0033_heist_top100_7130623011_20190405.045953"],
    "analysisTimeString": ["20190405.045953"],
    "filenamesRoot": ["heist_top100"],
    "categoryLabel": ["Heist"],
    "pageLabel": ["Top 100"],
    "browseNodeID": ["7130623011"],
    "medianSalesRank": [7668],
    "medianNPages": [276],
    "priceBreaks": [0, 0.99, 1.99, 2.99, 3.99, 4.99, 15.33],
    "priceCounts": [12, 1, 20, 35, 12, 20],
    "nIsInKU": [84],
    "nIsNotInKU": [16],
    "nReleases": [">2000"],
    "nLastThirtyReleases": ["64"],
    "nLastNinetyReleases": ["152"],
    "nPreorders": ["                15"]
  },
  {
    "currentAnalysisName": ["X0033_kidnapping_top100_7151518011_20190405.050053"],
    "analysisTimeString": ["20190405.050053"],
    "filenamesRoot": ["kidnapping_top100"],
    "categoryLabel": ["Kidnapping"],
    "pageLabel": ["Top 100"],
    "browseNodeID": ["7151518011"],
    "medianSalesRank": [5616],
    "medianNPages": [322],
    "priceBreaks": [0, 0.99, 1.99, 2.99, 3.99, 4.99, 14.99],
    "priceCounts": [13, 9, 8, 36, 22, 12],
    "nIsInKU": [91],
    "nIsNotInKU": [9],
    "nReleases": [">2000"],
    "nLastThirtyReleases": ["38"],
    "nLastNinetyReleases": ["136"],
    "nPreorders": ["20"]
  },
  {
    "currentAnalysisName": ["X0033_murder_top100_7130624011_20190405.050148"],
    "analysisTimeString": ["20190405.050148"],
    "filenamesRoot": ["murder_top100"],
    "categoryLabel": ["Murder"],
    "pageLabel": ["Top 100"],
    "browseNodeID": ["7130624011"],
    "medianSalesRank": [991],
    "medianNPages": [336],
    "priceBreaks": [0, 0.99, 1.99, 2.99, 3.99, 4.99, 14.99],
    "priceCounts": [9, 15, 13, 14, 19, 30],
    "nIsInKU": [85],
    "nIsNotInKU": [15],
    "nReleases": [">10000"],
    "nLastThirtyReleases": ["210"],
    "nLastNinetyReleases": ["708"],
    "nPreorders": ["91"]
  },
  {
    "currentAnalysisName": ["X0033_noir_top100_7130625011_20190405.050340"],
    "analysisTimeString": ["20190405.050340"],
    "filenamesRoot": ["noir_top100"],
    "categoryLabel": ["Noir"],
    "pageLabel": ["Top 100"],
    "browseNodeID": ["7130625011"],
    "medianSalesRank": [5746],
    "medianNPages": [296],
    "priceBreaks": [0, 0.99, 1.99, 2.99, 3.99, 4.99, 14.99],
    "priceCounts": [18, 5, 27, 15, 27, 7],
    "nIsInKU": [82],
    "nIsNotInKU": [18],
    "nReleases": [">5000"],
    "nLastThirtyReleases": ["74"],
    "nLastNinetyReleases": ["288"],
    "nPreorders": ["38"]
  },
  {
    "currentAnalysisName": ["X0033_organized_crime_top100_7130626011_20190405.050520"],
    "analysisTimeString": ["20190405.050520"],
    "filenamesRoot": ["organized_crime_top100"],
    "categoryLabel": ["Organized Crime"],
    "pageLabel": ["Top 100"],
    "browseNodeID": ["7130626011"],
    "medianSalesRank": [5272],
    "medianNPages": [269],
    "priceBreaks": [0, 0.99, 1.99, 2.99, 3.99, 4.99, 14.99],
    "priceCounts": [14, 2, 21, 39, 11, 13],
    "nIsInKU": [83],
    "nIsNotInKU": [17],
    "nReleases": [">4000"],
    "nLastThirtyReleases": ["118"],
    "nLastNinetyReleases": ["307"],
    "nPreorders": ["35"]
  },
  {
    "currentAnalysisName": ["X0033_serial_killers_top100_7130627011_20190405.050641"],
    "analysisTimeString": ["20190405.050641"],
    "filenamesRoot": ["serial_killers_top100"],
    "categoryLabel": ["Serial Killers"],
    "pageLabel": ["Top 100"],
    "browseNodeID": ["7130627011"],
    "medianSalesRank": [2689],
    "medianNPages": [308],
    "priceBreaks": [0, 0.99, 1.99, 2.99, 3.99, 4.99, 14.99],
    "priceCounts": [14, 6, 27, 14, 19, 20],
    "nIsInKU": [90],
    "nIsNotInKU": [10],
    "nReleases": [">3000"],
    "nLastThirtyReleases": ["68"],
    "nLastNinetyReleases": ["211"],
    "nPreorders": ["43"]
  },
  {
    "currentAnalysisName": ["X0033_vigilante_justice_top100_7130628011_20190405.050738"],
    "analysisTimeString": ["20190405.050738"],
    "filenamesRoot": ["vigilante_justice_top100"],
    "categoryLabel": ["Vigilante Justice"],
    "pageLabel": ["Top 100"],
    "browseNodeID": ["7130628011"],
    "medianSalesRank": [4380],
    "medianNPages": [296],
    "priceBreaks": [0, 0.99, 1.99, 2.99, 3.99, 4.99, 12.99],
    "priceCounts": [10, 3, 9, 27, 29, 22],
    "nIsInKU": [94],
    "nIsNotInKU": [6],
    "nReleases": [">2000"],
    "nLastThirtyReleases": ["70"],
    "nLastNinetyReleases": ["177"],
    "nPreorders": ["18"]
  },
  {
    "currentAnalysisName": ["X0033_m_t_s_a_a_top100_6190464011_20190405.050935"],
    "analysisTimeString": ["20190405.050935"],
    "filenamesRoot": ["m_t_s_a_a_top100"],
    "categoryLabel": ["Mystery: African American"],
    "pageLabel": ["Top 100"],
    "browseNodeID": ["6190464011"],
    "medianSalesRank": [26822],
    "medianNPages": [253],
    "priceBreaks": [0, 0.99, 1.99, 2.99, 3.99, 4.99, 9.99],
    "priceCounts": [42, 5, 19, 11, 10, 13],
    "nIsInKU": [87],
    "nIsNotInKU": [13],
    "nReleases": [">2000"],
    "nLastThirtyReleases": ["51"],
    "nLastNinetyReleases": ["155"],
    "nPreorders": ["                13"]
  },
  {
    "currentAnalysisName": ["X0033_cozy_mystery_top100_6190476011_20190405.051219"],
    "analysisTimeString": ["20190405.051219"],
    "filenamesRoot": ["cozy_mystery_top100"],
    "categoryLabel": ["Mystery: Cozy"],
    "pageLabel": ["Top 100"],
    "browseNodeID": ["6190476011"],
    "medianSalesRank": [1771],
    "medianNPages": [238],
    "priceBreaks": [0, 0.99, 1.99, 2.99, 3.99, 4.99, 14.99],
    "priceCounts": [29, 11, 18, 20, 17, 5],
    "nIsInKU": [85],
    "nIsNotInKU": [15],
    "nReleases": [">20000"],
    "nLastThirtyReleases": ["477"],
    "nLastNinetyReleases": [">1000"],
    "nPreorders": ["329"]
  },
  {
    "currentAnalysisName": ["X0033_hardboiled_mystery_top100_157312011_20190405.051434"],
    "analysisTimeString": ["20190405.051434"],
    "filenamesRoot": ["hardboiled_mystery_top100"],
    "categoryLabel": ["Mystery: Hard-Boiled"],
    "pageLabel": ["Top 100"],
    "browseNodeID": ["157312011"],
    "medianSalesRank": [7900],
    "medianNPages": [303],
    "priceBreaks": [0, 0.99, 1.99, 2.99, 3.99, 4.99, 12.99],
    "priceCounts": [12, 6, 10, 16, 31, 25],
    "nIsInKU": [83],
    "nIsNotInKU": [17],
    "nReleases": [">10000"],
    "nLastThirtyReleases": ["209"],
    "nLastNinetyReleases": ["595"],
    "nPreorders": ["53"]
  },
  {
    "currentAnalysisName": ["X0033_historical_mystery_top100_157313011_20190405.051625"],
    "analysisTimeString": ["20190405.051625"],
    "filenamesRoot": ["historical_mystery_top100"],
    "categoryLabel": ["Mystery: Historical"],
    "pageLabel": ["Top 100"],
    "browseNodeID": ["157313011"],
    "medianSalesRank": [5084],
    "medianNPages": [316],
    "priceBreaks": [0, 0.99, 1.99, 2.99, 3.99, 4.99, 15.33],
    "priceCounts": [14, 13, 5, 9, 24, 35],
    "nIsInKU": [54],
    "nIsNotInKU": [46],
    "nReleases": [">10000"],
    "nLastThirtyReleases": ["204"],
    "nLastNinetyReleases": ["579"],
    "nPreorders": ["119"]
  },
  {
    "currentAnalysisName": ["X0033_international_mystery_top100_6361461011_20190405.051832"],
    "analysisTimeString": ["20190405.051832"],
    "filenamesRoot": ["international_mystery_top100"],
    "categoryLabel": ["Mystery: International"],
    "pageLabel": ["Top 100"],
    "browseNodeID": ["6361461011"],
    "medianSalesRank": [2441],
    "medianNPages": [334],
    "priceBreaks": [0, 0.99, 1.99, 2.99, 3.99, 4.99, 14.99],
    "priceCounts": [14, 11, 1, 6, 18, 49],
    "nIsInKU": [64],
    "nIsNotInKU": [36],
    "nReleases": [">10000"],
    "nLastThirtyReleases": ["219"],
    "nLastNinetyReleases": ["678"],
    "nPreorders": ["107"]
  },
  {
    "currentAnalysisName": ["X0033_lgbt_mystery_top100_7130633011_20190405.052116"],
    "analysisTimeString": ["20190405.052116"],
    "filenamesRoot": ["lgbt_mystery_top100"],
    "categoryLabel": ["Mystery: LGBT"],
    "pageLabel": ["Top 100"],
    "browseNodeID": ["7130633011"],
    "medianSalesRank": [69110],
    "medianNPages": [290],
    "priceBreaks": [0, 0.99, 1.99, 2.99, 3.99, 4.99, 9.99],
    "priceCounts": [9, 0, 25, 32, 5, 29],
    "nIsInKU": [54],
    "nIsNotInKU": [46],
    "nReleases": [">2000"],
    "nLastThirtyReleases": ["32"],
    "nLastNinetyReleases": ["74"],
    "nPreorders": ["                13"]
  },
  {
    "currentAnalysisName": ["X0033_police_procedurals_top100_157318011_20190405.052301"],
    "analysisTimeString": ["20190405.052301"],
    "filenamesRoot": ["police_procedurals_top100"],
    "categoryLabel": ["Police Procedurals"],
    "pageLabel": ["Top 100"],
    "browseNodeID": ["157318011"],
    "medianSalesRank": [803],
    "medianNPages": [340],
    "priceBreaks": [0, 0.99, 1.99, 2.99, 3.99, 4.99, 14.99],
    "priceCounts": [5, 25, 9, 18, 21, 22],
    "nIsInKU": [76],
    "nIsNotInKU": [24],
    "nReleases": [">20000"],
    "nLastThirtyReleases": ["379"],
    "nLastNinetyReleases": [">1000"],
    "nPreorders": ["208"]
  },
  {
    "currentAnalysisName": ["X0033_private_eyes_top100_6190477011_20190405.052451"],
    "analysisTimeString": ["20190405.052451"],
    "filenamesRoot": ["private_eyes_top100"],
    "categoryLabel": ["Private Investigators"],
    "pageLabel": ["Top 100"],
    "browseNodeID": ["6190477011"],
    "medianSalesRank": [3924],
    "medianNPages": [320],
    "priceBreaks": [0, 0.99, 1.99, 2.99, 3.99, 4.99, 14.99],
    "priceCounts": [19, 19, 6, 5, 12, 39],
    "nIsInKU": [57],
    "nIsNotInKU": [43],
    "nReleases": [">10000"],
    "nLastThirtyReleases": ["284"],
    "nLastNinetyReleases": ["806"],
    "nPreorders": ["97"]
  },
  {
    "currentAnalysisName": ["X0033_traditional_detectives_top100_157309011_20190405.052639"],
    "analysisTimeString": ["20190405.052639"],
    "filenamesRoot": ["traditional_detectives_top100"],
    "categoryLabel": ["Traditional Detectives"],
    "pageLabel": ["Top 100"],
    "browseNodeID": ["157309011"],
    "medianSalesRank": [5567],
    "medianNPages": [292],
    "priceBreaks": [0, 0.99, 1.99, 2.99, 3.99, 4.99, 14.99],
    "priceCounts": [8, 10, 21, 11, 22, 28],
    "nIsInKU": [68],
    "nIsNotInKU": [32],
    "nReleases": [">10000"],
    "nLastThirtyReleases": ["153"],
    "nLastNinetyReleases": ["464"],
    "nPreorders": ["77"]
  },
  {
    "currentAnalysisName": ["X0033_women_sleuths_top100_157317011_20190405.052906"],
    "analysisTimeString": ["20190405.052906"],
    "filenamesRoot": ["women_sleuths_top100"],
    "categoryLabel": ["Women Sleuths"],
    "pageLabel": ["Top 100"],
    "browseNodeID": ["157317011"],
    "medianSalesRank": [943],
    "medianNPages": [338],
    "priceBreaks": [0, 0.99, 1.99, 2.99, 3.99, 4.99, 14.99],
    "priceCounts": [12, 30, 9, 6, 18, 25],
    "nIsInKU": [72],
    "nIsNotInKU": [28],
    "nReleases": [">30000"],
    "nLastThirtyReleases": ["469"],
    "nLastNinetyReleases": [">1000"],
    "nPreorders": ["379"]
  },
  {
    "currentAnalysisName": ["X0033_ghosts_top100_7130635011_20190405.053004"],
    "analysisTimeString": ["20190405.053004"],
    "filenamesRoot": ["ghosts_top100"],
    "categoryLabel": ["Suspense: Ghosts"],
    "pageLabel": ["Top 100"],
    "browseNodeID": ["7130635011"],
    "medianSalesRank": [11799],
    "medianNPages": [316],
    "priceBreaks": [0, 0.99, 1.99, 2.99, 3.99, 4.99, 34.99],
    "priceCounts": [12, 5, 8, 27, 21, 25],
    "nIsInKU": [75],
    "nIsNotInKU": [25],
    "nReleases": [">2000"],
    "nLastThirtyReleases": ["34"],
    "nLastNinetyReleases": ["78"],
    "nPreorders": ["                8"]
  },
  {
    "currentAnalysisName": ["X0033_suspense_horror_top100_7130636011_20190405.053107"],
    "analysisTimeString": ["20190405.053107"],
    "filenamesRoot": ["suspense_horror_top100"],
    "categoryLabel": ["Suspense: Horror"],
    "pageLabel": ["Top 100"],
    "browseNodeID": ["7130636011"],
    "medianSalesRank": [8802],
    "medianNPages": [392],
    "priceBreaks": [0, 0.99, 1.99, 2.99, 3.99, 4.99, 14.99],
    "priceCounts": [21, 2, 7, 20, 19, 31],
    "nIsInKU": [65],
    "nIsNotInKU": [35],
    "nReleases": [">6000"],
    "nLastThirtyReleases": ["65"],
    "nLastNinetyReleases": ["240"],
    "nPreorders": ["36"]
  },
  {
    "currentAnalysisName": ["X0033_suspense_occult_top100_7130637011_20190405.053205"],
    "analysisTimeString": ["20190405.053205"],
    "filenamesRoot": ["suspense_occult_top100"],
    "categoryLabel": ["Suspense: Occult"],
    "pageLabel": ["Top 100"],
    "browseNodeID": ["7130637011"],
    "medianSalesRank": [12212],
    "medianNPages": [332],
    "priceBreaks": [0, 0.99, 1.99, 2.99, 3.99, 4.99, 14.99],
    "priceCounts": [19, 4, 9, 26, 26, 16],
    "nIsInKU": [88],
    "nIsNotInKU": [12],
    "nReleases": [">2000"],
    "nLastThirtyReleases": ["46"],
    "nLastNinetyReleases": ["126"],
    "nPreorders": ["18"]
  },
  {
    "currentAnalysisName": ["X0033_suspense_paranormal_top100_7130638011_20190405.053302"],
    "analysisTimeString": ["20190405.053302"],
    "filenamesRoot": ["suspense_paranormal_top100"],
    "categoryLabel": ["Suspense: Paranormal"],
    "pageLabel": ["Top 100"],
    "browseNodeID": ["7130638011"],
    "medianSalesRank": [1773],
    "medianNPages": [304],
    "priceBreaks": [0, 0.99, 1.99, 2.99, 3.99, 4.99, 14.99],
    "priceCounts": [22, 2, 10, 26, 26, 14],
    "nIsInKU": [82],
    "nIsNotInKU": [18],
    "nReleases": [">20000"],
    "nLastThirtyReleases": ["397"],
    "nLastNinetyReleases": [">1000"],
    "nPreorders": ["161"]
  },
  {
    "currentAnalysisName": ["X0033_suspense_political_top100_6190490011_20190405.053406"],
    "analysisTimeString": ["20190405.053406"],
    "filenamesRoot": ["suspense_political_top100"],
    "categoryLabel": ["Suspense: Political"],
    "pageLabel": ["Top 100"],
    "browseNodeID": ["6190490011"],
    "medianSalesRank": [2869],
    "medianNPages": [369],
    "priceBreaks": [0, 0.99, 1.99, 2.99, 3.99, 4.99, 15.39],
    "priceCounts": [11, 1, 5, 7, 30, 46],
    "nIsInKU": [70],
    "nIsNotInKU": [30],
    "nReleases": [">8000"],
    "nLastThirtyReleases": ["103"],
    "nLastNinetyReleases": ["335"],
    "nPreorders": ["45"]
  },
  {
    "currentAnalysisName": ["X0033_psychological_fiction_top100_6190491011_20190405.053510"],
    "analysisTimeString": ["20190405.053510"],
    "filenamesRoot": ["psychological_fiction_top100"],
    "categoryLabel": ["Psychological Fiction"],
    "pageLabel": ["Top 100"],
    "browseNodeID": ["6190491011"],
    "medianSalesRank": [1352],
    "medianNPages": [331],
    "priceBreaks": [0, 0.99, 1.99, 2.99, 3.99, 4.99, 14.99],
    "priceCounts": [12, 9, 10, 16, 21, 31],
    "nIsInKU": [57],
    "nIsNotInKU": [43],
    "nReleases": [">10000"],
    "nLastThirtyReleases": ["258"],
    "nLastNinetyReleases": ["736"],
    "nPreorders": ["206"]
  },
  {
    "currentAnalysisName": ["X0033_assassinations_top100_7130643011_20190405.053612"],
    "analysisTimeString": ["20190405.053612"],
    "filenamesRoot": ["assassinations_top100"],
    "categoryLabel": ["Thrillers: Assassinations"],
    "pageLabel": ["Top 100"],
    "browseNodeID": ["7130643011"],
    "medianSalesRank": [2839],
    "medianNPages": [349],
    "priceBreaks": [0, 0.99, 1.99, 2.99, 3.99, 4.99, 15.39],
    "priceCounts": [11, 2, 5, 5, 32, 45],
    "nIsInKU": [76],
    "nIsNotInKU": [24],
    "nReleases": [">4000"],
    "nLastThirtyReleases": ["69"],
    "nLastNinetyReleases": ["207"],
    "nPreorders": ["35"]
  },
  {
    "currentAnalysisName": ["X0033_conspiracies_top100_7130644011_20190405.053712"],
    "analysisTimeString": ["20190405.053712"],
    "filenamesRoot": ["conspiracies_top100"],
    "categoryLabel": ["Thrillers: Conspiracies"],
    "pageLabel": ["Top 100"],
    "browseNodeID": ["7130644011"],
    "medianSalesRank": [2208],
    "medianNPages": [370],
    "priceBreaks": [0, 0.99, 1.99, 2.99, 3.99, 4.99, 15.39],
    "priceCounts": [10, 5, 2, 8, 34, 41],
    "nIsInKU": [85],
    "nIsNotInKU": [15],
    "nReleases": [">6000"],
    "nLastThirtyReleases": ["83"],
    "nLastNinetyReleases": ["261"],
    "nPreorders": ["45"]
  },
  {
    "currentAnalysisName": ["X0033_thrillers_crime_top100_6361462011_20190405.053816"],
    "analysisTimeString": ["20190405.053816"],
    "filenamesRoot": ["thrillers_crime_top100"],
    "categoryLabel": ["Thrillers: Crime"],
    "pageLabel": ["Top 100"],
    "browseNodeID": ["6361462011"],
    "medianSalesRank": [764],
    "medianNPages": [331],
    "priceBreaks": [0, 0.99, 1.99, 2.99, 3.99, 4.99, 14.99],
    "priceCounts": [15, 20, 7, 16, 16, 25],
    "nIsInKU": [65],
    "nIsNotInKU": [35],
    "nReleases": [">30000"],
    "nLastThirtyReleases": ["595"],
    "nLastNinetyReleases": [">1000"],
    "nPreorders": ["320"]
  },
  {
    "currentAnalysisName": ["X0033_espionage_top100_157322011_20190405.053912"],
    "analysisTimeString": ["20190405.053912"],
    "filenamesRoot": ["espionage_top100"],
    "categoryLabel": ["Thrillers: Espionage"],
    "pageLabel": ["Top 100"],
    "browseNodeID": ["157322011"],
    "medianSalesRank": [2443],
    "medianNPages": [394],
    "priceBreaks": [0, 0.99, 1.99, 2.99, 3.99, 4.99, 69.99],
    "priceCounts": [5, 5, 6, 8, 22, 54],
    "nIsInKU": [69],
    "nIsNotInKU": [31],
    "nReleases": [">10000"],
    "nLastThirtyReleases": ["149"],
    "nLastNinetyReleases": ["467"],
    "nPreorders": ["69"]
  },
  {
    "currentAnalysisName": ["X0033_financial_top100_7130645011_20190405.054012"],
    "analysisTimeString": ["20190405.054012"],
    "filenamesRoot": ["financial_top100"],
    "categoryLabel": ["Thrillers: Financial"],
    "pageLabel": ["Top 100"],
    "browseNodeID": ["7130645011"],
    "medianSalesRank": [9661],
    "medianNPages": [333],
    "priceBreaks": [0, 0.99, 1.99, 2.99, 3.99, 4.99, 9.99],
    "priceCounts": [8, 2, 24, 24, 29, 13],
    "nIsInKU": [85],
    "nIsNotInKU": [15],
    "nReleases": [">1000"],
    "nLastThirtyReleases": ["                15"],
    "nLastNinetyReleases": ["60"],
    "nPreorders": ["                13"]
  },
  {
    "currentAnalysisName": ["X0033_thrillers_historical_top100_6361463011_20190405.054143"],
    "analysisTimeString": ["20190405.054143"],
    "filenamesRoot": ["thrillers_historical_top100"],
    "categoryLabel": ["Thrillers: Historical"],
    "pageLabel": ["Top 100"],
    "browseNodeID": ["6361463011"],
    "medianSalesRank": [11290],
    "medianNPages": [373],
    "priceBreaks": [0, 0.99, 1.99, 2.99, 3.99, 4.99, 15.33],
    "priceCounts": [11, 8, 18, 8, 20, 35],
    "nIsInKU": [51],
    "nIsNotInKU": [49],
    "nReleases": [">7000"],
    "nLastThirtyReleases": ["78"],
    "nLastNinetyReleases": ["248"],
    "nPreorders": ["62"]
  },
  {
    "currentAnalysisName": ["X0033_thrillers_legal_top100_157321011_20190405.054403"],
    "analysisTimeString": ["20190405.054403"],
    "filenamesRoot": ["thrillers_legal_top100"],
    "categoryLabel": ["Thrillers: Legal"],
    "pageLabel": ["Top 100"],
    "browseNodeID": ["157321011"],
    "medianSalesRank": [3983],
    "medianNPages": [351],
    "priceBreaks": [0, 0.99, 1.99, 2.99, 3.99, 4.99, 14.99],
    "priceCounts": [7, 10, 13, 11, 32, 27],
    "nIsInKU": [76],
    "nIsNotInKU": [24],
    "nReleases": [">6000"],
    "nLastThirtyReleases": ["119"],
    "nLastNinetyReleases": ["592"],
    "nPreorders": ["26"]
  },
  {
    "currentAnalysisName": ["X0033_thrillers_medical_top100_2225099011_20190405.054528"],
    "analysisTimeString": ["20190405.054528"],
    "filenamesRoot": ["thrillers_medical_top100"],
    "categoryLabel": ["Thrillers: Medical"],
    "pageLabel": ["Top 100"],
    "browseNodeID": ["2225099011"],
    "medianSalesRank": [15052],
    "medianNPages": [354],
    "priceBreaks": [0, 0.99, 1.99, 2.99, 3.99, 4.99, 14.99],
    "priceCounts": [9, 7, 12, 15, 24, 32],
    "nIsInKU": [75],
    "nIsNotInKU": [25],
    "nReleases": [">3000"],
    "nLastThirtyReleases": ["45"],
    "nLastNinetyReleases": ["143"],
    "nPreorders": ["19"]
  },
  {
    "currentAnalysisName": ["X0033_thrillers_military_top100_6361464011_20190405.054706"],
    "analysisTimeString": ["20190405.054706"],
    "filenamesRoot": ["thrillers_military_top100"],
    "categoryLabel": ["Thrillers: Military"],
    "pageLabel": ["Top 100"],
    "browseNodeID": ["6361464011"],
    "medianSalesRank": [4297],
    "medianNPages": [370],
    "priceBreaks": [0, 0.99, 1.99, 2.99, 3.99, 4.99, 15.39],
    "priceCounts": [16, 8, 8, 9, 17, 41],
    "nIsInKU": [67],
    "nIsNotInKU": [33],
    "nReleases": [">5000"],
    "nLastThirtyReleases": ["67"],
    "nLastNinetyReleases": ["227"],
    "nPreorders": ["50"]
  },
  {
    "currentAnalysisName": ["X0033_pulp_top100_7130646011_20190405.054828"],
    "analysisTimeString": ["20190405.054828"],
    "filenamesRoot": ["pulp_top100"],
    "categoryLabel": ["Thrillers:Pulp"],
    "pageLabel": ["Top 100"],
    "browseNodeID": ["7130646011"],
    "medianSalesRank": [4924],
    "medianNPages": [290],
    "priceBreaks": [0, 0.99, 1.99, 2.99, 3.99, 4.99, 9.99],
    "priceCounts": [14, 1, 11, 16, 51, 7],
    "nIsInKU": [98],
    "nIsNotInKU": [2],
    "nReleases": [">2000"],
    "nLastThirtyReleases": ["47"],
    "nLastNinetyReleases": ["141"],
    "nPreorders": ["                15"]
  },
  {
    "currentAnalysisName": ["X0033_technothrillers_top100_157324011_20190405.054958"],
    "analysisTimeString": ["20190405.054958"],
    "filenamesRoot": ["technothrillers_top100"],
    "categoryLabel": ["Technothrillers"],
    "pageLabel": ["Top 100"],
    "browseNodeID": ["157324011"],
    "medianSalesRank": [4575],
    "medianNPages": [363],
    "priceBreaks": [0, 0.99, 1.99, 2.99, 3.99, 4.99, 16.99],
    "priceCounts": [9, 9, 7, 18, 17, 40],
    "nIsInKU": [79],
    "nIsNotInKU": [21],
    "nReleases": [">6000"],
    "nLastThirtyReleases": ["78"],
    "nLastNinetyReleases": ["209"],
    "nPreorders": ["50"]
  },
  {
    "currentAnalysisName": ["X0033_thrillers_terrorism_top100_7130647011_20190405.055205"],
    "analysisTimeString": ["20190405.055205"],
    "filenamesRoot": ["thrillers_terrorism_top100"],
    "categoryLabel": ["Thrillers:Terrorism"],
    "pageLabel": ["Top 100"],
    "browseNodeID": ["7130647011"],
    "medianSalesRank": [4983],
    "medianNPages": [365],
    "priceBreaks": [0, 0.99, 1.99, 2.99, 3.99, 4.99, 15.39],
    "priceCounts": [4, 2, 6, 14, 37, 37],
    "nIsInKU": [77],
    "nIsNotInKU": [23],
    "nReleases": [">5000"],
    "nLastThirtyReleases": ["59"],
    "nLastNinetyReleases": ["209"],
    "nPreorders": ["37"]
  }
]
