[
  {
    "currentAnalysisName": ["X0046_sff_top100_668010011_20191104.004302"],
    "analysisTimeString": ["20191104.004302"],
    "filenamesRoot": ["sff_top100"],
    "categoryLabel": ["Science Fiction & Fantasy"],
    "pageLabel": ["Top 100"],
    "browseNodeID": ["668010011"],
    "medianSalesRank": [401],
    "medianNPages": [368],
    "priceBreaks": [0, 0.99, 1.99, 2.99, 3.99, 4.99, 17.27],
    "priceCounts": [8, 9, 13, 21, 23, 26],
    "nIsInKU": [81],
    "nIsNotInKU": [19],
    "nReleases": [">50000"],
    "nLastThirtyReleases": [">8000"],
    "nLastNinetyReleases": [">20000"],
    "nPreorders": [">2000"]
  },
  {
    "currentAnalysisName": ["X0046_alternative_history_top100_6157855011_20191104.004357"],
    "analysisTimeString": ["20191104.004357"],
    "filenamesRoot": ["alternative_history_top100"],
    "categoryLabel": ["Alternative History"],
    "pageLabel": ["Top 100"],
    "browseNodeID": ["6157855011"],
    "medianSalesRank": [18836],
    "medianNPages": [343],
    "priceBreaks": [0, 0.99, 1.99, 2.99, 3.99, 4.99, 14.99],
    "priceCounts": [9, 2, 17, 23, 25, 23],
    "nIsInKU": [77],
    "nIsNotInKU": [23],
    "nReleases": [">10000"],
    "nLastThirtyReleases": ["386"],
    "nLastNinetyReleases": [">1000"],
    "nPreorders": ["38"]
  },
  {
    "currentAnalysisName": ["X0046_dystopian_top100_6361470011_20191104.004451"],
    "analysisTimeString": ["20191104.004451"],
    "filenamesRoot": ["dystopian_top100"],
    "categoryLabel": ["Dystopian"],
    "pageLabel": ["Top 100"],
    "browseNodeID": ["6361470011"],
    "medianSalesRank": [3016],
    "medianNPages": [386],
    "priceBreaks": [0, 0.99, 1.99, 2.99, 3.99, 4.99, 14.99],
    "priceCounts": [19, 6, 15, 20, 15, 24],
    "nIsInKU": [84],
    "nIsNotInKU": [16],
    "nReleases": [">30000"],
    "nLastThirtyReleases": ["555"],
    "nLastNinetyReleases": [">1000"],
    "nPreorders": ["228"]
  },
  {
    "currentAnalysisName": ["X0046_fairy_tales_top100_7588857011_20191104.004546"],
    "analysisTimeString": ["20191104.004546"],
    "filenamesRoot": ["fairy_tales_top100"],
    "categoryLabel": ["Fairy Tales"],
    "pageLabel": ["Top 100"],
    "browseNodeID": ["7588857011"],
    "medianSalesRank": [9575],
    "medianNPages": [302],
    "priceBreaks": [0, 0.99, 1.99, 2.99, 3.99, 4.99, 12.99],
    "priceCounts": [10, 1, 28, 23, 26, 12],
    "nIsInKU": [87],
    "nIsNotInKU": [13],
    "nReleases": [">7000"],
    "nLastThirtyReleases": ["134"],
    "nLastNinetyReleases": ["377"],
    "nPreorders": ["50"]
  },
  {
    "currentAnalysisName": ["X0046_post_apocalyptic_top100_6361471011_20191104.004638"],
    "analysisTimeString": ["20191104.004638"],
    "filenamesRoot": ["post_apocalyptic_top100"],
    "categoryLabel": ["Post-Apocalyptic"],
    "pageLabel": ["Top 100"],
    "browseNodeID": ["6361471011"],
    "medianSalesRank": [2606],
    "medianNPages": [380],
    "priceBreaks": [0, 0.99, 1.99, 2.99, 3.99, 4.99, 14.99],
    "priceCounts": [16, 6, 14, 23, 22, 19],
    "nIsInKU": [87],
    "nIsNotInKU": [13],
    "nReleases": [">30000"],
    "nLastThirtyReleases": ["413"],
    "nLastNinetyReleases": [">1000"],
    "nPreorders": ["175"]
  },
  {
    "currentAnalysisName": ["X0046_w_and_s_top100_6401742011_20191104.004729"],
    "analysisTimeString": ["20191104.004729"],
    "filenamesRoot": ["w_and_s_top100"],
    "categoryLabel": ["Werewolves & Shifters"],
    "pageLabel": ["Top 100"],
    "browseNodeID": ["6401742011"],
    "medianSalesRank": [1709],
    "medianNPages": [240],
    "priceBreaks": [0, 0.99, 1.99, 2.99, 3.99, 4.99, 9.99],
    "priceCounts": [30, 0, 24, 26, 18, 2],
    "nIsInKU": [93],
    "nIsNotInKU": [7],
    "nReleases": [">20000"],
    "nLastThirtyReleases": ["364"],
    "nLastNinetyReleases": ["932"],
    "nPreorders": ["176"]
  },
  {
    "currentAnalysisName": ["X0046_pn_uf_top100_6157853011_20191104.004820"],
    "analysisTimeString": ["20191104.004820"],
    "filenamesRoot": ["pn_uf_top100"],
    "categoryLabel": ["Paranormal and Urban Fantasy"],
    "pageLabel": ["Top 100"],
    "browseNodeID": ["6157853011"],
    "medianSalesRank": [777],
    "medianNPages": [345],
    "priceBreaks": [0, 0.99, 1.99, 2.99, 3.99, 4.99, 14.99],
    "priceCounts": [7, 2, 11, 24, 41, 15],
    "nIsInKU": [87],
    "nIsNotInKU": [13],
    "nReleases": [">50000"],
    "nLastThirtyReleases": [">1000"],
    "nLastNinetyReleases": [">3000"],
    "nPreorders": ["701"]
  },
  {
    "currentAnalysisName": ["X0046_dark_fantasy_top100_157062011_20191104.004913"],
    "analysisTimeString": ["20191104.004913"],
    "filenamesRoot": ["dark_fantasy_top100"],
    "categoryLabel": ["Horror: Dark Fantasy"],
    "pageLabel": ["Top 100"],
    "browseNodeID": ["157062011"],
    "medianSalesRank": [3494],
    "medianNPages": [364],
    "priceBreaks": [0, 0.99, 1.99, 2.99, 3.99, 4.99, 13.99],
    "priceCounts": [7, 0, 13, 23, 37, 19],
    "nIsInKU": [92],
    "nIsNotInKU": [8],
    "nReleases": [">20000"],
    "nLastThirtyReleases": ["568"],
    "nLastNinetyReleases": [">1000"],
    "nPreorders": ["211"]
  }
]
