[
  {
    "currentAnalysisName": ["X0023_m_t_s_top100_157305011_20181102.215827"],
    "analysisTimeString": ["20181102.215827"],
    "filenamesRoot": ["m_t_s_top100"],
    "categoryLabel": ["Mystery, Thriller & Suspense"],
    "pageLabel": ["Top 100"],
    "browseNodeID": ["157305011"],
    "medianSalesRank": [136],
    "medianNPages": [337],
    "priceBreaks": [0, 0.99, 1.99, 2.99, 3.99, 4.99, 14.99],
    "priceCounts": [12, 13, 11, 9, 22, 33],
    "nIsInKU": [60],
    "nIsNotInKU": [40],
    "nReleases": [">60000"],
    "nLastThirtyReleases": [">8000"],
    "nLastNinetyReleases": [">20000"],
    "nPreorders": [">1000"]
  },
  {
    "currentAnalysisName": ["X0023_heist_top100_7130623011_20181102.215956"],
    "analysisTimeString": ["20181102.215956"],
    "filenamesRoot": ["heist_top100"],
    "categoryLabel": ["Heist"],
    "pageLabel": ["Top 100"],
    "browseNodeID": ["7130623011"],
    "medianSalesRank": [9232],
    "medianNPages": [279],
    "priceBreaks": [0, 0.99, 1.99, 2.99, 3.99, 4.99, 13.99],
    "priceCounts": [20, 1, 31, 25, 4, 19],
    "nIsInKU": [88],
    "nIsNotInKU": [12],
    "nReleases": [">2000"],
    "nLastThirtyReleases": ["47"],
    "nLastNinetyReleases": ["109"],
    "nPreorders": ["8"]
  },
  {
    "currentAnalysisName": ["X0023_kidnapping_top100_7151518011_20181102.220112"],
    "analysisTimeString": ["20181102.220112"],
    "filenamesRoot": ["kidnapping_top100"],
    "categoryLabel": ["Kidnapping"],
    "pageLabel": ["Top 100"],
    "browseNodeID": ["7151518011"],
    "medianSalesRank": [5060],
    "medianNPages": [307],
    "priceBreaks": [0, 0.99, 1.99, 2.99, 3.99, 4.99, 14.99],
    "priceCounts": [18, 7, 20, 26, 18, 11],
    "nIsInKU": [92],
    "nIsNotInKU": [8],
    "nReleases": [">2000"],
    "nLastThirtyReleases": ["24"],
    "nLastNinetyReleases": ["95"],
    "nPreorders": ["15"]
  },
  {
    "currentAnalysisName": ["X0023_murder_top100_7130624011_20181102.220316"],
    "analysisTimeString": ["20181102.220316"],
    "filenamesRoot": ["murder_top100"],
    "categoryLabel": ["Murder"],
    "pageLabel": ["Top 100"],
    "browseNodeID": ["7130624011"],
    "medianSalesRank": [1174],
    "medianNPages": [334],
    "priceBreaks": [0, 0.99, 1.99, 2.99, 3.99, 4.99, 14.99],
    "priceCounts": [19, 7, 8, 15, 27, 24],
    "nIsInKU": [76],
    "nIsNotInKU": [24],
    "nReleases": [">10000"],
    "nLastThirtyReleases": ["236"],
    "nLastNinetyReleases": ["627"],
    "nPreorders": ["68"]
  },
  {
    "currentAnalysisName": ["X0023_noir_top100_7130625011_20181102.220443"],
    "analysisTimeString": ["20181102.220443"],
    "filenamesRoot": ["noir_top100"],
    "categoryLabel": ["Noir"],
    "pageLabel": ["Top 100"],
    "browseNodeID": ["7130625011"],
    "medianSalesRank": [6436],
    "medianNPages": [297],
    "priceBreaks": [0, 0.99, 1.99, 2.99, 3.99, 4.99, 14.99],
    "priceCounts": [18, 4, 25, 15, 24, 14],
    "nIsInKU": [77],
    "nIsNotInKU": [23],
    "nReleases": [">4000"],
    "nLastThirtyReleases": ["76"],
    "nLastNinetyReleases": ["276"],
    "nPreorders": ["36"]
  },
  {
    "currentAnalysisName": ["X0023_organized_crime_top100_7130626011_20181102.220603"],
    "analysisTimeString": ["20181102.220603"],
    "filenamesRoot": ["organized_crime_top100"],
    "categoryLabel": ["Organized Crime"],
    "pageLabel": ["Top 100"],
    "browseNodeID": ["7130626011"],
    "medianSalesRank": [6811],
    "medianNPages": [274],
    "priceBreaks": [0, 0.99, 1.99, 2.99, 3.99, 4.99, 9.99],
    "priceCounts": [14, 4, 20, 36, 16, 10],
    "nIsInKU": [83],
    "nIsNotInKU": [17],
    "nReleases": [">3000"],
    "nLastThirtyReleases": ["76"],
    "nLastNinetyReleases": ["200"],
    "nPreorders": ["20"]
  },
  {
    "currentAnalysisName": ["X0023_serial_killers_top100_7130627011_20181102.220720"],
    "analysisTimeString": ["20181102.220720"],
    "filenamesRoot": ["serial_killers_top100"],
    "categoryLabel": ["Serial Killers"],
    "pageLabel": ["Top 100"],
    "browseNodeID": ["7130627011"],
    "medianSalesRank": [2633],
    "medianNPages": [307],
    "priceBreaks": [0, 0.99, 1.99, 2.99, 3.99, 4.99, 14.99],
    "priceCounts": [22, 11, 15, 11, 17, 24],
    "nIsInKU": [89],
    "nIsNotInKU": [11],
    "nReleases": [">3000"],
    "nLastThirtyReleases": ["70"],
    "nLastNinetyReleases": ["184"],
    "nPreorders": ["22"]
  },
  {
    "currentAnalysisName": ["X0023_vigilante_justice_top100_7130628011_20181102.220830"],
    "analysisTimeString": ["20181102.220830"],
    "filenamesRoot": ["vigilante_justice_top100"],
    "categoryLabel": ["Vigilante Justice"],
    "pageLabel": ["Top 100"],
    "browseNodeID": ["7130628011"],
    "medianSalesRank": [4419],
    "medianNPages": [285],
    "priceBreaks": [0, 0.99, 1.99, 2.99, 3.99, 4.99, 14.39],
    "priceCounts": [18, 7, 11, 14, 40, 10],
    "nIsInKU": [89],
    "nIsNotInKU": [11],
    "nReleases": [">1000"],
    "nLastThirtyReleases": ["41"],
    "nLastNinetyReleases": ["123"],
    "nPreorders": ["20"]
  },
  {
    "currentAnalysisName": ["X0023_m_t_s_a_a_top100_6190464011_20181102.220941"],
    "analysisTimeString": ["20181102.220941"],
    "filenamesRoot": ["m_t_s_a_a_top100"],
    "categoryLabel": ["Mystery: African American"],
    "pageLabel": ["Top 100"],
    "browseNodeID": ["6190464011"],
    "medianSalesRank": [25654],
    "medianNPages": [260],
    "priceBreaks": [0, 0.99, 1.99, 2.99, 3.99, 4.99, 13.99],
    "priceCounts": [34, 4, 16, 13, 6, 27],
    "nIsInKU": [79],
    "nIsNotInKU": [21],
    "nReleases": [">2000"],
    "nLastThirtyReleases": ["69"],
    "nLastNinetyReleases": ["172"],
    "nPreorders": ["17"]
  },
  {
    "currentAnalysisName": ["X0023_cozy_mystery_top100_6190476011_20181102.221058"],
    "analysisTimeString": ["20181102.221058"],
    "filenamesRoot": ["cozy_mystery_top100"],
    "categoryLabel": ["Mystery: Cozy"],
    "pageLabel": ["Top 100"],
    "browseNodeID": ["6190476011"],
    "medianSalesRank": [2212],
    "medianNPages": [252],
    "priceBreaks": [0, 0.99, 1.99, 2.99, 3.99, 4.99, 14.99],
    "priceCounts": [33, 4, 16, 25, 14, 8],
    "nIsInKU": [83],
    "nIsNotInKU": [17],
    "nReleases": [">20000"],
    "nLastThirtyReleases": ["550"],
    "nLastNinetyReleases": [">1000"],
    "nPreorders": ["286"]
  },
  {
    "currentAnalysisName": ["X0023_hardboiled_mystery_top100_157312011_20181102.221211"],
    "analysisTimeString": ["20181102.221211"],
    "filenamesRoot": ["hardboiled_mystery_top100"],
    "categoryLabel": ["Mystery: Hard-Boiled"],
    "pageLabel": ["Top 100"],
    "browseNodeID": ["157312011"],
    "medianSalesRank": [6459],
    "medianNPages": [288],
    "priceBreaks": [0, 0.99, 1.99, 2.99, 3.99, 4.99, 25.64],
    "priceCounts": [17, 1, 6, 29, 20, 27],
    "nIsInKU": [81],
    "nIsNotInKU": [19],
    "nReleases": [">10000"],
    "nLastThirtyReleases": ["341"],
    "nLastNinetyReleases": ["724"],
    "nPreorders": ["53"]
  },
  {
    "currentAnalysisName": ["X0023_historical_mystery_top100_157313011_20181102.221326"],
    "analysisTimeString": ["20181102.221326"],
    "filenamesRoot": ["historical_mystery_top100"],
    "categoryLabel": ["Mystery: Historical"],
    "pageLabel": ["Top 100"],
    "browseNodeID": ["157313011"],
    "medianSalesRank": [5579],
    "medianNPages": [312],
    "priceBreaks": [0, 0.99, 1.99, 2.99, 3.99, 4.99, 14.99],
    "priceCounts": [12, 16, 8, 14, 24, 26],
    "nIsInKU": [63],
    "nIsNotInKU": [37],
    "nReleases": [">10000"],
    "nLastThirtyReleases": ["241"],
    "nLastNinetyReleases": ["651"],
    "nPreorders": ["86"]
  },
  {
    "currentAnalysisName": ["X0023_international_mystery_top100_6361461011_20181102.221445"],
    "analysisTimeString": ["20181102.221445"],
    "filenamesRoot": ["international_mystery_top100"],
    "categoryLabel": ["Mystery: International"],
    "pageLabel": ["Top 100"],
    "browseNodeID": ["6361461011"],
    "medianSalesRank": [2625],
    "medianNPages": [365],
    "priceBreaks": [0, 0.99, 1.99, 2.99, 3.99, 4.99, 14.99],
    "priceCounts": [13, 6, 2, 8, 29, 41],
    "nIsInKU": [63],
    "nIsNotInKU": [37],
    "nReleases": [">10000"],
    "nLastThirtyReleases": ["255"],
    "nLastNinetyReleases": ["644"],
    "nPreorders": ["109"]
  },
  {
    "currentAnalysisName": ["X0023_lgbt_mystery_top100_7130633011_20181102.221600"],
    "analysisTimeString": ["20181102.221600"],
    "filenamesRoot": ["lgbt_mystery_top100"],
    "categoryLabel": ["Mystery: LGBT"],
    "pageLabel": ["Top 100"],
    "browseNodeID": ["7130633011"],
    "medianSalesRank": [58862],
    "medianNPages": [268],
    "priceBreaks": [0, 0.99, 1.99, 2.99, 3.99, 4.99, 15.81],
    "priceCounts": [14, 9, 19, 18, 12, 27],
    "nIsInKU": [51],
    "nIsNotInKU": [49],
    "nReleases": [">2000"],
    "nLastThirtyReleases": ["36"],
    "nLastNinetyReleases": ["98"],
    "nPreorders": ["6"]
  },
  {
    "currentAnalysisName": ["X0023_police_procedurals_top100_157318011_20181102.221719"],
    "analysisTimeString": ["20181102.221719"],
    "filenamesRoot": ["police_procedurals_top100"],
    "categoryLabel": ["Police Procedurals"],
    "pageLabel": ["Top 100"],
    "browseNodeID": ["157318011"],
    "medianSalesRank": [686],
    "medianNPages": [336],
    "priceBreaks": [0, 0.99, 1.99, 2.99, 3.99, 4.99, 14.99],
    "priceCounts": [15, 4, 15, 12, 24, 29],
    "nIsInKU": [78],
    "nIsNotInKU": [22],
    "nReleases": [">20000"],
    "nLastThirtyReleases": ["381"],
    "nLastNinetyReleases": [">1000"],
    "nPreorders": ["157"]
  },
  {
    "currentAnalysisName": ["X0023_private_eyes_top100_6190477011_20181102.221847"],
    "analysisTimeString": ["20181102.221847"],
    "filenamesRoot": ["private_eyes_top100"],
    "categoryLabel": ["Private Investigators"],
    "pageLabel": ["Top 100"],
    "browseNodeID": ["6190477011"],
    "medianSalesRank": [3539],
    "medianNPages": [318],
    "priceBreaks": [0, 0.99, 1.99, 2.99, 3.99, 4.99, 16.99],
    "priceCounts": [17, 8, 9, 9, 12, 44],
    "nIsInKU": [58],
    "nIsNotInKU": [42],
    "nReleases": [">10000"],
    "nLastThirtyReleases": ["293"],
    "nLastNinetyReleases": ["855"],
    "nPreorders": ["124"]
  },
  {
    "currentAnalysisName": ["X0023_traditional_detectives_top100_157309011_20181102.222006"],
    "analysisTimeString": ["20181102.222006"],
    "filenamesRoot": ["traditional_detectives_top100"],
    "categoryLabel": ["Traditional Detectives"],
    "pageLabel": ["Top 100"],
    "browseNodeID": ["157309011"],
    "medianSalesRank": [4743],
    "medianNPages": [270],
    "priceBreaks": [0, 0.99, 1.99, 2.99, 3.99, 4.99, 16.99],
    "priceCounts": [7, 8, 21, 22, 20, 22],
    "nIsInKU": [66],
    "nIsNotInKU": [34],
    "nReleases": [">10000"],
    "nLastThirtyReleases": ["198"],
    "nLastNinetyReleases": ["486"],
    "nPreorders": ["49"]
  },
  {
    "currentAnalysisName": ["X0023_women_sleuths_top100_157317011_20181102.222118"],
    "analysisTimeString": ["20181102.222118"],
    "filenamesRoot": ["women_sleuths_top100"],
    "categoryLabel": ["Women Sleuths"],
    "pageLabel": ["Top 100"],
    "browseNodeID": ["157317011"],
    "medianSalesRank": [955],
    "medianNPages": [327],
    "priceBreaks": [0, 0.99, 1.99, 2.99, 3.99, 4.99, 14.99],
    "priceCounts": [14, 7, 6, 10, 27, 36],
    "nIsInKU": [74],
    "nIsNotInKU": [26],
    "nReleases": [">30000"],
    "nLastThirtyReleases": ["527"],
    "nLastNinetyReleases": [">1000"],
    "nPreorders": ["286"]
  },
  {
    "currentAnalysisName": ["X0023_ghosts_top100_7130635011_20181102.222225"],
    "analysisTimeString": ["20181102.222225"],
    "filenamesRoot": ["ghosts_top100"],
    "categoryLabel": ["Suspense: Ghosts"],
    "pageLabel": ["Top 100"],
    "browseNodeID": ["7130635011"],
    "medianSalesRank": [11071],
    "medianNPages": [332],
    "priceBreaks": [0, 0.99, 1.99, 2.99, 3.99, 4.99, 14.99],
    "priceCounts": [9, 12, 8, 18, 26, 25],
    "nIsInKU": [64],
    "nIsNotInKU": [36],
    "nReleases": [">2000"],
    "nLastThirtyReleases": ["31"],
    "nLastNinetyReleases": ["70"],
    "nPreorders": ["8"]
  },
  {
    "currentAnalysisName": ["X0023_suspense_horror_top100_7130636011_20181102.222341"],
    "analysisTimeString": ["20181102.222341"],
    "filenamesRoot": ["suspense_horror_top100"],
    "categoryLabel": ["Suspense: Horror"],
    "pageLabel": ["Top 100"],
    "browseNodeID": ["7130636011"],
    "medianSalesRank": [7835],
    "medianNPages": [372],
    "priceBreaks": [0, 0.99, 1.99, 2.99, 3.99, 4.99, 14.99],
    "priceCounts": [22, 5, 9, 20, 13, 31],
    "nIsInKU": [64],
    "nIsNotInKU": [36],
    "nReleases": [">5000"],
    "nLastThirtyReleases": ["112"],
    "nLastNinetyReleases": ["269"],
    "nPreorders": ["31"]
  },
  {
    "currentAnalysisName": ["X0023_suspense_occult_top100_7130637011_20181102.222456"],
    "analysisTimeString": ["20181102.222456"],
    "filenamesRoot": ["suspense_occult_top100"],
    "categoryLabel": ["Suspense: Occult"],
    "pageLabel": ["Top 100"],
    "browseNodeID": ["7130637011"],
    "medianSalesRank": [10619],
    "medianNPages": [339],
    "priceBreaks": [0, 0.99, 1.99, 2.99, 3.99, 4.99, 14.99],
    "priceCounts": [15, 7, 12, 15, 33, 18],
    "nIsInKU": [83],
    "nIsNotInKU": [17],
    "nReleases": [">2000"],
    "nLastThirtyReleases": ["44"],
    "nLastNinetyReleases": ["113"],
    "nPreorders": ["21"]
  },
  {
    "currentAnalysisName": ["X0023_suspense_paranormal_top100_7130638011_20181102.222609"],
    "analysisTimeString": ["20181102.222609"],
    "filenamesRoot": ["suspense_paranormal_top100"],
    "categoryLabel": ["Suspense: Paranormal"],
    "pageLabel": ["Top 100"],
    "browseNodeID": ["7130638011"],
    "medianSalesRank": [1942],
    "medianNPages": [325],
    "priceBreaks": [0, 0.99, 1.99, 2.99, 3.99, 4.99, 14.99],
    "priceCounts": [24, 6, 9, 27, 18, 16],
    "nIsInKU": [77],
    "nIsNotInKU": [23],
    "nReleases": [">10000"],
    "nLastThirtyReleases": ["447"],
    "nLastNinetyReleases": [">1000"],
    "nPreorders": ["137"]
  },
  {
    "currentAnalysisName": ["X0023_suspense_political_top100_6190490011_20181102.222722"],
    "analysisTimeString": ["20181102.222722"],
    "filenamesRoot": ["suspense_political_top100"],
    "categoryLabel": ["Suspense: Political"],
    "pageLabel": ["Top 100"],
    "browseNodeID": ["6190490011"],
    "medianSalesRank": [3387],
    "medianNPages": [350],
    "priceBreaks": [0, 0.99, 1.99, 2.99, 3.99, 4.99, 29.99],
    "priceCounts": [4, 11, 8, 2, 42, 33],
    "nIsInKU": [71],
    "nIsNotInKU": [29],
    "nReleases": [">7000"],
    "nLastThirtyReleases": ["135"],
    "nLastNinetyReleases": ["336"],
    "nPreorders": ["52"]
  },
  {
    "currentAnalysisName": ["X0023_psychological_fiction_top100_6190491011_20181102.222834"],
    "analysisTimeString": ["20181102.222834"],
    "filenamesRoot": ["psychological_fiction_top100"],
    "categoryLabel": ["Psychological Fiction"],
    "pageLabel": ["Top 100"],
    "browseNodeID": ["6190491011"],
    "medianSalesRank": [649],
    "medianNPages": [322],
    "priceBreaks": [0, 0.99, 1.99, 2.99, 3.99, 4.99, 14.99],
    "priceCounts": [15, 27, 13, 3, 18, 24],
    "nIsInKU": [58],
    "nIsNotInKU": [42],
    "nReleases": [">30000"],
    "nLastThirtyReleases": [">1000"],
    "nLastNinetyReleases": [">2000"],
    "nPreorders": ["163"]
  },
  {
    "currentAnalysisName": ["X0023_assassinations_top100_7130643011_20181102.222946"],
    "analysisTimeString": ["20181102.222946"],
    "filenamesRoot": ["assassinations_top100"],
    "categoryLabel": ["Thrillers: Assassinations"],
    "pageLabel": ["Top 100"],
    "browseNodeID": ["7130643011"],
    "medianSalesRank": [3924],
    "medianNPages": [354],
    "priceBreaks": [0, 0.99, 1.99, 2.99, 3.99, 4.99, 14.99],
    "priceCounts": [9, 10, 6, 4, 37, 34],
    "nIsInKU": [65],
    "nIsNotInKU": [35],
    "nReleases": [">3000"],
    "nLastThirtyReleases": ["47"],
    "nLastNinetyReleases": ["135"],
    "nPreorders": ["23"]
  },
  {
    "currentAnalysisName": ["X0023_conspiracies_top100_7130644011_20181102.223100"],
    "analysisTimeString": ["20181102.223100"],
    "filenamesRoot": ["conspiracies_top100"],
    "categoryLabel": ["Thrillers: Conspiracies"],
    "pageLabel": ["Top 100"],
    "browseNodeID": ["7130644011"],
    "medianSalesRank": [1828],
    "medianNPages": [350],
    "priceBreaks": [0, 0.99, 1.99, 2.99, 3.99, 4.99, 14.99],
    "priceCounts": [5, 12, 9, 5, 38, 31],
    "nIsInKU": [80],
    "nIsNotInKU": [20],
    "nReleases": [">5000"],
    "nLastThirtyReleases": ["69"],
    "nLastNinetyReleases": ["199"],
    "nPreorders": ["30"]
  },
  {
    "currentAnalysisName": ["X0023_thrillers_crime_top100_6361462011_20181102.223223"],
    "analysisTimeString": ["20181102.223223"],
    "filenamesRoot": ["thrillers_crime_top100"],
    "categoryLabel": ["Thrillers: Crime"],
    "pageLabel": ["Top 100"],
    "browseNodeID": ["6361462011"],
    "medianSalesRank": [706],
    "medianNPages": [339],
    "priceBreaks": [0, 0.99, 1.99, 2.99, 3.99, 4.99, 14.99],
    "priceCounts": [12, 12, 8, 11, 24, 30],
    "nIsInKU": [67],
    "nIsNotInKU": [33],
    "nReleases": [">30000"],
    "nLastThirtyReleases": ["836"],
    "nLastNinetyReleases": [">2000"],
    "nPreorders": ["280"]
  },
  {
    "currentAnalysisName": ["X0023_espionage_top100_157322011_20181102.223341"],
    "analysisTimeString": ["20181102.223341"],
    "filenamesRoot": ["espionage_top100"],
    "categoryLabel": ["Thrillers: Espionage"],
    "pageLabel": ["Top 100"],
    "browseNodeID": ["157322011"],
    "medianSalesRank": [2909],
    "medianNPages": [351],
    "priceBreaks": [0, 0.99, 1.99, 2.99, 3.99, 4.99, 14.99],
    "priceCounts": [6, 8, 13, 8, 26, 39],
    "nIsInKU": [68],
    "nIsNotInKU": [32],
    "nReleases": [">10000"],
    "nLastThirtyReleases": ["179"],
    "nLastNinetyReleases": ["462"],
    "nPreorders": ["58"]
  },
  {
    "currentAnalysisName": ["X0023_financial_top100_7130645011_20181102.223501"],
    "analysisTimeString": ["20181102.223501"],
    "filenamesRoot": ["financial_top100"],
    "categoryLabel": ["Thrillers: Financial"],
    "pageLabel": ["Top 100"],
    "browseNodeID": ["7130645011"],
    "medianSalesRank": [12163],
    "medianNPages": [332],
    "priceBreaks": [0, 0.99, 1.99, 2.99, 3.99, 4.99, 12.99],
    "priceCounts": [7, 1, 21, 18, 34, 19],
    "nIsInKU": [67],
    "nIsNotInKU": [33],
    "nReleases": [">1000"],
    "nLastThirtyReleases": ["19"],
    "nLastNinetyReleases": ["58"],
    "nPreorders": ["11"]
  },
  {
    "currentAnalysisName": ["X0023_thrillers_historical_top100_6361463011_20181102.223622"],
    "analysisTimeString": ["20181102.223622"],
    "filenamesRoot": ["thrillers_historical_top100"],
    "categoryLabel": ["Thrillers: Historical"],
    "pageLabel": ["Top 100"],
    "browseNodeID": ["6361463011"],
    "medianSalesRank": [8684],
    "medianNPages": [370],
    "priceBreaks": [0, 0.99, 1.99, 2.99, 3.99, 4.99, 15.99],
    "priceCounts": [14, 12, 14, 8, 16, 35],
    "nIsInKU": [61],
    "nIsNotInKU": [39],
    "nReleases": [">7000"],
    "nLastThirtyReleases": ["151"],
    "nLastNinetyReleases": ["362"],
    "nPreorders": ["69"]
  },
  {
    "currentAnalysisName": ["X0023_thrillers_legal_top100_157321011_20181102.223758"],
    "analysisTimeString": ["20181102.223758"],
    "filenamesRoot": ["thrillers_legal_top100"],
    "categoryLabel": ["Thrillers: Legal"],
    "pageLabel": ["Top 100"],
    "browseNodeID": ["157321011"],
    "medianSalesRank": [3705],
    "medianNPages": [348],
    "priceBreaks": [0, 0.99, 1.99, 2.99, 3.99, 4.99, 14.99],
    "priceCounts": [10, 5, 8, 10, 31, 35],
    "nIsInKU": [74],
    "nIsNotInKU": [26],
    "nReleases": [">5000"],
    "nLastThirtyReleases": ["367"],
    "nLastNinetyReleases": ["665"],
    "nPreorders": ["20"]
  },
  {
    "currentAnalysisName": ["X0023_thrillers_medical_top100_2225099011_20181102.223906"],
    "analysisTimeString": ["20181102.223906"],
    "filenamesRoot": ["thrillers_medical_top100"],
    "categoryLabel": ["Thrillers: Medical"],
    "pageLabel": ["Top 100"],
    "browseNodeID": ["2225099011"],
    "medianSalesRank": [14609],
    "medianNPages": [356],
    "priceBreaks": [0, 0.99, 1.99, 2.99, 3.99, 4.99, 14.99],
    "priceCounts": [12, 8, 14, 14, 15, 36],
    "nIsInKU": [60],
    "nIsNotInKU": [40],
    "nReleases": [">3000"],
    "nLastThirtyReleases": ["47"],
    "nLastNinetyReleases": ["141"],
    "nPreorders": ["18"]
  },
  {
    "currentAnalysisName": ["X0023_thrillers_military_top100_6361464011_20181102.224038"],
    "analysisTimeString": ["20181102.224038"],
    "filenamesRoot": ["thrillers_military_top100"],
    "categoryLabel": ["Thrillers: Military"],
    "pageLabel": ["Top 100"],
    "browseNodeID": ["6361464011"],
    "medianSalesRank": [4426],
    "medianNPages": [359],
    "priceBreaks": [0, 0.99, 1.99, 2.99, 3.99, 4.99, 14.99],
    "priceCounts": [6, 16, 6, 10, 25, 37],
    "nIsInKU": [77],
    "nIsNotInKU": [23],
    "nReleases": [">4000"],
    "nLastThirtyReleases": ["86"],
    "nLastNinetyReleases": ["237"],
    "nPreorders": ["29"]
  },
  {
    "currentAnalysisName": ["X0023_pulp_top100_7130646011_20181102.224214"],
    "analysisTimeString": ["20181102.224214"],
    "filenamesRoot": ["pulp_top100"],
    "categoryLabel": ["Thrillers:Pulp"],
    "pageLabel": ["Top 100"],
    "browseNodeID": ["7130646011"],
    "medianSalesRank": [6197],
    "medianNPages": [328],
    "priceBreaks": [0, 0.99, 1.99, 2.99, 3.99, 4.99, 9.99],
    "priceCounts": [11, 0, 17, 16, 47, 9],
    "nIsInKU": [96],
    "nIsNotInKU": [4],
    "nReleases": [">2000"],
    "nLastThirtyReleases": ["26"],
    "nLastNinetyReleases": ["108"],
    "nPreorders": ["16"]
  },
  {
    "currentAnalysisName": ["X0023_technothrillers_top100_157324011_20181102.224325"],
    "analysisTimeString": ["20181102.224325"],
    "filenamesRoot": ["technothrillers_top100"],
    "categoryLabel": ["Technothrillers"],
    "pageLabel": ["Top 100"],
    "browseNodeID": ["157324011"],
    "medianSalesRank": [3415],
    "medianNPages": [376],
    "priceBreaks": [0, 0.99, 1.99, 2.99, 3.99, 4.99, 13.99],
    "priceCounts": [14, 6, 13, 12, 22, 33],
    "nIsInKU": [81],
    "nIsNotInKU": [19],
    "nReleases": [">6000"],
    "nLastThirtyReleases": ["78"],
    "nLastNinetyReleases": ["221"],
    "nPreorders": ["26"]
  },
  {
    "currentAnalysisName": ["X0023_thrillers_terrorism_top100_7130647011_20181102.224458"],
    "analysisTimeString": ["20181102.224458"],
    "filenamesRoot": ["thrillers_terrorism_top100"],
    "categoryLabel": ["Thrillers:Terrorism"],
    "pageLabel": ["Top 100"],
    "browseNodeID": ["7130647011"],
    "medianSalesRank": [6344],
    "medianNPages": [384],
    "priceBreaks": [0, 0.99, 1.99, 2.99, 3.99, 4.99, 14.99],
    "priceCounts": [7, 9, 12, 13, 15, 44],
    "nIsInKU": [52],
    "nIsNotInKU": [48],
    "nReleases": [">5000"],
    "nLastThirtyReleases": ["66"],
    "nLastNinetyReleases": ["196"],
    "nPreorders": ["37"]
  }
]
