[
  {
    "currentAnalysisName": ["X0035_romance_top100_158566011_20190506.004326"],
    "analysisTimeString": ["20190506.004326"],
    "filenamesRoot": ["romance_top100"],
    "categoryLabel": ["Romance"],
    "pageLabel": ["Top 100"],
    "browseNodeID": ["158566011"],
    "medianSalesRank": [113],
    "medianNPages": [328],
    "priceBreaks": [0, 0.99, 1.99, 2.99, 3.99, 4.99, 14.99],
    "priceCounts": [33, 7, 15, 20, 20, 5],
    "nIsInKU": [84],
    "nIsNotInKU": [16],
    "nReleases": [">50000"],
    "nLastThirtyReleases": [">9000"],
    "nLastNinetyReleases": [">30000"],
    "nPreorders": [">3000"]
  },
  {
    "currentAnalysisName": ["X0035_african_american_top100_6190465011_20190506.004434"],
    "analysisTimeString": ["20190506.004434"],
    "filenamesRoot": ["african_american_top100"],
    "categoryLabel": ["African American"],
    "pageLabel": ["Top 100"],
    "browseNodeID": ["6190465011"],
    "medianSalesRank": [2794],
    "medianNPages": [189],
    "priceBreaks": [0, 0.99, 1.99, 2.99, 3.99, 4.99, 9.99],
    "priceCounts": [35, 0, 33, 6, 10, 16],
    "nIsInKU": [99],
    "nIsNotInKU": [1],
    "nReleases": [">10000"],
    "nLastThirtyReleases": ["310"],
    "nLastNinetyReleases": ["962"],
    "nPreorders": ["61"]
  },
  {
    "currentAnalysisName": ["X0035_clean_and_wholesome_top100_11650867011_20190506.004619"],
    "analysisTimeString": ["20190506.004619"],
    "filenamesRoot": ["clean_and_wholesome_top100"],
    "categoryLabel": ["Clean & Wholesome"],
    "pageLabel": ["Top 100"],
    "browseNodeID": ["11650867011"],
    "medianSalesRank": [2955],
    "medianNPages": [283],
    "priceBreaks": [0, 0.99, 1.99, 2.99, 3.99, 4.99, 13.99],
    "priceCounts": [35, 5, 17, 26, 9, 8],
    "nIsInKU": [87],
    "nIsNotInKU": [13],
    "nReleases": [">7000"],
    "nLastThirtyReleases": ["146"],
    "nLastNinetyReleases": ["496"],
    "nPreorders": ["156"]
  },
  {
    "currentAnalysisName": ["X0035_contemporary_top100_158568011_20190506.004833"],
    "analysisTimeString": ["20190506.004833"],
    "filenamesRoot": ["contemporary_top100"],
    "categoryLabel": ["Contemporary"],
    "pageLabel": ["Top 100"],
    "browseNodeID": ["158568011"],
    "medianSalesRank": [161],
    "medianNPages": [300],
    "priceBreaks": [0, 0.99, 1.99, 2.99, 3.99, 4.99, 14.99],
    "priceCounts": [33, 5, 13, 29, 14, 6],
    "nIsInKU": [87],
    "nIsNotInKU": [13],
    "nReleases": [">50000"],
    "nLastThirtyReleases": [">2000"],
    "nLastNinetyReleases": [">8000"],
    "nPreorders": [">1000"]
  },
  {
    "currentAnalysisName": ["X0035_gothic_top100_6487830011_20190506.004956"],
    "analysisTimeString": ["20190506.004956"],
    "filenamesRoot": ["gothic_top100"],
    "categoryLabel": ["Gothic"],
    "pageLabel": ["Top 100"],
    "browseNodeID": ["6487830011"],
    "medianSalesRank": [6164],
    "medianNPages": [252],
    "priceBreaks": [0, 0.99, 1.99, 2.99, 3.99, 4.99, 13.79],
    "priceCounts": [22, 0, 10, 33, 25, 10],
    "nIsInKU": [86],
    "nIsNotInKU": [14],
    "nReleases": [">2000"],
    "nLastThirtyReleases": ["55"],
    "nLastNinetyReleases": ["168"],
    "nPreorders": ["                16"]
  },
  {
    "currentAnalysisName": ["X0035_historical_romance_top100_158571011_20190506.005112"],
    "analysisTimeString": ["20190506.005112"],
    "filenamesRoot": ["historical_romance_top100"],
    "categoryLabel": ["Historical Romance"],
    "pageLabel": ["Top 100"],
    "browseNodeID": ["158571011"],
    "medianSalesRank": [1711],
    "medianNPages": [312],
    "priceBreaks": [0, 0.99, 1.99, 2.99, 3.99, 4.99, 10.99],
    "priceCounts": [46, 13, 8, 13, 8, 12],
    "nIsInKU": [70],
    "nIsNotInKU": [30],
    "nReleases": [">50000"],
    "nLastThirtyReleases": ["723"],
    "nLastNinetyReleases": [">2000"],
    "nPreorders": ["431"]
  },
  {
    "currentAnalysisName": ["X0035_gay_romance_top100_6487829011_20190506.005257"],
    "analysisTimeString": ["20190506.005257"],
    "filenamesRoot": ["gay_romance_top100"],
    "categoryLabel": ["Gay Romance"],
    "pageLabel": ["Top 100"],
    "browseNodeID": ["6487829011"],
    "medianSalesRank": [2519],
    "medianNPages": [232],
    "priceBreaks": [0, 0.99, 1.99, 2.99, 3.99, 4.99, 6.99],
    "priceCounts": [6, 0, 16, 51, 24, 3],
    "nIsInKU": [96],
    "nIsNotInKU": [4],
    "nReleases": [">40000"],
    "nLastThirtyReleases": ["825"],
    "nLastNinetyReleases": [">2000"],
    "nPreorders": ["217"]
  },
  {
    "currentAnalysisName": ["X0035_lesbian_romance_top100_6487835011_20190506.005415"],
    "analysisTimeString": ["20190506.005415"],
    "filenamesRoot": ["lesbian_romance_top100"],
    "categoryLabel": ["Lesbian Romance"],
    "pageLabel": ["Top 100"],
    "browseNodeID": ["6487835011"],
    "medianSalesRank": [13621],
    "medianNPages": [236],
    "priceBreaks": [0, 0.99, 1.99, 2.99, 3.99, 4.99, 9.99],
    "priceCounts": [8, 2, 14, 18, 25, 33],
    "nIsInKU": [82],
    "nIsNotInKU": [18],
    "nReleases": [">10000"],
    "nLastThirtyReleases": ["246"],
    "nLastNinetyReleases": ["690"],
    "nPreorders": ["48"]
  },
  {
    "currentAnalysisName": ["X0035_bisexual_top100_10886542011_20190506.005550"],
    "analysisTimeString": ["20190506.005550"],
    "filenamesRoot": ["bisexual_top100"],
    "categoryLabel": ["Bisexual"],
    "pageLabel": ["Top 100"],
    "browseNodeID": ["10886542011"],
    "medianSalesRank": [7545],
    "medianNPages": [260],
    "priceBreaks": [0, 0.99, 1.99, 2.99, 3.99, 4.99, 12.99],
    "priceCounts": [9, 1, 24, 39, 22, 5],
    "nIsInKU": [91],
    "nIsNotInKU": [9],
    "nReleases": [">6000"],
    "nLastThirtyReleases": ["224"],
    "nLastNinetyReleases": ["557"],
    "nPreorders": ["65"]
  },
  {
    "currentAnalysisName": ["X0035_military_top100_6487836011_20190506.005651"],
    "analysisTimeString": ["20190506.005651"],
    "filenamesRoot": ["military_top100"],
    "categoryLabel": ["Military"],
    "pageLabel": ["Top 100"],
    "browseNodeID": ["6487836011"],
    "medianSalesRank": [1162],
    "medianNPages": [271],
    "priceBreaks": [0, 0.99, 1.99, 2.99, 3.99, 4.99, 5.99],
    "priceCounts": [42, 3, 19, 27, 7, 2],
    "nIsInKU": [83],
    "nIsNotInKU": [17],
    "nReleases": [">20000"],
    "nLastThirtyReleases": ["433"],
    "nLastNinetyReleases": [">1000"],
    "nPreorders": ["249"]
  },
  {
    "currentAnalysisName": ["X0035_mystery_and_suspense_top100_6487839011_20190506.005753"],
    "analysisTimeString": ["20190506.005753"],
    "filenamesRoot": ["mystery_and_suspense_top100"],
    "categoryLabel": ["Mystery & Suspense"],
    "pageLabel": ["Top 100"],
    "browseNodeID": ["6487839011"],
    "medianSalesRank": [646],
    "medianNPages": [332],
    "priceBreaks": [0, 0.99, 1.99, 2.99, 3.99, 4.99, 14.99],
    "priceCounts": [30, 11, 11, 20, 16, 11],
    "nIsInKU": [83],
    "nIsNotInKU": [17],
    "nReleases": [">50000"],
    "nLastThirtyReleases": [">1000"],
    "nLastNinetyReleases": [">3000"],
    "nPreorders": ["684"]
  },
  {
    "currentAnalysisName": ["X0035_new_adult_and_college_top100_6487838011_20190506.005847"],
    "analysisTimeString": ["20190506.005847"],
    "filenamesRoot": ["new_adult_and_college_top100"],
    "categoryLabel": ["New Adult & College"],
    "pageLabel": ["Top 100"],
    "browseNodeID": ["6487838011"],
    "medianSalesRank": [736],
    "medianNPages": [307],
    "priceBreaks": [0, 0.99, 1.99, 2.99, 3.99, 4.99, 11.99],
    "priceCounts": [35, 0, 27, 29, 4, 5],
    "nIsInKU": [91],
    "nIsNotInKU": [9],
    "nReleases": [">20000"],
    "nLastThirtyReleases": ["333"],
    "nLastNinetyReleases": [">1000"],
    "nPreorders": ["174"]
  },
  {
    "currentAnalysisName": ["X0035_paranormal_top100_6190484011_20190506.010017"],
    "analysisTimeString": ["20190506.010017"],
    "filenamesRoot": ["paranormal_top100"],
    "categoryLabel": ["Paranormal"],
    "pageLabel": ["Top 100"],
    "browseNodeID": ["6190484011"],
    "medianSalesRank": [714],
    "medianNPages": [294],
    "priceBreaks": [0, 0.99, 1.99, 2.99, 3.99, 4.99, 13.99],
    "priceCounts": [26, 1, 30, 20, 15, 8],
    "nIsInKU": [90],
    "nIsNotInKU": [10],
    "nReleases": [">50000"],
    "nLastThirtyReleases": ["902"],
    "nLastNinetyReleases": [">2000"],
    "nPreorders": ["485"]
  },
  {
    "currentAnalysisName": ["X0035_romantic_comedy_top100_6487841011_20190506.010147"],
    "analysisTimeString": ["20190506.010147"],
    "filenamesRoot": ["romantic_comedy_top100"],
    "categoryLabel": ["Romantic Comedy"],
    "pageLabel": ["Top 100"],
    "browseNodeID": ["6487841011"],
    "medianSalesRank": [401],
    "medianNPages": [277],
    "priceBreaks": [0, 0.99, 1.99, 2.99, 3.99, 4.99, 13.99],
    "priceCounts": [36, 6, 17, 27, 11, 3],
    "nIsInKU": [85],
    "nIsNotInKU": [15],
    "nReleases": [">50000"],
    "nLastThirtyReleases": [">1000"],
    "nLastNinetyReleases": [">3000"],
    "nPreorders": ["533"]
  },
  {
    "currentAnalysisName": ["X0035_science_fiction_top100_6401744011_20190506.010240"],
    "analysisTimeString": ["20190506.010240"],
    "filenamesRoot": ["science_fiction_top100"],
    "categoryLabel": ["Science Fiction"],
    "pageLabel": ["Top 100"],
    "browseNodeID": ["6401744011"],
    "medianSalesRank": [1765],
    "medianNPages": [241],
    "priceBreaks": [0, 0.99, 1.99, 2.99, 3.99, 4.99, 14.99],
    "priceCounts": [14, 0, 26, 31, 18, 11],
    "nIsInKU": [86],
    "nIsNotInKU": [14],
    "nReleases": [">10000"],
    "nLastThirtyReleases": ["262"],
    "nLastNinetyReleases": ["707"],
    "nPreorders": ["95"]
  },
  {
    "currentAnalysisName": ["X0035_sports_top100_6487842011_20190506.010343"],
    "analysisTimeString": ["20190506.010343"],
    "filenamesRoot": ["sports_top100"],
    "categoryLabel": ["Sports"],
    "pageLabel": ["Top 100"],
    "browseNodeID": ["6487842011"],
    "medianSalesRank": [1634],
    "medianNPages": [294],
    "priceBreaks": [0, 0.99, 1.99, 2.99, 3.99, 4.99, 13.99],
    "priceCounts": [21, 0, 22, 42, 11, 4],
    "nIsInKU": [93],
    "nIsNotInKU": [7],
    "nReleases": [">10000"],
    "nLastThirtyReleases": ["326"],
    "nLastNinetyReleases": ["792"],
    "nPreorders": ["124"]
  },
  {
    "currentAnalysisName": ["X0035_westerns_top100_6190489011_20190506.010508"],
    "analysisTimeString": ["20190506.010508"],
    "filenamesRoot": ["westerns_top100"],
    "categoryLabel": ["Westerns"],
    "pageLabel": ["Top 100"],
    "browseNodeID": ["6190489011"],
    "medianSalesRank": [2703],
    "medianNPages": [266],
    "priceBreaks": [0, 0.99, 1.99, 2.99, 3.99, 4.99, 7.99],
    "priceCounts": [54, 5, 11, 16, 11, 3],
    "nIsInKU": [86],
    "nIsNotInKU": [14],
    "nReleases": [">20000"],
    "nLastThirtyReleases": ["330"],
    "nLastNinetyReleases": ["928"],
    "nPreorders": ["171"]
  }
]
