[
  {
    "currentAnalysisName": ["X0041_romance_top100_158566011_20190804.060931"],
    "analysisTimeString": ["20190804.060931"],
    "filenamesRoot": ["romance_top100"],
    "categoryLabel": ["Romance"],
    "pageLabel": ["Top 100"],
    "browseNodeID": ["158566011"],
    "medianSalesRank": [145],
    "medianNPages": [308],
    "priceBreaks": [0, 0.99, 1.99, 2.99, 3.99, 4.99, 14.99],
    "priceCounts": [18, 12, 16, 22, 21, 11],
    "nIsInKU": [87],
    "nIsNotInKU": [13],
    "nReleases": [">50000"],
    "nLastThirtyReleases": [">9000"],
    "nLastNinetyReleases": [">30000"],
    "nPreorders": [">4000"]
  },
  {
    "currentAnalysisName": ["X0041_african_american_top100_6190465011_20190804.061030"],
    "analysisTimeString": ["20190804.061030"],
    "filenamesRoot": ["african_american_top100"],
    "categoryLabel": ["African American"],
    "pageLabel": ["Top 100"],
    "browseNodeID": ["6190465011"],
    "medianSalesRank": [2485],
    "medianNPages": [204],
    "priceBreaks": [0, 0.99, 1.99, 2.99, 3.99, 4.99, 11.99],
    "priceCounts": [34, 3, 31, 3, 8, 21],
    "nIsInKU": [99],
    "nIsNotInKU": [1],
    "nReleases": [">10000"],
    "nLastThirtyReleases": ["326"],
    "nLastNinetyReleases": ["875"],
    "nPreorders": ["75"]
  },
  {
    "currentAnalysisName": ["X0041_clean_and_wholesome_top100_11650867011_20190804.061130"],
    "analysisTimeString": ["20190804.061130"],
    "filenamesRoot": ["clean_and_wholesome_top100"],
    "categoryLabel": ["Clean & Wholesome"],
    "pageLabel": ["Top 100"],
    "browseNodeID": ["11650867011"],
    "medianSalesRank": [3434],
    "medianNPages": [290],
    "priceBreaks": [0, 0.99, 1.99, 2.99, 3.99, 4.99, 12.99],
    "priceCounts": [31, 4, 15, 27, 10, 13],
    "nIsInKU": [82],
    "nIsNotInKU": [18],
    "nReleases": [">8000"],
    "nLastThirtyReleases": ["162"],
    "nLastNinetyReleases": ["553"],
    "nPreorders": ["169"]
  },
  {
    "currentAnalysisName": ["X0041_contemporary_top100_158568011_20190804.061230"],
    "analysisTimeString": ["20190804.061230"],
    "filenamesRoot": ["contemporary_top100"],
    "categoryLabel": ["Contemporary"],
    "pageLabel": ["Top 100"],
    "browseNodeID": ["158568011"],
    "medianSalesRank": [261],
    "medianNPages": [309],
    "priceBreaks": [0, 0.99, 1.99, 2.99, 3.99, 4.99, 13.99],
    "priceCounts": [22, 11, 12, 25, 22, 8],
    "nIsInKU": [85],
    "nIsNotInKU": [15],
    "nReleases": [">50000"],
    "nLastThirtyReleases": [">2000"],
    "nLastNinetyReleases": [">8000"],
    "nPreorders": [">1000"]
  },
  {
    "currentAnalysisName": ["X0041_gothic_top100_6487830011_20190804.061325"],
    "analysisTimeString": ["20190804.061325"],
    "filenamesRoot": ["gothic_top100"],
    "categoryLabel": ["Gothic"],
    "pageLabel": ["Top 100"],
    "browseNodeID": ["6487830011"],
    "medianSalesRank": [5122],
    "medianNPages": [264],
    "priceBreaks": [0, 0.99, 1.99, 2.99, 3.99, 4.99, 10.99],
    "priceCounts": [13, 2, 10, 35, 31, 9],
    "nIsInKU": [84],
    "nIsNotInKU": [16],
    "nReleases": [">3000"],
    "nLastThirtyReleases": ["52"],
    "nLastNinetyReleases": ["212"],
    "nPreorders": ["33"]
  },
  {
    "currentAnalysisName": ["X0041_historical_romance_top100_158571011_20190804.061423"],
    "analysisTimeString": ["20190804.061423"],
    "filenamesRoot": ["historical_romance_top100"],
    "categoryLabel": ["Historical Romance"],
    "pageLabel": ["Top 100"],
    "browseNodeID": ["158571011"],
    "medianSalesRank": [1408],
    "medianNPages": [356],
    "priceBreaks": [0, 0.99, 1.99, 2.99, 3.99, 4.99, 12.99],
    "priceCounts": [46, 5, 8, 18, 8, 15],
    "nIsInKU": [71],
    "nIsNotInKU": [29],
    "nReleases": [">50000"],
    "nLastThirtyReleases": ["814"],
    "nLastNinetyReleases": [">2000"],
    "nPreorders": ["438"]
  },
  {
    "currentAnalysisName": ["X0041_gay_romance_top100_6487829011_20190804.061522"],
    "analysisTimeString": ["20190804.061522"],
    "filenamesRoot": ["gay_romance_top100"],
    "categoryLabel": ["Gay Romance"],
    "pageLabel": ["Top 100"],
    "browseNodeID": ["6487829011"],
    "medianSalesRank": [3785],
    "medianNPages": [241],
    "priceBreaks": [0, 0.99, 1.99, 2.99, 3.99, 4.99, 9.99],
    "priceCounts": [6, 1, 15, 48, 28, 2],
    "nIsInKU": [94],
    "nIsNotInKU": [6],
    "nReleases": [">40000"],
    "nLastThirtyReleases": ["922"],
    "nLastNinetyReleases": [">2000"],
    "nPreorders": ["231"]
  },
  {
    "currentAnalysisName": ["X0041_lesbian_romance_top100_6487835011_20190804.061617"],
    "analysisTimeString": ["20190804.061617"],
    "filenamesRoot": ["lesbian_romance_top100"],
    "categoryLabel": ["Lesbian Romance"],
    "pageLabel": ["Top 100"],
    "browseNodeID": ["6487835011"],
    "medianSalesRank": [16430],
    "medianNPages": [244],
    "priceBreaks": [0, 0.99, 1.99, 2.99, 3.99, 4.99, 9.99],
    "priceCounts": [10, 5, 18, 13, 20, 34],
    "nIsInKU": [76],
    "nIsNotInKU": [24],
    "nReleases": [">10000"],
    "nLastThirtyReleases": ["237"],
    "nLastNinetyReleases": ["577"],
    "nPreorders": ["56"]
  },
  {
    "currentAnalysisName": ["X0041_bisexual_top100_10886542011_20190804.061716"],
    "analysisTimeString": ["20190804.061716"],
    "filenamesRoot": ["bisexual_top100"],
    "categoryLabel": ["Bisexual"],
    "pageLabel": ["Top 100"],
    "browseNodeID": ["10886542011"],
    "medianSalesRank": [10025],
    "medianNPages": [274],
    "priceBreaks": [0, 0.99, 1.99, 2.99, 3.99, 4.99, 12.99],
    "priceCounts": [10, 0, 17, 42, 26, 5],
    "nIsInKU": [93],
    "nIsNotInKU": [7],
    "nReleases": [">6000"],
    "nLastThirtyReleases": ["262"],
    "nLastNinetyReleases": ["604"],
    "nPreorders": ["51"]
  },
  {
    "currentAnalysisName": ["X0041_military_top100_6487836011_20190804.061810"],
    "analysisTimeString": ["20190804.061810"],
    "filenamesRoot": ["military_top100"],
    "categoryLabel": ["Military"],
    "pageLabel": ["Top 100"],
    "browseNodeID": ["6487836011"],
    "medianSalesRank": [1276],
    "medianNPages": [288],
    "priceBreaks": [0, 0.99, 1.99, 2.99, 3.99, 4.99, 9.99],
    "priceCounts": [36, 2, 14, 34, 11, 3],
    "nIsInKU": [86],
    "nIsNotInKU": [14],
    "nReleases": [">20000"],
    "nLastThirtyReleases": ["418"],
    "nLastNinetyReleases": [">1000"],
    "nPreorders": ["268"]
  },
  {
    "currentAnalysisName": ["X0041_mystery_and_suspense_top100_6487839011_20190804.061907"],
    "analysisTimeString": ["20190804.061907"],
    "filenamesRoot": ["mystery_and_suspense_top100"],
    "categoryLabel": ["Mystery & Suspense"],
    "pageLabel": ["Top 100"],
    "browseNodeID": ["6487839011"],
    "medianSalesRank": [613],
    "medianNPages": [322],
    "priceBreaks": [0, 0.99, 1.99, 2.99, 3.99, 4.99, 14.99],
    "priceCounts": [19, 6, 8, 31, 21, 15],
    "nIsInKU": [86],
    "nIsNotInKU": [14],
    "nReleases": [">50000"],
    "nLastThirtyReleases": [">1000"],
    "nLastNinetyReleases": [">3000"],
    "nPreorders": ["662"]
  },
  {
    "currentAnalysisName": ["X0041_new_adult_and_college_top100_6487838011_20190804.061959"],
    "analysisTimeString": ["20190804.061959"],
    "filenamesRoot": ["new_adult_and_college_top100"],
    "categoryLabel": ["New Adult & College"],
    "pageLabel": ["Top 100"],
    "browseNodeID": ["6487838011"],
    "medianSalesRank": [632],
    "medianNPages": [319],
    "priceBreaks": [0, 0.99, 1.99, 2.99, 3.99, 4.99, 9.99],
    "priceCounts": [21, 0, 23, 42, 10, 4],
    "nIsInKU": [98],
    "nIsNotInKU": [2],
    "nReleases": [">20000"],
    "nLastThirtyReleases": ["363"],
    "nLastNinetyReleases": [">1000"],
    "nPreorders": ["189"]
  },
  {
    "currentAnalysisName": ["X0041_paranormal_top100_6190484011_20190804.062053"],
    "analysisTimeString": ["20190804.062053"],
    "filenamesRoot": ["paranormal_top100"],
    "categoryLabel": ["Paranormal"],
    "pageLabel": ["Top 100"],
    "browseNodeID": ["6190484011"],
    "medianSalesRank": [760],
    "medianNPages": [269],
    "priceBreaks": [0, 0.99, 1.99, 2.99, 3.99, 4.99, 13.99],
    "priceCounts": [27, 2, 15, 27, 26, 3],
    "nIsInKU": [89],
    "nIsNotInKU": [11],
    "nReleases": [">50000"],
    "nLastThirtyReleases": ["895"],
    "nLastNinetyReleases": [">2000"],
    "nPreorders": ["548"]
  },
  {
    "currentAnalysisName": ["X0041_romantic_comedy_top100_6487841011_20190804.062150"],
    "analysisTimeString": ["20190804.062150"],
    "filenamesRoot": ["romantic_comedy_top100"],
    "categoryLabel": ["Romantic Comedy"],
    "pageLabel": ["Top 100"],
    "browseNodeID": ["6487841011"],
    "medianSalesRank": [429],
    "medianNPages": [318],
    "priceBreaks": [0, 0.99, 1.99, 2.99, 3.99, 4.99, 11.99],
    "priceCounts": [30, 8, 8, 24, 23, 7],
    "nIsInKU": [89],
    "nIsNotInKU": [11],
    "nReleases": [">50000"],
    "nLastThirtyReleases": [">1000"],
    "nLastNinetyReleases": [">3000"],
    "nPreorders": ["538"]
  },
  {
    "currentAnalysisName": ["X0041_science_fiction_top100_6401744011_20190804.062243"],
    "analysisTimeString": ["20190804.062243"],
    "filenamesRoot": ["science_fiction_top100"],
    "categoryLabel": ["Science Fiction"],
    "pageLabel": ["Top 100"],
    "browseNodeID": ["6401744011"],
    "medianSalesRank": [1764],
    "medianNPages": [291],
    "priceBreaks": [0, 0.99, 1.99, 2.99, 3.99, 4.99, 14.99],
    "priceCounts": [13, 4, 20, 23, 26, 14],
    "nIsInKU": [87],
    "nIsNotInKU": [13],
    "nReleases": [">10000"],
    "nLastThirtyReleases": ["251"],
    "nLastNinetyReleases": ["705"],
    "nPreorders": ["138"]
  },
  {
    "currentAnalysisName": ["X0041_sports_top100_6487842011_20190804.062338"],
    "analysisTimeString": ["20190804.062338"],
    "filenamesRoot": ["sports_top100"],
    "categoryLabel": ["Sports"],
    "pageLabel": ["Top 100"],
    "browseNodeID": ["6487842011"],
    "medianSalesRank": [1094],
    "medianNPages": [302],
    "priceBreaks": [0, 0.99, 1.99, 2.99, 3.99, 4.99, 9.99],
    "priceCounts": [26, 1, 10, 48, 13, 2],
    "nIsInKU": [93],
    "nIsNotInKU": [7],
    "nReleases": [">10000"],
    "nLastThirtyReleases": ["290"],
    "nLastNinetyReleases": ["797"],
    "nPreorders": ["143"]
  },
  {
    "currentAnalysisName": ["X0041_westerns_top100_6190489011_20190804.062432"],
    "analysisTimeString": ["20190804.062432"],
    "filenamesRoot": ["westerns_top100"],
    "categoryLabel": ["Westerns"],
    "pageLabel": ["Top 100"],
    "browseNodeID": ["6190489011"],
    "medianSalesRank": [2783],
    "medianNPages": [274],
    "priceBreaks": [0, 0.99, 1.99, 2.99, 3.99, 4.99, 9.99],
    "priceCounts": [61, 2, 16, 11, 6, 4],
    "nIsInKU": [82],
    "nIsNotInKU": [18],
    "nReleases": [">20000"],
    "nLastThirtyReleases": ["323"],
    "nLastNinetyReleases": ["933"],
    "nPreorders": ["190"]
  }
]
