[
  {
    "currentAnalysisName": ["X0046_romance_top100_158566011_20191104.005054"],
    "analysisTimeString": ["20191104.005054"],
    "filenamesRoot": ["romance_top100"],
    "categoryLabel": ["Romance"],
    "pageLabel": ["Top 100"],
    "browseNodeID": ["158566011"],
    "medianSalesRank": [119],
    "medianNPages": [330],
    "priceBreaks": [0, 0.99, 1.99, 2.99, 3.99, 4.99, 14.99],
    "priceCounts": [18, 6, 19, 29, 20, 8],
    "nIsInKU": [83],
    "nIsNotInKU": [17],
    "nReleases": [">50000"],
    "nLastThirtyReleases": [">10000"],
    "nLastNinetyReleases": [">30000"],
    "nPreorders": [">4000"]
  },
  {
    "currentAnalysisName": ["X0046_african_american_top100_6190465011_20191104.005148"],
    "analysisTimeString": ["20191104.005148"],
    "filenamesRoot": ["african_american_top100"],
    "categoryLabel": ["African American"],
    "pageLabel": ["Top 100"],
    "browseNodeID": ["6190465011"],
    "medianSalesRank": [2591],
    "medianNPages": [211],
    "priceBreaks": [0, 0.99, 1.99, 2.99, 3.99, 4.99, 9.99],
    "priceCounts": [34, 3, 27, 8, 9, 19],
    "nIsInKU": [98],
    "nIsNotInKU": [2],
    "nReleases": [">10000"],
    "nLastThirtyReleases": ["309"],
    "nLastNinetyReleases": ["886"],
    "nPreorders": ["58"]
  },
  {
    "currentAnalysisName": ["X0046_clean_and_wholesome_top100_11650867011_20191104.005239"],
    "analysisTimeString": ["20191104.005239"],
    "filenamesRoot": ["clean_and_wholesome_top100"],
    "categoryLabel": ["Clean & Wholesome"],
    "pageLabel": ["Top 100"],
    "browseNodeID": ["11650867011"],
    "medianSalesRank": [2990],
    "medianNPages": [313],
    "priceBreaks": [0, 0.99, 1.99, 2.99, 3.99, 4.99, 9.99],
    "priceCounts": [44, 3, 7, 24, 11, 11],
    "nIsInKU": [85],
    "nIsNotInKU": [15],
    "nReleases": [">8000"],
    "nLastThirtyReleases": ["159"],
    "nLastNinetyReleases": ["545"],
    "nPreorders": ["157"]
  },
  {
    "currentAnalysisName": ["X0046_contemporary_top100_158568011_20191104.005333"],
    "analysisTimeString": ["20191104.005333"],
    "filenamesRoot": ["contemporary_top100"],
    "categoryLabel": ["Contemporary"],
    "pageLabel": ["Top 100"],
    "browseNodeID": ["158568011"],
    "medianSalesRank": [240],
    "medianNPages": [302],
    "priceBreaks": [0, 0.99, 1.99, 2.99, 3.99, 4.99, 14.99],
    "priceCounts": [26, 4, 12, 31, 16, 11],
    "nIsInKU": [88],
    "nIsNotInKU": [12],
    "nReleases": [">50000"],
    "nLastThirtyReleases": [">3000"],
    "nLastNinetyReleases": [">9000"],
    "nPreorders": [">2000"]
  },
  {
    "currentAnalysisName": ["X0046_gothic_top100_6487830011_20191104.005424"],
    "analysisTimeString": ["20191104.005424"],
    "filenamesRoot": ["gothic_top100"],
    "categoryLabel": ["Gothic"],
    "pageLabel": ["Top 100"],
    "browseNodeID": ["6487830011"],
    "medianSalesRank": [3891],
    "medianNPages": [277],
    "priceBreaks": [0, 0.99, 1.99, 2.99, 3.99, 4.99, 10.99],
    "priceCounts": [12, 2, 10, 31, 38, 7],
    "nIsInKU": [91],
    "nIsNotInKU": [9],
    "nReleases": [">3000"],
    "nLastThirtyReleases": ["88"],
    "nLastNinetyReleases": ["208"],
    "nPreorders": ["                16"]
  },
  {
    "currentAnalysisName": ["X0046_historical_romance_top100_158571011_20191104.005514"],
    "analysisTimeString": ["20191104.005514"],
    "filenamesRoot": ["historical_romance_top100"],
    "categoryLabel": ["Historical Romance"],
    "pageLabel": ["Top 100"],
    "browseNodeID": ["158571011"],
    "medianSalesRank": [1359],
    "medianNPages": [324],
    "priceBreaks": [0, 0.99, 1.99, 2.99, 3.99, 4.99, 10.99],
    "priceCounts": [44, 6, 11, 16, 12, 9],
    "nIsInKU": [79],
    "nIsNotInKU": [21],
    "nReleases": [">50000"],
    "nLastThirtyReleases": [">1000"],
    "nLastNinetyReleases": [">3000"],
    "nPreorders": ["471"]
  },
  {
    "currentAnalysisName": ["X0046_gay_romance_top100_6487829011_20191104.005605"],
    "analysisTimeString": ["20191104.005605"],
    "filenamesRoot": ["gay_romance_top100"],
    "categoryLabel": ["Gay Romance"],
    "pageLabel": ["Top 100"],
    "browseNodeID": ["6487829011"],
    "medianSalesRank": [2885],
    "medianNPages": [248],
    "priceBreaks": [0, 0.99, 1.99, 2.99, 3.99, 4.99, 9.99],
    "priceCounts": [10, 1, 29, 33, 23, 4],
    "nIsInKU": [91],
    "nIsNotInKU": [9],
    "nReleases": [">40000"],
    "nLastThirtyReleases": ["962"],
    "nLastNinetyReleases": [">2000"],
    "nPreorders": ["308"]
  },
  {
    "currentAnalysisName": ["X0046_lesbian_romance_top100_6487835011_20191104.005653"],
    "analysisTimeString": ["20191104.005653"],
    "filenamesRoot": ["lesbian_romance_top100"],
    "categoryLabel": ["Lesbian Romance"],
    "pageLabel": ["Top 100"],
    "browseNodeID": ["6487835011"],
    "medianSalesRank": [11331],
    "medianNPages": [236],
    "priceBreaks": [0, 0.99, 1.99, 2.99, 3.99, 4.99, 13.99],
    "priceCounts": [8, 0, 17, 18, 20, 37],
    "nIsInKU": [80],
    "nIsNotInKU": [20],
    "nReleases": [">10000"],
    "nLastThirtyReleases": ["253"],
    "nLastNinetyReleases": ["743"],
    "nPreorders": ["67"]
  },
  {
    "currentAnalysisName": ["X0046_bisexual_top100_10886542011_20191104.010647"],
    "analysisTimeString": ["20191104.010647"],
    "filenamesRoot": ["bisexual_top100"],
    "categoryLabel": ["Bisexual"],
    "pageLabel": ["Top 100"],
    "browseNodeID": ["10886542011"],
    "medianSalesRank": [8913],
    "medianNPages": [249],
    "priceBreaks": [0, 0.99, 1.99, 2.99, 3.99, 4.99, 12.99],
    "priceCounts": [12, 0, 26, 35, 22, 5],
    "nIsInKU": [92],
    "nIsNotInKU": [8],
    "nReleases": [">6000"],
    "nLastThirtyReleases": ["236"],
    "nLastNinetyReleases": ["592"],
    "nPreorders": ["58"]
  },
  {
    "currentAnalysisName": ["X0046_military_top100_6487836011_20191104.010944"],
    "analysisTimeString": ["20191104.010944"],
    "filenamesRoot": ["military_top100"],
    "categoryLabel": ["Military"],
    "pageLabel": ["Top 100"],
    "browseNodeID": ["6487836011"],
    "medianSalesRank": [1171],
    "medianNPages": [304],
    "priceBreaks": [0, 0.99, 1.99, 2.99, 3.99, 4.99, 12.99],
    "priceCounts": [24, 4, 18, 35, 13, 6],
    "nIsInKU": [88],
    "nIsNotInKU": [12],
    "nReleases": [">20000"],
    "nLastThirtyReleases": ["549"],
    "nLastNinetyReleases": [">1000"],
    "nPreorders": ["290"]
  },
  {
    "currentAnalysisName": ["X0046_mystery_and_suspense_top100_6487839011_20191104.011659"],
    "analysisTimeString": ["20191104.011659"],
    "filenamesRoot": ["mystery_and_suspense_top100"],
    "categoryLabel": ["Mystery & Suspense"],
    "pageLabel": ["Top 100"],
    "browseNodeID": ["6487839011"],
    "medianSalesRank": [587],
    "medianNPages": [334],
    "priceBreaks": [0, 0.99, 1.99, 2.99, 3.99, 4.99, 14.99],
    "priceCounts": [14, 1, 11, 31, 31, 12],
    "nIsInKU": [78],
    "nIsNotInKU": [22],
    "nReleases": [">50000"],
    "nLastThirtyReleases": [">1000"],
    "nLastNinetyReleases": [">3000"],
    "nPreorders": ["712"]
  },
  {
    "currentAnalysisName": ["X0046_new_adult_and_college_top100_6487838011_20191104.012156"],
    "analysisTimeString": ["20191104.012156"],
    "filenamesRoot": ["new_adult_and_college_top100"],
    "categoryLabel": ["New Adult & College"],
    "pageLabel": ["Top 100"],
    "browseNodeID": ["6487838011"],
    "medianSalesRank": [736],
    "medianNPages": [319],
    "priceBreaks": [0, 0.99, 1.99, 2.99, 3.99, 4.99, 12.99],
    "priceCounts": [20, 1, 22, 41, 10, 6],
    "nIsInKU": [90],
    "nIsNotInKU": [10],
    "nReleases": [">20000"],
    "nLastThirtyReleases": ["410"],
    "nLastNinetyReleases": [">1000"],
    "nPreorders": ["197"]
  },
  {
    "currentAnalysisName": ["X0046_paranormal_top100_6190484011_20191104.012707"],
    "analysisTimeString": ["20191104.012707"],
    "filenamesRoot": ["paranormal_top100"],
    "categoryLabel": ["Paranormal"],
    "pageLabel": ["Top 100"],
    "browseNodeID": ["6190484011"],
    "medianSalesRank": [637],
    "medianNPages": [295],
    "priceBreaks": [0, 0.99, 1.99, 2.99, 3.99, 4.99, 14.99],
    "priceCounts": [18, 1, 18, 31, 29, 3],
    "nIsInKU": [92],
    "nIsNotInKU": [8],
    "nReleases": [">50000"],
    "nLastThirtyReleases": [">1000"],
    "nLastNinetyReleases": [">2000"],
    "nPreorders": ["599"]
  },
  {
    "currentAnalysisName": ["X0046_romantic_comedy_top100_6487841011_20191104.012914"],
    "analysisTimeString": ["20191104.012914"],
    "filenamesRoot": ["romantic_comedy_top100"],
    "categoryLabel": ["Romantic Comedy"],
    "pageLabel": ["Top 100"],
    "browseNodeID": ["6487841011"],
    "medianSalesRank": [502],
    "medianNPages": [303],
    "priceBreaks": [0, 0.99, 1.99, 2.99, 3.99, 4.99, 13.99],
    "priceCounts": [20, 4, 22, 25, 22, 7],
    "nIsInKU": [84],
    "nIsNotInKU": [16],
    "nReleases": [">50000"],
    "nLastThirtyReleases": [">1000"],
    "nLastNinetyReleases": [">3000"],
    "nPreorders": ["650"]
  },
  {
    "currentAnalysisName": ["X0046_science_fiction_top100_6401744011_20191104.013506"],
    "analysisTimeString": ["20191104.013506"],
    "filenamesRoot": ["science_fiction_top100"],
    "categoryLabel": ["Science Fiction"],
    "pageLabel": ["Top 100"],
    "browseNodeID": ["6401744011"],
    "medianSalesRank": [2106],
    "medianNPages": [229],
    "priceBreaks": [0, 0.99, 1.99, 2.99, 3.99, 4.99, 13.99],
    "priceCounts": [9, 1, 31, 30, 18, 11],
    "nIsInKU": [91],
    "nIsNotInKU": [9],
    "nReleases": [">10000"],
    "nLastThirtyReleases": ["314"],
    "nLastNinetyReleases": ["850"],
    "nPreorders": ["137"]
  },
  {
    "currentAnalysisName": ["X0046_sports_top100_6487842011_20191104.013843"],
    "analysisTimeString": ["20191104.013843"],
    "filenamesRoot": ["sports_top100"],
    "categoryLabel": ["Sports"],
    "pageLabel": ["Top 100"],
    "browseNodeID": ["6487842011"],
    "medianSalesRank": [1318],
    "medianNPages": [324],
    "priceBreaks": [0, 0.99, 1.99, 2.99, 3.99, 4.99, 9.99],
    "priceCounts": [13, 0, 14, 53, 14, 6],
    "nIsInKU": [90],
    "nIsNotInKU": [10],
    "nReleases": [">10000"],
    "nLastThirtyReleases": ["291"],
    "nLastNinetyReleases": ["718"],
    "nPreorders": ["148"]
  },
  {
    "currentAnalysisName": ["X0046_westerns_top100_6190489011_20191104.014349"],
    "analysisTimeString": ["20191104.014349"],
    "filenamesRoot": ["westerns_top100"],
    "categoryLabel": ["Westerns"],
    "pageLabel": ["Top 100"],
    "browseNodeID": ["6190489011"],
    "medianSalesRank": [3360],
    "medianNPages": [269],
    "priceBreaks": [0, 0.99, 1.99, 2.99, 3.99, 4.99, 7.99],
    "priceCounts": [57, 3, 8, 17, 8, 5],
    "nIsInKU": [84],
    "nIsNotInKU": [16],
    "nReleases": [">20000"],
    "nLastThirtyReleases": ["301"],
    "nLastNinetyReleases": ["874"],
    "nPreorders": ["177"]
  }
]
