[
  {
    "currentAnalysisName": ["X0025_m_t_s_top100_157305011_20181202.221647"],
    "analysisTimeString": ["20181202.221647"],
    "filenamesRoot": ["m_t_s_top100"],
    "categoryLabel": ["Mystery, Thriller & Suspense"],
    "pageLabel": ["Top 100"],
    "browseNodeID": ["157305011"],
    "medianSalesRank": [185],
    "medianNPages": [345],
    "priceBreaks": [0, 0.99, 1.99, 2.99, 3.99, 4.99, 14.99],
    "priceCounts": [15, 11, 11, 11, 20, 31],
    "nIsInKU": [57],
    "nIsNotInKU": [43],
    "nReleases": [">50000"],
    "nLastThirtyReleases": [">6000"],
    "nLastNinetyReleases": [">10000"],
    "nPreorders": [">1000"]
  },
  {
    "currentAnalysisName": ["X0025_heist_top100_7130623011_20181202.221802"],
    "analysisTimeString": ["20181202.221802"],
    "filenamesRoot": ["heist_top100"],
    "categoryLabel": ["Heist"],
    "pageLabel": ["Top 100"],
    "browseNodeID": ["7130623011"],
    "medianSalesRank": [10577],
    "medianNPages": [269],
    "priceBreaks": [0, 0.99, 1.99, 2.99, 3.99, 4.99, 12.99],
    "priceCounts": [13, 2, 31, 31, 6, 17],
    "nIsInKU": [87],
    "nIsNotInKU": [13],
    "nReleases": [">2000"],
    "nLastThirtyReleases": ["34"],
    "nLastNinetyReleases": ["109"],
    "nPreorders": ["12"]
  },
  {
    "currentAnalysisName": ["X0025_kidnapping_top100_7151518011_20181202.221924"],
    "analysisTimeString": ["20181202.221924"],
    "filenamesRoot": ["kidnapping_top100"],
    "categoryLabel": ["Kidnapping"],
    "pageLabel": ["Top 100"],
    "browseNodeID": ["7151518011"],
    "medianSalesRank": [6442],
    "medianNPages": [314],
    "priceBreaks": [0, 0.99, 1.99, 2.99, 3.99, 4.99, 14.99],
    "priceCounts": [18, 10, 16, 26, 20, 10],
    "nIsInKU": [88],
    "nIsNotInKU": [12],
    "nReleases": [">2000"],
    "nLastThirtyReleases": ["38"],
    "nLastNinetyReleases": ["98"],
    "nPreorders": ["14"]
  },
  {
    "currentAnalysisName": ["X0025_murder_top100_7130624011_20181202.222040"],
    "analysisTimeString": ["20181202.222040"],
    "filenamesRoot": ["murder_top100"],
    "categoryLabel": ["Murder"],
    "pageLabel": ["Top 100"],
    "browseNodeID": ["7130624011"],
    "medianSalesRank": [1528],
    "medianNPages": [336],
    "priceBreaks": [0, 0.99, 1.99, 2.99, 3.99, 4.99, 14.99],
    "priceCounts": [17, 12, 10, 12, 26, 23],
    "nIsInKU": [76],
    "nIsNotInKU": [24],
    "nReleases": [">10000"],
    "nLastThirtyReleases": ["198"],
    "nLastNinetyReleases": ["622"],
    "nPreorders": ["79"]
  },
  {
    "currentAnalysisName": ["X0025_noir_top100_7130625011_20181202.222155"],
    "analysisTimeString": ["20181202.222155"],
    "filenamesRoot": ["noir_top100"],
    "categoryLabel": ["Noir"],
    "pageLabel": ["Top 100"],
    "browseNodeID": ["7130625011"],
    "medianSalesRank": [7833],
    "medianNPages": [305],
    "priceBreaks": [0, 0.99, 1.99, 2.99, 3.99, 4.99, 14.99],
    "priceCounts": [18, 2, 22, 14, 28, 16],
    "nIsInKU": [76],
    "nIsNotInKU": [24],
    "nReleases": [">4000"],
    "nLastThirtyReleases": ["73"],
    "nLastNinetyReleases": ["230"],
    "nPreorders": ["37"]
  },
  {
    "currentAnalysisName": ["X0025_organized_crime_top100_7130626011_20181202.222306"],
    "analysisTimeString": ["20181202.222306"],
    "filenamesRoot": ["organized_crime_top100"],
    "categoryLabel": ["Organized Crime"],
    "pageLabel": ["Top 100"],
    "browseNodeID": ["7130626011"],
    "medianSalesRank": [8107],
    "medianNPages": [288],
    "priceBreaks": [0, 0.99, 1.99, 2.99, 3.99, 4.99, 9.99],
    "priceCounts": [15, 0, 19, 38, 16, 12],
    "nIsInKU": [76],
    "nIsNotInKU": [24],
    "nReleases": [">3000"],
    "nLastThirtyReleases": ["59"],
    "nLastNinetyReleases": ["195"],
    "nPreorders": ["25"]
  },
  {
    "currentAnalysisName": ["X0025_serial_killers_top100_7130627011_20181202.222418"],
    "analysisTimeString": ["20181202.222418"],
    "filenamesRoot": ["serial_killers_top100"],
    "categoryLabel": ["Serial Killers"],
    "pageLabel": ["Top 100"],
    "browseNodeID": ["7130627011"],
    "medianSalesRank": [2780],
    "medianNPages": [317],
    "priceBreaks": [0, 0.99, 1.99, 2.99, 3.99, 4.99, 14.99],
    "priceCounts": [23, 8, 17, 12, 19, 20],
    "nIsInKU": [87],
    "nIsNotInKU": [13],
    "nReleases": [">3000"],
    "nLastThirtyReleases": ["48"],
    "nLastNinetyReleases": ["177"],
    "nPreorders": ["28"]
  },
  {
    "currentAnalysisName": ["X0025_vigilante_justice_top100_7130628011_20181202.222530"],
    "analysisTimeString": ["20181202.222530"],
    "filenamesRoot": ["vigilante_justice_top100"],
    "categoryLabel": ["Vigilante Justice"],
    "pageLabel": ["Top 100"],
    "browseNodeID": ["7130628011"],
    "medianSalesRank": [5615],
    "medianNPages": [289],
    "priceBreaks": [0, 0.99, 1.99, 2.99, 3.99, 4.99, 9.99],
    "priceCounts": [13, 3, 12, 14, 46, 12],
    "nIsInKU": [92],
    "nIsNotInKU": [8],
    "nReleases": [">1000"],
    "nLastThirtyReleases": ["44"],
    "nLastNinetyReleases": ["129"],
    "nPreorders": ["29"]
  },
  {
    "currentAnalysisName": ["X0025_m_t_s_a_a_top100_6190464011_20181202.222641"],
    "analysisTimeString": ["20181202.222641"],
    "filenamesRoot": ["m_t_s_a_a_top100"],
    "categoryLabel": ["Mystery: African American"],
    "pageLabel": ["Top 100"],
    "browseNodeID": ["6190464011"],
    "medianSalesRank": [20111],
    "medianNPages": [254],
    "priceBreaks": [0, 0.99, 1.99, 2.99, 3.99, 4.99, 11.99],
    "priceCounts": [41, 4, 14, 20, 7, 14],
    "nIsInKU": [83],
    "nIsNotInKU": [17],
    "nReleases": [">2000"],
    "nLastThirtyReleases": ["76"],
    "nLastNinetyReleases": ["217"],
    "nPreorders": ["14"]
  },
  {
    "currentAnalysisName": ["X0025_cozy_mystery_top100_6190476011_20181202.222757"],
    "analysisTimeString": ["20181202.222757"],
    "filenamesRoot": ["cozy_mystery_top100"],
    "categoryLabel": ["Mystery: Cozy"],
    "pageLabel": ["Top 100"],
    "browseNodeID": ["6190476011"],
    "medianSalesRank": [2247],
    "medianNPages": [268],
    "priceBreaks": [0, 0.99, 1.99, 2.99, 3.99, 4.99, 14.99],
    "priceCounts": [33, 6, 17, 15, 21, 8],
    "nIsInKU": [83],
    "nIsNotInKU": [17],
    "nReleases": [">20000"],
    "nLastThirtyReleases": ["516"],
    "nLastNinetyReleases": [">1000"],
    "nPreorders": ["223"]
  },
  {
    "currentAnalysisName": ["X0025_hardboiled_mystery_top100_157312011_20181202.222911"],
    "analysisTimeString": ["20181202.222911"],
    "filenamesRoot": ["hardboiled_mystery_top100"],
    "categoryLabel": ["Mystery: Hard-Boiled"],
    "pageLabel": ["Top 100"],
    "browseNodeID": ["157312011"],
    "medianSalesRank": [7871],
    "medianNPages": [314],
    "priceBreaks": [0, 0.99, 1.99, 2.99, 3.99, 4.99, 13.99],
    "priceCounts": [14, 9, 3, 31, 20, 23],
    "nIsInKU": [75],
    "nIsNotInKU": [25],
    "nReleases": [">10000"],
    "nLastThirtyReleases": ["280"],
    "nLastNinetyReleases": ["730"],
    "nPreorders": ["74"]
  },
  {
    "currentAnalysisName": ["X0025_historical_mystery_top100_157313011_20181202.223034"],
    "analysisTimeString": ["20181202.223034"],
    "filenamesRoot": ["historical_mystery_top100"],
    "categoryLabel": ["Mystery: Historical"],
    "pageLabel": ["Top 100"],
    "browseNodeID": ["157313011"],
    "medianSalesRank": [6202],
    "medianNPages": [321],
    "priceBreaks": [0, 0.99, 1.99, 2.99, 3.99, 4.99, 15.49],
    "priceCounts": [11, 11, 17, 13, 21, 27],
    "nIsInKU": [65],
    "nIsNotInKU": [35],
    "nReleases": [">10000"],
    "nLastThirtyReleases": ["262"],
    "nLastNinetyReleases": ["673"],
    "nPreorders": ["83"]
  },
  {
    "currentAnalysisName": ["X0025_international_mystery_top100_6361461011_20181202.223151"],
    "analysisTimeString": ["20181202.223151"],
    "filenamesRoot": ["international_mystery_top100"],
    "categoryLabel": ["Mystery: International"],
    "pageLabel": ["Top 100"],
    "browseNodeID": ["6361461011"],
    "medianSalesRank": [2560],
    "medianNPages": [346],
    "priceBreaks": [0, 0.99, 1.99, 2.99, 3.99, 4.99, 22.38],
    "priceCounts": [9, 3, 4, 7, 30, 45],
    "nIsInKU": [62],
    "nIsNotInKU": [38],
    "nReleases": [">10000"],
    "nLastThirtyReleases": ["307"],
    "nLastNinetyReleases": ["745"],
    "nPreorders": ["96"]
  },
  {
    "currentAnalysisName": ["X0025_lgbt_mystery_top100_7130633011_20181202.223305"],
    "analysisTimeString": ["20181202.223305"],
    "filenamesRoot": ["lgbt_mystery_top100"],
    "categoryLabel": ["Mystery: LGBT"],
    "pageLabel": ["Top 100"],
    "browseNodeID": ["7130633011"],
    "medianSalesRank": [60739],
    "medianNPages": [270],
    "priceBreaks": [0, 0.99, 1.99, 2.99, 3.99, 4.99, 11.99],
    "priceCounts": [7, 4, 21, 27, 10, 30],
    "nIsInKU": [57],
    "nIsNotInKU": [43],
    "nReleases": [">2000"],
    "nLastThirtyReleases": ["23"],
    "nLastNinetyReleases": ["95"],
    "nPreorders": ["6"]
  },
  {
    "currentAnalysisName": ["X0025_police_procedurals_top100_157318011_20181202.223424"],
    "analysisTimeString": ["20181202.223424"],
    "filenamesRoot": ["police_procedurals_top100"],
    "categoryLabel": ["Police Procedurals"],
    "pageLabel": ["Top 100"],
    "browseNodeID": ["157318011"],
    "medianSalesRank": [915],
    "medianNPages": [340],
    "priceBreaks": [0, 0.99, 1.99, 2.99, 3.99, 4.99, 14.99],
    "priceCounts": [16, 12, 11, 8, 24, 29],
    "nIsInKU": [77],
    "nIsNotInKU": [23],
    "nReleases": [">20000"],
    "nLastThirtyReleases": ["349"],
    "nLastNinetyReleases": [">1000"],
    "nPreorders": ["154"]
  },
  {
    "currentAnalysisName": ["X0025_private_eyes_top100_6190477011_20181202.223532"],
    "analysisTimeString": ["20181202.223532"],
    "filenamesRoot": ["private_eyes_top100"],
    "categoryLabel": ["Private Investigators"],
    "pageLabel": ["Top 100"],
    "browseNodeID": ["6190477011"],
    "medianSalesRank": [3584],
    "medianNPages": [332],
    "priceBreaks": [0, 0.99, 1.99, 2.99, 3.99, 4.99, 14.99],
    "priceCounts": [15, 14, 12, 10, 13, 35],
    "nIsInKU": [53],
    "nIsNotInKU": [47],
    "nReleases": [">10000"],
    "nLastThirtyReleases": ["316"],
    "nLastNinetyReleases": ["818"],
    "nPreorders": ["98"]
  },
  {
    "currentAnalysisName": ["X0025_traditional_detectives_top100_157309011_20181202.223644"],
    "analysisTimeString": ["20181202.223644"],
    "filenamesRoot": ["traditional_detectives_top100"],
    "categoryLabel": ["Traditional Detectives"],
    "pageLabel": ["Top 100"],
    "browseNodeID": ["157309011"],
    "medianSalesRank": [4574],
    "medianNPages": [272],
    "priceBreaks": [0, 0.99, 1.99, 2.99, 3.99, 4.99, 22.38],
    "priceCounts": [14, 15, 22, 16, 11, 21],
    "nIsInKU": [58],
    "nIsNotInKU": [42],
    "nReleases": [">10000"],
    "nLastThirtyReleases": ["220"],
    "nLastNinetyReleases": ["536"],
    "nPreorders": ["55"]
  },
  {
    "currentAnalysisName": ["X0025_women_sleuths_top100_157317011_20181202.223755"],
    "analysisTimeString": ["20181202.223755"],
    "filenamesRoot": ["women_sleuths_top100"],
    "categoryLabel": ["Women Sleuths"],
    "pageLabel": ["Top 100"],
    "browseNodeID": ["157317011"],
    "medianSalesRank": [1329],
    "medianNPages": [335],
    "priceBreaks": [0, 0.99, 1.99, 2.99, 3.99, 4.99, 14.99],
    "priceCounts": [16, 15, 6, 7, 22, 34],
    "nIsInKU": [76],
    "nIsNotInKU": [24],
    "nReleases": [">30000"],
    "nLastThirtyReleases": ["472"],
    "nLastNinetyReleases": [">1000"],
    "nPreorders": ["272"]
  },
  {
    "currentAnalysisName": ["X0025_ghosts_top100_7130635011_20181202.223902"],
    "analysisTimeString": ["20181202.223902"],
    "filenamesRoot": ["ghosts_top100"],
    "categoryLabel": ["Suspense: Ghosts"],
    "pageLabel": ["Top 100"],
    "browseNodeID": ["7130635011"],
    "medianSalesRank": [11773],
    "medianNPages": [320],
    "priceBreaks": [0, 0.99, 1.99, 2.99, 3.99, 4.99, 14.99],
    "priceCounts": [7, 5, 12, 21, 23, 28],
    "nIsInKU": [68],
    "nIsNotInKU": [32],
    "nReleases": [">2000"],
    "nLastThirtyReleases": ["24"],
    "nLastNinetyReleases": ["81"],
    "nPreorders": ["10"]
  },
  {
    "currentAnalysisName": ["X0025_suspense_horror_top100_7130636011_20181202.224021"],
    "analysisTimeString": ["20181202.224021"],
    "filenamesRoot": ["suspense_horror_top100"],
    "categoryLabel": ["Suspense: Horror"],
    "pageLabel": ["Top 100"],
    "browseNodeID": ["7130636011"],
    "medianSalesRank": [8761],
    "medianNPages": [368],
    "priceBreaks": [0, 0.99, 1.99, 2.99, 3.99, 4.99, 14.99],
    "priceCounts": [23, 5, 11, 18, 17, 26],
    "nIsInKU": [73],
    "nIsNotInKU": [27],
    "nReleases": [">5000"],
    "nLastThirtyReleases": ["108"],
    "nLastNinetyReleases": ["289"],
    "nPreorders": ["27"]
  },
  {
    "currentAnalysisName": ["X0025_suspense_occult_top100_7130637011_20181202.224134"],
    "analysisTimeString": ["20181202.224134"],
    "filenamesRoot": ["suspense_occult_top100"],
    "categoryLabel": ["Suspense: Occult"],
    "pageLabel": ["Top 100"],
    "browseNodeID": ["7130637011"],
    "medianSalesRank": [11625],
    "medianNPages": [344],
    "priceBreaks": [0, 0.99, 1.99, 2.99, 3.99, 4.99, 14.99],
    "priceCounts": [15, 3, 12, 17, 31, 22],
    "nIsInKU": [83],
    "nIsNotInKU": [17],
    "nReleases": [">2000"],
    "nLastThirtyReleases": ["41"],
    "nLastNinetyReleases": ["129"],
    "nPreorders": ["25"]
  },
  {
    "currentAnalysisName": ["X0025_suspense_paranormal_top100_7130638011_20181202.224247"],
    "analysisTimeString": ["20181202.224247"],
    "filenamesRoot": ["suspense_paranormal_top100"],
    "categoryLabel": ["Suspense: Paranormal"],
    "pageLabel": ["Top 100"],
    "browseNodeID": ["7130638011"],
    "medianSalesRank": [1984],
    "medianNPages": [317],
    "priceBreaks": [0, 0.99, 1.99, 2.99, 3.99, 4.99, 14.99],
    "priceCounts": [21, 6, 11, 32, 16, 14],
    "nIsInKU": [82],
    "nIsNotInKU": [18],
    "nReleases": [">10000"],
    "nLastThirtyReleases": ["387"],
    "nLastNinetyReleases": [">1000"],
    "nPreorders": ["128"]
  },
  {
    "currentAnalysisName": ["X0025_suspense_political_top100_6190490011_20181202.224357"],
    "analysisTimeString": ["20181202.224357"],
    "filenamesRoot": ["suspense_political_top100"],
    "categoryLabel": ["Suspense: Political"],
    "pageLabel": ["Top 100"],
    "browseNodeID": ["6190490011"],
    "medianSalesRank": [2866],
    "medianNPages": [346],
    "priceBreaks": [0, 0.99, 1.99, 2.99, 3.99, 4.99, 14.99],
    "priceCounts": [5, 6, 6, 2, 43, 38],
    "nIsInKU": [71],
    "nIsNotInKU": [29],
    "nReleases": [">7000"],
    "nLastThirtyReleases": ["124"],
    "nLastNinetyReleases": ["339"],
    "nPreorders": ["48"]
  },
  {
    "currentAnalysisName": ["X0025_psychological_fiction_top100_6190491011_20181202.224513"],
    "analysisTimeString": ["20181202.224513"],
    "filenamesRoot": ["psychological_fiction_top100"],
    "categoryLabel": ["Psychological Fiction"],
    "pageLabel": ["Top 100"],
    "browseNodeID": ["6190491011"],
    "medianSalesRank": [1163],
    "medianNPages": [323],
    "priceBreaks": [0, 0.99, 1.99, 2.99, 3.99, 4.99, 14.99],
    "priceCounts": [14, 13, 4, 12, 22, 35],
    "nIsInKU": [59],
    "nIsNotInKU": [41],
    "nReleases": [">10000"],
    "nLastThirtyReleases": ["221"],
    "nLastNinetyReleases": ["703"],
    "nPreorders": ["131"]
  },
  {
    "currentAnalysisName": ["X0025_assassinations_top100_7130643011_20181202.224626"],
    "analysisTimeString": ["20181202.224626"],
    "filenamesRoot": ["assassinations_top100"],
    "categoryLabel": ["Thrillers: Assassinations"],
    "pageLabel": ["Top 100"],
    "browseNodeID": ["7130643011"],
    "medianSalesRank": [3601],
    "medianNPages": [348],
    "priceBreaks": [0, 0.99, 1.99, 2.99, 3.99, 4.99, 14.99],
    "priceCounts": [6, 0, 17, 7, 42, 28],
    "nIsInKU": [69],
    "nIsNotInKU": [31],
    "nReleases": [">4000"],
    "nLastThirtyReleases": ["65"],
    "nLastNinetyReleases": ["160"],
    "nPreorders": ["37"]
  },
  {
    "currentAnalysisName": ["X0025_conspiracies_top100_7130644011_20181202.224738"],
    "analysisTimeString": ["20181202.224738"],
    "filenamesRoot": ["conspiracies_top100"],
    "categoryLabel": ["Thrillers: Conspiracies"],
    "pageLabel": ["Top 100"],
    "browseNodeID": ["7130644011"],
    "medianSalesRank": [2113],
    "medianNPages": [346],
    "priceBreaks": [0, 0.99, 1.99, 2.99, 3.99, 4.99, 14.99],
    "priceCounts": [7, 10, 12, 5, 40, 26],
    "nIsInKU": [81],
    "nIsNotInKU": [19],
    "nReleases": [">5000"],
    "nLastThirtyReleases": ["83"],
    "nLastNinetyReleases": ["216"],
    "nPreorders": ["39"]
  },
  {
    "currentAnalysisName": ["X0025_thrillers_crime_top100_6361462011_20181202.224849"],
    "analysisTimeString": ["20181202.224849"],
    "filenamesRoot": ["thrillers_crime_top100"],
    "categoryLabel": ["Thrillers: Crime"],
    "pageLabel": ["Top 100"],
    "browseNodeID": ["6361462011"],
    "medianSalesRank": [712],
    "medianNPages": [340],
    "priceBreaks": [0, 0.99, 1.99, 2.99, 3.99, 4.99, 14.99],
    "priceCounts": [14, 12, 9, 10, 27, 27],
    "nIsInKU": [66],
    "nIsNotInKU": [34],
    "nReleases": [">30000"],
    "nLastThirtyReleases": ["668"],
    "nLastNinetyReleases": [">1000"],
    "nPreorders": ["277"]
  },
  {
    "currentAnalysisName": ["X0025_espionage_top100_157322011_20181202.224959"],
    "analysisTimeString": ["20181202.224959"],
    "filenamesRoot": ["espionage_top100"],
    "categoryLabel": ["Thrillers: Espionage"],
    "pageLabel": ["Top 100"],
    "browseNodeID": ["157322011"],
    "medianSalesRank": [2991],
    "medianNPages": [365],
    "priceBreaks": [0, 0.99, 1.99, 2.99, 3.99, 4.99, 14.99],
    "priceCounts": [2, 8, 12, 8, 29, 41],
    "nIsInKU": [70],
    "nIsNotInKU": [30],
    "nReleases": [">10000"],
    "nLastThirtyReleases": ["166"],
    "nLastNinetyReleases": ["465"],
    "nPreorders": ["67"]
  },
  {
    "currentAnalysisName": ["X0025_financial_top100_7130645011_20181202.225113"],
    "analysisTimeString": ["20181202.225113"],
    "filenamesRoot": ["financial_top100"],
    "categoryLabel": ["Thrillers: Financial"],
    "pageLabel": ["Top 100"],
    "browseNodeID": ["7130645011"],
    "medianSalesRank": [12711],
    "medianNPages": [333],
    "priceBreaks": [0, 0.99, 1.99, 2.99, 3.99, 4.99, 9.99],
    "priceCounts": [7, 0, 16, 20, 39, 18],
    "nIsInKU": [74],
    "nIsNotInKU": [26],
    "nReleases": [">1000"],
    "nLastThirtyReleases": ["17"],
    "nLastNinetyReleases": ["55"],
    "nPreorders": ["10"]
  },
  {
    "currentAnalysisName": ["X0025_thrillers_historical_top100_6361463011_20181202.225300"],
    "analysisTimeString": ["20181202.225300"],
    "filenamesRoot": ["thrillers_historical_top100"],
    "categoryLabel": ["Thrillers: Historical"],
    "pageLabel": ["Top 100"],
    "browseNodeID": ["6361463011"],
    "medianSalesRank": [9783],
    "medianNPages": [367],
    "priceBreaks": [0, 0.99, 1.99, 2.99, 3.99, 4.99, 15.49],
    "priceCounts": [12, 8, 18, 7, 11, 43],
    "nIsInKU": [57],
    "nIsNotInKU": [43],
    "nReleases": [">7000"],
    "nLastThirtyReleases": ["182"],
    "nLastNinetyReleases": ["397"],
    "nPreorders": ["39"]
  },
  {
    "currentAnalysisName": ["X0025_thrillers_legal_top100_157321011_20181202.225414"],
    "analysisTimeString": ["20181202.225414"],
    "filenamesRoot": ["thrillers_legal_top100"],
    "categoryLabel": ["Thrillers: Legal"],
    "pageLabel": ["Top 100"],
    "browseNodeID": ["157321011"],
    "medianSalesRank": [3935],
    "medianNPages": [348],
    "priceBreaks": [0, 0.99, 1.99, 2.99, 3.99, 4.99, 14.99],
    "priceCounts": [8, 5, 12, 10, 37, 27],
    "nIsInKU": [78],
    "nIsNotInKU": [22],
    "nReleases": [">5000"],
    "nLastThirtyReleases": ["277"],
    "nLastNinetyReleases": ["844"],
    "nPreorders": ["22"]
  },
  {
    "currentAnalysisName": ["X0025_thrillers_medical_top100_2225099011_20181202.225523"],
    "analysisTimeString": ["20181202.225523"],
    "filenamesRoot": ["thrillers_medical_top100"],
    "categoryLabel": ["Thrillers: Medical"],
    "pageLabel": ["Top 100"],
    "browseNodeID": ["2225099011"],
    "medianSalesRank": [16062],
    "medianNPages": [357],
    "priceBreaks": [0, 0.99, 1.99, 2.99, 3.99, 4.99, 14.99],
    "priceCounts": [6, 2, 15, 17, 21, 38],
    "nIsInKU": [62],
    "nIsNotInKU": [38],
    "nReleases": [">3000"],
    "nLastThirtyReleases": ["40"],
    "nLastNinetyReleases": ["149"],
    "nPreorders": ["22"]
  },
  {
    "currentAnalysisName": ["X0025_thrillers_military_top100_6361464011_20181202.225639"],
    "analysisTimeString": ["20181202.225639"],
    "filenamesRoot": ["thrillers_military_top100"],
    "categoryLabel": ["Thrillers: Military"],
    "pageLabel": ["Top 100"],
    "browseNodeID": ["6361464011"],
    "medianSalesRank": [3745],
    "medianNPages": [350],
    "priceBreaks": [0, 0.99, 1.99, 2.99, 3.99, 4.99, 14.99],
    "priceCounts": [7, 9, 8, 11, 26, 39],
    "nIsInKU": [66],
    "nIsNotInKU": [34],
    "nReleases": [">5000"],
    "nLastThirtyReleases": ["82"],
    "nLastNinetyReleases": ["241"],
    "nPreorders": ["33"]
  },
  {
    "currentAnalysisName": ["X0025_pulp_top100_7130646011_20181202.225750"],
    "analysisTimeString": ["20181202.225750"],
    "filenamesRoot": ["pulp_top100"],
    "categoryLabel": ["Thrillers:Pulp"],
    "pageLabel": ["Top 100"],
    "browseNodeID": ["7130646011"],
    "medianSalesRank": [5266],
    "medianNPages": [314],
    "priceBreaks": [0, 0.99, 1.99, 2.99, 3.99, 4.99, 9.99],
    "priceCounts": [14, 2, 12, 15, 51, 6],
    "nIsInKU": [92],
    "nIsNotInKU": [8],
    "nReleases": [">2000"],
    "nLastThirtyReleases": ["49"],
    "nLastNinetyReleases": ["120"],
    "nPreorders": ["18"]
  },
  {
    "currentAnalysisName": ["X0025_technothrillers_top100_157324011_20181202.225904"],
    "analysisTimeString": ["20181202.225904"],
    "filenamesRoot": ["technothrillers_top100"],
    "categoryLabel": ["Technothrillers"],
    "pageLabel": ["Top 100"],
    "browseNodeID": ["157324011"],
    "medianSalesRank": [5472],
    "medianNPages": [375],
    "priceBreaks": [0, 0.99, 1.99, 2.99, 3.99, 4.99, 13.99],
    "priceCounts": [12, 6, 14, 15, 12, 41],
    "nIsInKU": [82],
    "nIsNotInKU": [18],
    "nReleases": [">6000"],
    "nLastThirtyReleases": ["77"],
    "nLastNinetyReleases": ["231"],
    "nPreorders": ["27"]
  },
  {
    "currentAnalysisName": ["X0025_thrillers_terrorism_top100_7130647011_20181202.230018"],
    "analysisTimeString": ["20181202.230018"],
    "filenamesRoot": ["thrillers_terrorism_top100"],
    "categoryLabel": ["Thrillers:Terrorism"],
    "pageLabel": ["Top 100"],
    "browseNodeID": ["7130647011"],
    "medianSalesRank": [6120],
    "medianNPages": [373],
    "priceBreaks": [0, 0.99, 1.99, 2.99, 3.99, 4.99, 14.99],
    "priceCounts": [7, 4, 14, 13, 22, 39],
    "nIsInKU": [56],
    "nIsNotInKU": [44],
    "nReleases": [">5000"],
    "nLastThirtyReleases": ["73"],
    "nLastNinetyReleases": ["208"],
    "nPreorders": ["33"]
  }
]
