[
  {
    "currentAnalysisName": ["X0043_m_t_s_top100_157305011_20190903.033305"],
    "analysisTimeString": ["20190903.033305"],
    "filenamesRoot": ["m_t_s_top100"],
    "categoryLabel": ["Mystery, Thriller & Suspense"],
    "pageLabel": ["Top 100"],
    "browseNodeID": ["157305011"],
    "medianSalesRank": [144],
    "medianNPages": [340],
    "priceBreaks": [0, 0.99, 1.99, 2.99, 3.99, 4.99, 14.99],
    "priceCounts": [9, 23, 6, 9, 16, 37],
    "nIsInKU": [56],
    "nIsNotInKU": [44],
    "nReleases": [">50000"],
    "nLastThirtyReleases": [">5000"],
    "nLastNinetyReleases": [">10000"],
    "nPreorders": [">2000"]
  },
  {
    "currentAnalysisName": ["X0043_heist_top100_7130623011_20190903.033401"],
    "analysisTimeString": ["20190903.033401"],
    "filenamesRoot": ["heist_top100"],
    "categoryLabel": ["Heist"],
    "pageLabel": ["Top 100"],
    "browseNodeID": ["7130623011"],
    "medianSalesRank": [11340],
    "medianNPages": [261],
    "priceBreaks": [0, 0.99, 1.99, 2.99, 3.99, 4.99, 9.99],
    "priceCounts": [13, 1, 32, 29, 10, 15],
    "nIsInKU": [88],
    "nIsNotInKU": [12],
    "nReleases": [">2000"],
    "nLastThirtyReleases": ["25"],
    "nLastNinetyReleases": ["105"],
    "nPreorders": ["                15"]
  },
  {
    "currentAnalysisName": ["X0043_kidnapping_top100_7151518011_20190903.033502"],
    "analysisTimeString": ["20190903.033502"],
    "filenamesRoot": ["kidnapping_top100"],
    "categoryLabel": ["Kidnapping"],
    "pageLabel": ["Top 100"],
    "browseNodeID": ["7151518011"],
    "medianSalesRank": [4919],
    "medianNPages": [312],
    "priceBreaks": [0, 0.99, 1.99, 2.99, 3.99, 4.99, 14.99],
    "priceCounts": [18, 11, 12, 21, 22, 16],
    "nIsInKU": [89],
    "nIsNotInKU": [11],
    "nReleases": [">2000"],
    "nLastThirtyReleases": ["49"],
    "nLastNinetyReleases": ["153"],
    "nPreorders": ["30"]
  },
  {
    "currentAnalysisName": ["X0043_murder_top100_7130624011_20190903.033558"],
    "analysisTimeString": ["20190903.033558"],
    "filenamesRoot": ["murder_top100"],
    "categoryLabel": ["Murder"],
    "pageLabel": ["Top 100"],
    "browseNodeID": ["7130624011"],
    "medianSalesRank": [1256],
    "medianNPages": [337],
    "priceBreaks": [0, 0.99, 1.99, 2.99, 3.99, 4.99, 14.99],
    "priceCounts": [12, 17, 11, 11, 23, 26],
    "nIsInKU": [82],
    "nIsNotInKU": [18],
    "nReleases": [">10000"],
    "nLastThirtyReleases": ["252"],
    "nLastNinetyReleases": ["728"],
    "nPreorders": ["107"]
  },
  {
    "currentAnalysisName": ["X0043_noir_top100_7130625011_20190903.033651"],
    "analysisTimeString": ["20190903.033651"],
    "filenamesRoot": ["noir_top100"],
    "categoryLabel": ["Noir"],
    "pageLabel": ["Top 100"],
    "browseNodeID": ["7130625011"],
    "medianSalesRank": [5045],
    "medianNPages": [272],
    "priceBreaks": [0, 0.99, 1.99, 2.99, 3.99, 4.99, 13.99],
    "priceCounts": [83, 3, 2, 1, 2, 9],
    "nIsInKU": [80],
    "nIsNotInKU": [20],
    "nReleases": [">5000"],
    "nLastThirtyReleases": ["65"],
    "nLastNinetyReleases": ["242"],
    "nPreorders": ["54"]
  },
  {
    "currentAnalysisName": ["X0043_organized_crime_top100_7130626011_20190903.033749"],
    "analysisTimeString": ["20190903.033749"],
    "filenamesRoot": ["organized_crime_top100"],
    "categoryLabel": ["Organized Crime"],
    "pageLabel": ["Top 100"],
    "browseNodeID": ["7130626011"],
    "medianSalesRank": [4577],
    "medianNPages": [291],
    "priceBreaks": [0, 0.99, 1.99, 2.99, 3.99, 4.99, 14.99],
    "priceCounts": [12, 3, 15, 43, 14, 13],
    "nIsInKU": [89],
    "nIsNotInKU": [11],
    "nReleases": [">4000"],
    "nLastThirtyReleases": ["95"],
    "nLastNinetyReleases": ["263"],
    "nPreorders": ["47"]
  },
  {
    "currentAnalysisName": ["X0043_serial_killers_top100_7130627011_20190903.033841"],
    "analysisTimeString": ["20190903.033841"],
    "filenamesRoot": ["serial_killers_top100"],
    "categoryLabel": ["Serial Killers"],
    "pageLabel": ["Top 100"],
    "browseNodeID": ["7130627011"],
    "medianSalesRank": [1988],
    "medianNPages": [337],
    "priceBreaks": [0, 0.99, 1.99, 2.99, 3.99, 4.99, 14.99],
    "priceCounts": [91, 0, 1, 0, 1, 7],
    "nIsInKU": [89],
    "nIsNotInKU": [11],
    "nReleases": [">4000"],
    "nLastThirtyReleases": ["62"],
    "nLastNinetyReleases": ["173"],
    "nPreorders": ["30"]
  },
  {
    "currentAnalysisName": ["X0043_vigilante_justice_top100_7130628011_20190903.033935"],
    "analysisTimeString": ["20190903.033935"],
    "filenamesRoot": ["vigilante_justice_top100"],
    "categoryLabel": ["Vigilante Justice"],
    "pageLabel": ["Top 100"],
    "browseNodeID": ["7130628011"],
    "medianSalesRank": [2743],
    "medianNPages": [305],
    "priceBreaks": [0, 0.99, 1.99, 2.99, 3.99, 4.99, 11.99],
    "priceCounts": [96, 0, 2, 0, 1, 1],
    "nIsInKU": [92],
    "nIsNotInKU": [8],
    "nReleases": [">2000"],
    "nLastThirtyReleases": ["42"],
    "nLastNinetyReleases": ["121"],
    "nPreorders": ["34"]
  },
  {
    "currentAnalysisName": ["X0043_m_t_s_a_a_top100_6190464011_20190903.034029"],
    "analysisTimeString": ["20190903.034029"],
    "filenamesRoot": ["m_t_s_a_a_top100"],
    "categoryLabel": ["Mystery: African American"],
    "pageLabel": ["Top 100"],
    "browseNodeID": ["6190464011"],
    "medianSalesRank": [28701],
    "medianNPages": [254],
    "priceBreaks": [0, 0.99, 1.99, 2.99, 3.99, 4.99, 13.99],
    "priceCounts": [91, 0, 1, 1, 1, 6],
    "nIsInKU": [90],
    "nIsNotInKU": [10],
    "nReleases": [">3000"],
    "nLastThirtyReleases": ["52"],
    "nLastNinetyReleases": ["147"],
    "nPreorders": ["29"]
  },
  {
    "currentAnalysisName": ["X0043_cozy_mystery_top100_6190476011_20190903.034129"],
    "analysisTimeString": ["20190903.034129"],
    "filenamesRoot": ["cozy_mystery_top100"],
    "categoryLabel": ["Mystery: Cozy"],
    "pageLabel": ["Top 100"],
    "browseNodeID": ["6190476011"],
    "medianSalesRank": [2575],
    "medianNPages": [261],
    "priceBreaks": [0, 0.99, 1.99, 2.99, 3.99, 4.99, 12.99],
    "priceCounts": [25, 4, 19, 12, 28, 12],
    "nIsInKU": [88],
    "nIsNotInKU": [12],
    "nReleases": [">20000"],
    "nLastThirtyReleases": ["426"],
    "nLastNinetyReleases": [">1000"],
    "nPreorders": ["390"]
  },
  {
    "currentAnalysisName": ["X0043_hardboiled_mystery_top100_157312011_20190903.034529"],
    "analysisTimeString": ["20190903.034529"],
    "filenamesRoot": ["hardboiled_mystery_top100"],
    "categoryLabel": ["Mystery: Hard-Boiled"],
    "pageLabel": ["Top 100"],
    "browseNodeID": ["157312011"],
    "medianSalesRank": [4613],
    "medianNPages": [322],
    "priceBreaks": [0, 0.99, 1.99, 2.99, 3.99, 4.99, 16.14],
    "priceCounts": [7, 9, 3, 14, 24, 43],
    "nIsInKU": [76],
    "nIsNotInKU": [24],
    "nReleases": [">10000"],
    "nLastThirtyReleases": ["211"],
    "nLastNinetyReleases": ["684"],
    "nPreorders": ["66"]
  },
  {
    "currentAnalysisName": ["X0043_historical_mystery_top100_157313011_20190903.035011"],
    "analysisTimeString": ["20190903.035011"],
    "filenamesRoot": ["historical_mystery_top100"],
    "categoryLabel": ["Mystery: Historical"],
    "pageLabel": ["Top 100"],
    "browseNodeID": ["157313011"],
    "medianSalesRank": [5276],
    "medianNPages": [303],
    "priceBreaks": [0, 0.99, 1.99, 2.99, 3.99, 4.99, 18.99],
    "priceCounts": [65, 5, 3, 4, 3, 20],
    "nIsInKU": [63],
    "nIsNotInKU": [37],
    "nReleases": [">10000"],
    "nLastThirtyReleases": ["160"],
    "nLastNinetyReleases": ["532"],
    "nPreorders": ["144"]
  },
  {
    "currentAnalysisName": ["X0043_international_mystery_top100_6361461011_20190903.035427"],
    "analysisTimeString": ["20190903.035427"],
    "filenamesRoot": ["international_mystery_top100"],
    "categoryLabel": ["Mystery: International"],
    "pageLabel": ["Top 100"],
    "browseNodeID": ["6361461011"],
    "medianSalesRank": [2282],
    "medianNPages": [356],
    "priceBreaks": [0, 0.99, 1.99, 2.99, 3.99, 4.99, 14.99],
    "priceCounts": [5, 8, 3, 11, 17, 55],
    "nIsInKU": [67],
    "nIsNotInKU": [33],
    "nReleases": [">10000"],
    "nLastThirtyReleases": ["233"],
    "nLastNinetyReleases": ["655"],
    "nPreorders": ["99"]
  },
  {
    "currentAnalysisName": ["X0043_lgbt_mystery_top100_7130633011_20190903.035742"],
    "analysisTimeString": ["20190903.035742"],
    "filenamesRoot": ["lgbt_mystery_top100"],
    "categoryLabel": ["Mystery: LGBT"],
    "pageLabel": ["Top 100"],
    "browseNodeID": ["7130633011"],
    "medianSalesRank": [61858],
    "medianNPages": [287],
    "priceBreaks": [0, 0.99, 1.99, 2.99, 3.99, 4.99, 12.99],
    "priceCounts": [11, 3, 16, 35, 19, 16],
    "nIsInKU": [75],
    "nIsNotInKU": [25],
    "nReleases": [">2000"],
    "nLastThirtyReleases": ["38"],
    "nLastNinetyReleases": ["93"],
    "nPreorders": ["19"]
  },
  {
    "currentAnalysisName": ["X0043_police_procedurals_top100_157318011_20190903.040123"],
    "analysisTimeString": ["20190903.040123"],
    "filenamesRoot": ["police_procedurals_top100"],
    "categoryLabel": ["Police Procedurals"],
    "pageLabel": ["Top 100"],
    "browseNodeID": ["157318011"],
    "medianSalesRank": [625],
    "medianNPages": [334],
    "priceBreaks": [0, 0.99, 1.99, 2.99, 3.99, 4.99, 14.99],
    "priceCounts": [75, 7, 2, 2, 2, 12],
    "nIsInKU": [71],
    "nIsNotInKU": [29],
    "nReleases": [">20000"],
    "nLastThirtyReleases": ["296"],
    "nLastNinetyReleases": ["973"],
    "nPreorders": ["179"]
  },
  {
    "currentAnalysisName": ["X0043_private_eyes_top100_6190477011_20190903.040805"],
    "analysisTimeString": ["20190903.040805"],
    "filenamesRoot": ["private_eyes_top100"],
    "categoryLabel": ["Private Investigators"],
    "pageLabel": ["Top 100"],
    "browseNodeID": ["6190477011"],
    "medianSalesRank": [3799],
    "medianNPages": [319],
    "priceBreaks": [0, 0.99, 1.99, 2.99, 3.99, 4.99, 14.99],
    "priceCounts": [11, 5, 10, 14, 17, 43],
    "nIsInKU": [61],
    "nIsNotInKU": [39],
    "nReleases": [">20000"],
    "nLastThirtyReleases": ["244"],
    "nLastNinetyReleases": ["712"],
    "nPreorders": ["131"]
  },
  {
    "currentAnalysisName": ["X0043_traditional_detectives_top100_157309011_20190903.041021"],
    "analysisTimeString": ["20190903.041021"],
    "filenamesRoot": ["traditional_detectives_top100"],
    "categoryLabel": ["Traditional Detectives"],
    "pageLabel": ["Top 100"],
    "browseNodeID": ["157309011"],
    "medianSalesRank": [5456],
    "medianNPages": [249],
    "priceBreaks": [0, 0.99, 1.99, 2.99, 3.99, 4.99, 18.99],
    "priceCounts": [67, 6, 2, 3, 0, 22],
    "nIsInKU": [65],
    "nIsNotInKU": [35],
    "nReleases": [">10000"],
    "nLastThirtyReleases": ["165"],
    "nLastNinetyReleases": ["455"],
    "nPreorders": ["109"]
  },
  {
    "currentAnalysisName": ["X0043_women_sleuths_top100_157317011_20190903.041729"],
    "analysisTimeString": ["20190903.041729"],
    "filenamesRoot": ["women_sleuths_top100"],
    "categoryLabel": ["Women Sleuths"],
    "pageLabel": ["Top 100"],
    "browseNodeID": ["157317011"],
    "medianSalesRank": [787],
    "medianNPages": [337],
    "priceBreaks": [0, 0.99, 1.99, 2.99, 3.99, 4.99, 14.99],
    "priceCounts": [78, 5, 2, 0, 0, 15],
    "nIsInKU": [75],
    "nIsNotInKU": [25],
    "nReleases": [">30000"],
    "nLastThirtyReleases": ["455"],
    "nLastNinetyReleases": [">1000"],
    "nPreorders": ["437"]
  },
  {
    "currentAnalysisName": ["X0043_ghosts_top100_7130635011_20190903.042329"],
    "analysisTimeString": ["20190903.042329"],
    "filenamesRoot": ["ghosts_top100"],
    "categoryLabel": ["Suspense: Ghosts"],
    "pageLabel": ["Top 100"],
    "browseNodeID": ["7130635011"],
    "medianSalesRank": [11888],
    "medianNPages": [327],
    "priceBreaks": [0, 0.99, 1.99, 2.99, 3.99, 4.99, 34.99],
    "priceCounts": [76, 1, 0, 2, 2, 19],
    "nIsInKU": [76],
    "nIsNotInKU": [24],
    "nReleases": [">2000"],
    "nLastThirtyReleases": ["24"],
    "nLastNinetyReleases": ["108"],
    "nPreorders": ["                14"]
  },
  {
    "currentAnalysisName": ["X0043_suspense_horror_top100_7130636011_20190903.042926"],
    "analysisTimeString": ["20190903.042926"],
    "filenamesRoot": ["suspense_horror_top100"],
    "categoryLabel": ["Suspense: Horror"],
    "pageLabel": ["Top 100"],
    "browseNodeID": ["7130636011"],
    "medianSalesRank": [7674],
    "medianNPages": [372],
    "priceBreaks": [0, 0.99, 1.99, 2.99, 3.99, 4.99, 14.99],
    "priceCounts": [15, 1, 11, 17, 23, 33],
    "nIsInKU": [69],
    "nIsNotInKU": [31],
    "nReleases": [">6000"],
    "nLastThirtyReleases": ["110"],
    "nLastNinetyReleases": ["315"],
    "nPreorders": ["50"]
  },
  {
    "currentAnalysisName": ["X0043_suspense_occult_top100_7130637011_20190903.043427"],
    "analysisTimeString": ["20190903.043427"],
    "filenamesRoot": ["suspense_occult_top100"],
    "categoryLabel": ["Suspense: Occult"],
    "pageLabel": ["Top 100"],
    "browseNodeID": ["7130637011"],
    "medianSalesRank": [9982],
    "medianNPages": [342],
    "priceBreaks": [0, 0.99, 1.99, 2.99, 3.99, 4.99, 13.99],
    "priceCounts": [92, 0, 0, 0, 0, 8],
    "nIsInKU": [91],
    "nIsNotInKU": [9],
    "nReleases": [">2000"],
    "nLastThirtyReleases": ["45"],
    "nLastNinetyReleases": ["137"],
    "nPreorders": ["34"]
  },
  {
    "currentAnalysisName": ["X0043_suspense_paranormal_top100_7130638011_20190903.043555"],
    "analysisTimeString": ["20190903.043555"],
    "filenamesRoot": ["suspense_paranormal_top100"],
    "categoryLabel": ["Suspense: Paranormal"],
    "pageLabel": ["Top 100"],
    "browseNodeID": ["7130638011"],
    "medianSalesRank": [1906],
    "medianNPages": [340],
    "priceBreaks": [0, 0.99, 1.99, 2.99, 3.99, 4.99, 14.99],
    "priceCounts": [83, 1, 2, 0, 0, 14],
    "nIsInKU": [83],
    "nIsNotInKU": [17],
    "nReleases": [">20000"],
    "nLastThirtyReleases": ["416"],
    "nLastNinetyReleases": [">1000"],
    "nPreorders": ["238"]
  },
  {
    "currentAnalysisName": ["X0043_suspense_political_top100_6190490011_20190903.043650"],
    "analysisTimeString": ["20190903.043650"],
    "filenamesRoot": ["suspense_political_top100"],
    "categoryLabel": ["Suspense: Political"],
    "pageLabel": ["Top 100"],
    "browseNodeID": ["6190490011"],
    "medianSalesRank": [2529],
    "medianNPages": [337],
    "priceBreaks": [0, 0.99, 1.99, 2.99, 3.99, 4.99, 14.99],
    "priceCounts": [7, 4, 10, 9, 30, 40],
    "nIsInKU": [75],
    "nIsNotInKU": [25],
    "nReleases": [">8000"],
    "nLastThirtyReleases": ["85"],
    "nLastNinetyReleases": ["302"],
    "nPreorders": ["62"]
  },
  {
    "currentAnalysisName": ["X0043_psychological_fiction_top100_6190491011_20190903.043745"],
    "analysisTimeString": ["20190903.043745"],
    "filenamesRoot": ["psychological_fiction_top100"],
    "categoryLabel": ["Psychological Fiction"],
    "pageLabel": ["Top 100"],
    "browseNodeID": ["6190491011"],
    "medianSalesRank": [1202],
    "medianNPages": [344],
    "priceBreaks": [0, 0.99, 1.99, 2.99, 3.99, 4.99, 14.99],
    "priceCounts": [11, 19, 3, 14, 20, 33],
    "nIsInKU": [65],
    "nIsNotInKU": [35],
    "nReleases": [">10000"],
    "nLastThirtyReleases": ["236"],
    "nLastNinetyReleases": ["805"],
    "nPreorders": ["175"]
  },
  {
    "currentAnalysisName": ["X0043_assassinations_top100_7130643011_20190903.043839"],
    "analysisTimeString": ["20190903.043839"],
    "filenamesRoot": ["assassinations_top100"],
    "categoryLabel": ["Thrillers: Assassinations"],
    "pageLabel": ["Top 100"],
    "browseNodeID": ["7130643011"],
    "medianSalesRank": [3457],
    "medianNPages": [342],
    "priceBreaks": [0, 0.99, 1.99, 2.99, 3.99, 4.99, 14.99],
    "priceCounts": [3, 5, 11, 14, 26, 41],
    "nIsInKU": [74],
    "nIsNotInKU": [26],
    "nReleases": [">4000"],
    "nLastThirtyReleases": ["41"],
    "nLastNinetyReleases": ["157"],
    "nPreorders": ["38"]
  },
  {
    "currentAnalysisName": ["X0043_conspiracies_top100_7130644011_20190903.044349"],
    "analysisTimeString": ["20190903.044349"],
    "filenamesRoot": ["conspiracies_top100"],
    "categoryLabel": ["Thrillers: Conspiracies"],
    "pageLabel": ["Top 100"],
    "browseNodeID": ["7130644011"],
    "medianSalesRank": [1854],
    "medianNPages": [368],
    "priceBreaks": [0, 0.99, 1.99, 2.99, 3.99, 4.99, 14.99],
    "priceCounts": [83, 0, 2, 0, 0, 15],
    "nIsInKU": [81],
    "nIsNotInKU": [19],
    "nReleases": [">6000"],
    "nLastThirtyReleases": ["72"],
    "nLastNinetyReleases": ["200"],
    "nPreorders": ["41"]
  },
  {
    "currentAnalysisName": ["X0043_thrillers_crime_top100_6361462011_20190903.044844"],
    "analysisTimeString": ["20190903.044844"],
    "filenamesRoot": ["thrillers_crime_top100"],
    "categoryLabel": ["Thrillers: Crime"],
    "pageLabel": ["Top 100"],
    "browseNodeID": ["6361462011"],
    "medianSalesRank": [679],
    "medianNPages": [339],
    "priceBreaks": [0, 0.99, 1.99, 2.99, 3.99, 4.99, 14.99],
    "priceCounts": [74, 4, 2, 3, 2, 15],
    "nIsInKU": [74],
    "nIsNotInKU": [26],
    "nReleases": [">30000"],
    "nLastThirtyReleases": ["589"],
    "nLastNinetyReleases": [">1000"],
    "nPreorders": ["344"]
  },
  {
    "currentAnalysisName": ["X0043_espionage_top100_157322011_20190903.044937"],
    "analysisTimeString": ["20190903.044937"],
    "filenamesRoot": ["espionage_top100"],
    "categoryLabel": ["Thrillers: Espionage"],
    "pageLabel": ["Top 100"],
    "browseNodeID": ["157322011"],
    "medianSalesRank": [3090],
    "medianNPages": [396],
    "priceBreaks": [0, 0.99, 1.99, 2.99, 3.99, 4.99, 14.99],
    "priceCounts": [64, 1, 4, 1, 3, 27],
    "nIsInKU": [63],
    "nIsNotInKU": [37],
    "nReleases": [">10000"],
    "nLastThirtyReleases": ["130"],
    "nLastNinetyReleases": ["428"],
    "nPreorders": ["81"]
  },
  {
    "currentAnalysisName": ["X0043_financial_top100_7130645011_20190903.045208"],
    "analysisTimeString": ["20190903.045208"],
    "filenamesRoot": ["financial_top100"],
    "categoryLabel": ["Thrillers: Financial"],
    "pageLabel": ["Top 100"],
    "browseNodeID": ["7130645011"],
    "medianSalesRank": [8320],
    "medianNPages": [341],
    "priceBreaks": [0, 0.99, 1.99, 2.99, 3.99, 4.99, 13.99],
    "priceCounts": [82, 0, 7, 1, 4, 6],
    "nIsInKU": [79],
    "nIsNotInKU": [21],
    "nReleases": [">1000"],
    "nLastThirtyReleases": ["                15"],
    "nLastNinetyReleases": ["64"],
    "nPreorders": ["                13"]
  },
  {
    "currentAnalysisName": ["X0043_thrillers_historical_top100_6361463011_20190903.045818"],
    "analysisTimeString": ["20190903.045818"],
    "filenamesRoot": ["thrillers_historical_top100"],
    "categoryLabel": ["Thrillers: Historical"],
    "pageLabel": ["Top 100"],
    "browseNodeID": ["6361463011"],
    "medianSalesRank": [10292],
    "medianNPages": [349],
    "priceBreaks": [0, 0.99, 1.99, 2.99, 3.99, 4.99, 18.99],
    "priceCounts": [14, 11, 14, 10, 11, 39],
    "nIsInKU": [61],
    "nIsNotInKU": [39],
    "nReleases": [">8000"],
    "nLastThirtyReleases": ["105"],
    "nLastNinetyReleases": ["343"],
    "nPreorders": ["76"]
  },
  {
    "currentAnalysisName": ["X0043_thrillers_legal_top100_157321011_20190903.050409"],
    "analysisTimeString": ["20190903.050409"],
    "filenamesRoot": ["thrillers_legal_top100"],
    "categoryLabel": ["Thrillers: Legal"],
    "pageLabel": ["Top 100"],
    "browseNodeID": ["157321011"],
    "medianSalesRank": [3166],
    "medianNPages": [356],
    "priceBreaks": [0, 0.99, 1.99, 2.99, 3.99, 4.99, 14.99],
    "priceCounts": [74, 2, 0, 0, 1, 23],
    "nIsInKU": [69],
    "nIsNotInKU": [31],
    "nReleases": [">6000"],
    "nLastThirtyReleases": ["65"],
    "nLastNinetyReleases": ["202"],
    "nPreorders": ["28"]
  },
  {
    "currentAnalysisName": ["X0043_thrillers_medical_top100_2225099011_20190903.050648"],
    "analysisTimeString": ["20190903.050648"],
    "filenamesRoot": ["thrillers_medical_top100"],
    "categoryLabel": ["Thrillers: Medical"],
    "pageLabel": ["Top 100"],
    "browseNodeID": ["2225099011"],
    "medianSalesRank": [11665],
    "medianNPages": [359],
    "priceBreaks": [0, 0.99, 1.99, 2.99, 3.99, 4.99, 13.99],
    "priceCounts": [72, 2, 2, 0, 2, 22],
    "nIsInKU": [70],
    "nIsNotInKU": [30],
    "nReleases": [">3000"],
    "nLastThirtyReleases": ["39"],
    "nLastNinetyReleases": ["123"],
    "nPreorders": ["23"]
  },
  {
    "currentAnalysisName": ["X0043_thrillers_military_top100_6361464011_20190903.051009"],
    "analysisTimeString": ["20190903.051009"],
    "filenamesRoot": ["thrillers_military_top100"],
    "categoryLabel": ["Thrillers: Military"],
    "pageLabel": ["Top 100"],
    "browseNodeID": ["6361464011"],
    "medianSalesRank": [4192],
    "medianNPages": [365],
    "priceBreaks": [0, 0.99, 1.99, 2.99, 3.99, 4.99, 14.99],
    "priceCounts": [68, 2, 1, 1, 2, 26],
    "nIsInKU": [66],
    "nIsNotInKU": [34],
    "nReleases": [">5000"],
    "nLastThirtyReleases": ["52"],
    "nLastNinetyReleases": ["186"],
    "nPreorders": ["50"]
  },
  {
    "currentAnalysisName": ["X0043_pulp_top100_7130646011_20190903.051606"],
    "analysisTimeString": ["20190903.051606"],
    "filenamesRoot": ["pulp_top100"],
    "categoryLabel": ["Thrillers:Pulp"],
    "pageLabel": ["Top 100"],
    "browseNodeID": ["7130646011"],
    "medianSalesRank": [4116],
    "medianNPages": [316],
    "priceBreaks": [0, 0.99, 1.99, 2.99, 3.99, 4.99, 7.99],
    "priceCounts": [21, 3, 16, 12, 30, 18],
    "nIsInKU": [95],
    "nIsNotInKU": [5],
    "nReleases": [">3000"],
    "nLastThirtyReleases": ["25"],
    "nLastNinetyReleases": ["101"],
    "nPreorders": ["19"]
  },
  {
    "currentAnalysisName": ["X0043_technothrillers_top100_157324011_20190903.051820"],
    "analysisTimeString": ["20190903.051820"],
    "filenamesRoot": ["technothrillers_top100"],
    "categoryLabel": ["Technothrillers"],
    "pageLabel": ["Top 100"],
    "browseNodeID": ["157324011"],
    "medianSalesRank": [4454],
    "medianNPages": [365],
    "priceBreaks": [0, 0.99, 1.99, 2.99, 3.99, 4.99, 14.99],
    "priceCounts": [7, 6, 7, 17, 20, 43],
    "nIsInKU": [88],
    "nIsNotInKU": [12],
    "nReleases": [">7000"],
    "nLastThirtyReleases": ["83"],
    "nLastNinetyReleases": ["217"],
    "nPreorders": ["40"]
  },
  {
    "currentAnalysisName": ["X0043_thrillers_terrorism_top100_7130647011_20190903.051957"],
    "analysisTimeString": ["20190903.051957"],
    "filenamesRoot": ["thrillers_terrorism_top100"],
    "categoryLabel": ["Thrillers:Terrorism"],
    "pageLabel": ["Top 100"],
    "browseNodeID": ["7130647011"],
    "medianSalesRank": [4184],
    "medianNPages": [382],
    "priceBreaks": [0, 0.99, 1.99, 2.99, 3.99, 4.99, 14.99],
    "priceCounts": [58, 1, 5, 2, 0, 34],
    "nIsInKU": [55],
    "nIsNotInKU": [45],
    "nReleases": [">5000"],
    "nLastThirtyReleases": ["58"],
    "nLastNinetyReleases": ["183"],
    "nPreorders": ["47"]
  }
]
