[
  {
    "currentAnalysisName": ["X0039_romance_top100_158566011_20190703.012144"],
    "analysisTimeString": ["20190703.012144"],
    "filenamesRoot": ["romance_top100"],
    "categoryLabel": ["Romance"],
    "pageLabel": ["Top 100"],
    "browseNodeID": ["158566011"],
    "medianSalesRank": [120],
    "medianNPages": [325],
    "priceBreaks": [0, 0.99, 1.99, 2.99, 3.99, 4.99, 14.99],
    "priceCounts": [26, 5, 19, 22, 17, 11],
    "nIsInKU": [80],
    "nIsNotInKU": [20],
    "nReleases": [">50000"],
    "nLastThirtyReleases": [">10000"],
    "nLastNinetyReleases": [">30000"],
    "nPreorders": [">4000"]
  },
  {
    "currentAnalysisName": ["X0039_african_american_top100_6190465011_20190703.012308"],
    "analysisTimeString": ["20190703.012308"],
    "filenamesRoot": ["african_american_top100"],
    "categoryLabel": ["African American"],
    "pageLabel": ["Top 100"],
    "browseNodeID": ["6190465011"],
    "medianSalesRank": [3288],
    "medianNPages": [200],
    "priceBreaks": [0, 0.99, 1.99, 2.99, 3.99, 4.99, 9.99],
    "priceCounts": [40, 0, 27, 7, 4, 22],
    "nIsInKU": [96],
    "nIsNotInKU": [4],
    "nReleases": [">10000"],
    "nLastThirtyReleases": ["281"],
    "nLastNinetyReleases": ["862"],
    "nPreorders": ["73"]
  },
  {
    "currentAnalysisName": ["X0039_clean_and_wholesome_top100_11650867011_20190703.012427"],
    "analysisTimeString": ["20190703.012427"],
    "filenamesRoot": ["clean_and_wholesome_top100"],
    "categoryLabel": ["Clean & Wholesome"],
    "pageLabel": ["Top 100"],
    "browseNodeID": ["11650867011"],
    "medianSalesRank": [3089],
    "medianNPages": [296],
    "priceBreaks": [0, 0.99, 1.99, 2.99, 3.99, 4.99, 14.99],
    "priceCounts": [40, 4, 10, 24, 8, 14],
    "nIsInKU": [88],
    "nIsNotInKU": [12],
    "nReleases": [">7000"],
    "nLastThirtyReleases": ["197"],
    "nLastNinetyReleases": ["546"],
    "nPreorders": ["165"]
  },
  {
    "currentAnalysisName": ["X0039_contemporary_top100_158568011_20190703.012541"],
    "analysisTimeString": ["20190703.012541"],
    "filenamesRoot": ["contemporary_top100"],
    "categoryLabel": ["Contemporary"],
    "pageLabel": ["Top 100"],
    "browseNodeID": ["158568011"],
    "medianSalesRank": [233],
    "medianNPages": [310],
    "priceBreaks": [0, 0.99, 1.99, 2.99, 3.99, 4.99, 14.99],
    "priceCounts": [29, 5, 20, 24, 14, 8],
    "nIsInKU": [85],
    "nIsNotInKU": [15],
    "nReleases": [">50000"],
    "nLastThirtyReleases": [">3000"],
    "nLastNinetyReleases": [">8000"],
    "nPreorders": [">1000"]
  },
  {
    "currentAnalysisName": ["X0039_gothic_top100_6487830011_20190703.012646"],
    "analysisTimeString": ["20190703.012646"],
    "filenamesRoot": ["gothic_top100"],
    "categoryLabel": ["Gothic"],
    "pageLabel": ["Top 100"],
    "browseNodeID": ["6487830011"],
    "medianSalesRank": [6628],
    "medianNPages": [253],
    "priceBreaks": [0, 0.99, 1.99, 2.99, 3.99, 4.99, 9.99],
    "priceCounts": [15, 0, 17, 32, 30, 6],
    "nIsInKU": [87],
    "nIsNotInKU": [13],
    "nReleases": [">2000"],
    "nLastThirtyReleases": ["107"],
    "nLastNinetyReleases": ["220"],
    "nPreorders": ["28"]
  },
  {
    "currentAnalysisName": ["X0039_historical_romance_top100_158571011_20190703.012800"],
    "analysisTimeString": ["20190703.012800"],
    "filenamesRoot": ["historical_romance_top100"],
    "categoryLabel": ["Historical Romance"],
    "pageLabel": ["Top 100"],
    "browseNodeID": ["158571011"],
    "medianSalesRank": [1592],
    "medianNPages": [344],
    "priceBreaks": [0, 0.99, 1.99, 2.99, 3.99, 4.99, 12.99],
    "priceCounts": [49, 5, 7, 17, 7, 15],
    "nIsInKU": [73],
    "nIsNotInKU": [27],
    "nReleases": [">50000"],
    "nLastThirtyReleases": ["859"],
    "nLastNinetyReleases": [">2000"],
    "nPreorders": ["456"]
  },
  {
    "currentAnalysisName": ["X0039_gay_romance_top100_6487829011_20190703.012911"],
    "analysisTimeString": ["20190703.012911"],
    "filenamesRoot": ["gay_romance_top100"],
    "categoryLabel": ["Gay Romance"],
    "pageLabel": ["Top 100"],
    "browseNodeID": ["6487829011"],
    "medianSalesRank": [3399],
    "medianNPages": [224],
    "priceBreaks": [0, 0.99, 1.99, 2.99, 3.99, 4.99, 9.99],
    "priceCounts": [12, 2, 22, 45, 15, 4],
    "nIsInKU": [86],
    "nIsNotInKU": [14],
    "nReleases": [">40000"],
    "nLastThirtyReleases": ["888"],
    "nLastNinetyReleases": [">2000"],
    "nPreorders": ["223"]
  },
  {
    "currentAnalysisName": ["X0039_lesbian_romance_top100_6487835011_20190703.013034"],
    "analysisTimeString": ["20190703.013034"],
    "filenamesRoot": ["lesbian_romance_top100"],
    "categoryLabel": ["Lesbian Romance"],
    "pageLabel": ["Top 100"],
    "browseNodeID": ["6487835011"],
    "medianSalesRank": [16776],
    "medianNPages": [235],
    "priceBreaks": [0, 0.99, 1.99, 2.99, 3.99, 4.99, 9.99],
    "priceCounts": [6, 5, 18, 19, 18, 34],
    "nIsInKU": [78],
    "nIsNotInKU": [22],
    "nReleases": [">10000"],
    "nLastThirtyReleases": ["250"],
    "nLastNinetyReleases": ["630"],
    "nPreorders": ["55"]
  },
  {
    "currentAnalysisName": ["X0039_bisexual_top100_10886542011_20190703.013135"],
    "analysisTimeString": ["20190703.013135"],
    "filenamesRoot": ["bisexual_top100"],
    "categoryLabel": ["Bisexual"],
    "pageLabel": ["Top 100"],
    "browseNodeID": ["10886542011"],
    "medianSalesRank": [9720],
    "medianNPages": [260],
    "priceBreaks": [0, 0.99, 1.99, 2.99, 3.99, 4.99, 12.99],
    "priceCounts": [16, 1, 21, 34, 22, 6],
    "nIsInKU": [87],
    "nIsNotInKU": [13],
    "nReleases": [">6000"],
    "nLastThirtyReleases": ["256"],
    "nLastNinetyReleases": ["576"],
    "nPreorders": ["58"]
  },
  {
    "currentAnalysisName": ["X0039_military_top100_6487836011_20190703.013240"],
    "analysisTimeString": ["20190703.013240"],
    "filenamesRoot": ["military_top100"],
    "categoryLabel": ["Military"],
    "pageLabel": ["Top 100"],
    "browseNodeID": ["6487836011"],
    "medianSalesRank": [1022],
    "medianNPages": [303],
    "priceBreaks": [0, 0.99, 1.99, 2.99, 3.99, 4.99, 9.99],
    "priceCounts": [41, 1, 19, 28, 6, 5],
    "nIsInKU": [84],
    "nIsNotInKU": [16],
    "nReleases": [">20000"],
    "nLastThirtyReleases": ["423"],
    "nLastNinetyReleases": [">1000"],
    "nPreorders": ["259"]
  },
  {
    "currentAnalysisName": ["X0039_mystery_and_suspense_top100_6487839011_20190703.013425"],
    "analysisTimeString": ["20190703.013425"],
    "filenamesRoot": ["mystery_and_suspense_top100"],
    "categoryLabel": ["Mystery & Suspense"],
    "pageLabel": ["Top 100"],
    "browseNodeID": ["6487839011"],
    "medianSalesRank": [508],
    "medianNPages": [329],
    "priceBreaks": [0, 0.99, 1.99, 2.99, 3.99, 4.99, 14.99],
    "priceCounts": [22, 5, 10, 19, 29, 15],
    "nIsInKU": [81],
    "nIsNotInKU": [19],
    "nReleases": [">50000"],
    "nLastThirtyReleases": [">1000"],
    "nLastNinetyReleases": [">3000"],
    "nPreorders": ["672"]
  },
  {
    "currentAnalysisName": ["X0039_new_adult_and_college_top100_6487838011_20190703.013528"],
    "analysisTimeString": ["20190703.013528"],
    "filenamesRoot": ["new_adult_and_college_top100"],
    "categoryLabel": ["New Adult & College"],
    "pageLabel": ["Top 100"],
    "browseNodeID": ["6487838011"],
    "medianSalesRank": [687],
    "medianNPages": [319],
    "priceBreaks": [0, 0.99, 1.99, 2.99, 3.99, 4.99, 13.99],
    "priceCounts": [20, 0, 24, 43, 10, 3],
    "nIsInKU": [92],
    "nIsNotInKU": [8],
    "nReleases": [">20000"],
    "nLastThirtyReleases": ["385"],
    "nLastNinetyReleases": [">1000"],
    "nPreorders": ["184"]
  },
  {
    "currentAnalysisName": ["X0039_paranormal_top100_6190484011_20190703.013712"],
    "analysisTimeString": ["20190703.013712"],
    "filenamesRoot": ["paranormal_top100"],
    "categoryLabel": ["Paranormal"],
    "pageLabel": ["Top 100"],
    "browseNodeID": ["6190484011"],
    "medianSalesRank": [918],
    "medianNPages": [326],
    "priceBreaks": [0, 0.99, 1.99, 2.99, 3.99, 4.99, 13.99],
    "priceCounts": [30, 1, 22, 19, 17, 11],
    "nIsInKU": [87],
    "nIsNotInKU": [13],
    "nReleases": [">50000"],
    "nLastThirtyReleases": ["974"],
    "nLastNinetyReleases": [">2000"],
    "nPreorders": ["541"]
  },
  {
    "currentAnalysisName": ["X0039_romantic_comedy_top100_6487841011_20190703.013906"],
    "analysisTimeString": ["20190703.013906"],
    "filenamesRoot": ["romantic_comedy_top100"],
    "categoryLabel": ["Romantic Comedy"],
    "pageLabel": ["Top 100"],
    "browseNodeID": ["6487841011"],
    "medianSalesRank": [498],
    "medianNPages": [311],
    "priceBreaks": [0, 0.99, 1.99, 2.99, 3.99, 4.99, 13.99],
    "priceCounts": [30, 5, 14, 28, 15, 8],
    "nIsInKU": [83],
    "nIsNotInKU": [17],
    "nReleases": [">50000"],
    "nLastThirtyReleases": [">1000"],
    "nLastNinetyReleases": [">3000"],
    "nPreorders": ["518"]
  },
  {
    "currentAnalysisName": ["X0039_science_fiction_top100_6401744011_20190703.014006"],
    "analysisTimeString": ["20190703.014006"],
    "filenamesRoot": ["science_fiction_top100"],
    "categoryLabel": ["Science Fiction"],
    "pageLabel": ["Top 100"],
    "browseNodeID": ["6401744011"],
    "medianSalesRank": [1911],
    "medianNPages": [251],
    "priceBreaks": [0, 0.99, 1.99, 2.99, 3.99, 4.99, 13.99],
    "priceCounts": [15, 5, 25, 24, 17, 14],
    "nIsInKU": [86],
    "nIsNotInKU": [14],
    "nReleases": [">10000"],
    "nLastThirtyReleases": ["249"],
    "nLastNinetyReleases": ["720"],
    "nPreorders": ["125"]
  },
  {
    "currentAnalysisName": ["X0039_sports_top100_6487842011_20190703.014129"],
    "analysisTimeString": ["20190703.014129"],
    "filenamesRoot": ["sports_top100"],
    "categoryLabel": ["Sports"],
    "pageLabel": ["Top 100"],
    "browseNodeID": ["6487842011"],
    "medianSalesRank": [1208],
    "medianNPages": [303],
    "priceBreaks": [0, 0.99, 1.99, 2.99, 3.99, 4.99, 13.99],
    "priceCounts": [24, 1, 13, 44, 13, 5],
    "nIsInKU": [88],
    "nIsNotInKU": [12],
    "nReleases": [">10000"],
    "nLastThirtyReleases": ["333"],
    "nLastNinetyReleases": ["819"],
    "nPreorders": ["146"]
  },
  {
    "currentAnalysisName": ["X0039_westerns_top100_6190489011_20190703.014228"],
    "analysisTimeString": ["20190703.014228"],
    "filenamesRoot": ["westerns_top100"],
    "categoryLabel": ["Westerns"],
    "pageLabel": ["Top 100"],
    "browseNodeID": ["6190489011"],
    "medianSalesRank": [2847],
    "medianNPages": [268],
    "priceBreaks": [0, 0.99, 1.99, 2.99, 3.99, 4.99, 11.99],
    "priceCounts": [59, 3, 12, 9, 14, 3],
    "nIsInKU": [85],
    "nIsNotInKU": [15],
    "nReleases": [">20000"],
    "nLastThirtyReleases": ["350"],
    "nLastNinetyReleases": ["921"],
    "nPreorders": ["170"]
  }
]
