[
  {
    "currentAnalysisName": ["website_heist_top100_7130623011_20180503.155709"],
    "analysisTimeString": ["20180503.155709"],
    "filenamesRoot": ["heist_top100"],
    "categoryLabel": ["Heist"],
    "pageLabel": ["Top 100"],
    "browseNodeID": ["7130623011"],
    "medianSalesRank": [13231],
    "medianNPages": [330],
    "priceBreaks": [0, 0.99, 1.99, 2.99, 3.99, 4.99, 14.99],
    "priceCounts": [35, 3, 24, 8, 9, 21],
    "nIsInKU": [78],
    "nIsNotInKU": [22],
    "nReleases": [">1000"],
    "nLastThirtyReleases": ["95"],
    "nLastNinetyReleases": ["206"],
    "nPreorders": ["8"]
  },
  {
    "currentAnalysisName": ["website_kidnapping_top100_7151518011_20180503.155827"],
    "analysisTimeString": ["20180503.155827"],
    "filenamesRoot": ["kidnapping_top100"],
    "categoryLabel": ["Kidnapping"],
    "pageLabel": ["Top 100"],
    "browseNodeID": ["7151518011"],
    "medianSalesRank": [5465],
    "medianNPages": [336],
    "priceBreaks": [0, 0.99, 1.99, 2.99, 3.99, 4.99, 14.99],
    "priceCounts": [19, 6, 16, 19, 22, 18],
    "nIsInKU": [82],
    "nIsNotInKU": [18],
    "nReleases": [">1000"],
    "nLastThirtyReleases": ["10"],
    "nLastNinetyReleases": ["92"],
    "nPreorders": ["13"]
  },
  {
    "currentAnalysisName": ["website_murder_top100_7130624011_20180503.155942"],
    "analysisTimeString": ["20180503.155942"],
    "filenamesRoot": ["murder_top100"],
    "categoryLabel": ["Murder"],
    "pageLabel": ["Top 100"],
    "browseNodeID": ["7130624011"],
    "medianSalesRank": [1216],
    "medianNPages": [333],
    "priceBreaks": [0, 0.99, 1.99, 2.99, 3.99, 4.99, 14.99],
    "priceCounts": [20, 2, 15, 6, 34, 23],
    "nIsInKU": [77],
    "nIsNotInKU": [23],
    "nReleases": [">10000"],
    "nLastThirtyReleases": ["53"],
    "nLastNinetyReleases": ["434"],
    "nPreorders": ["55"]
  },
  {
    "currentAnalysisName": ["website_noir_top100_7130625011_20180503.160056"],
    "analysisTimeString": ["20180503.160056"],
    "filenamesRoot": ["noir_top100"],
    "categoryLabel": ["Noir"],
    "pageLabel": ["Top 100"],
    "browseNodeID": ["7130625011"],
    "medianSalesRank": [9414],
    "medianNPages": [323],
    "priceBreaks": [0, 0.99, 1.99, 2.99, 3.99, 4.99, 13.99],
    "priceCounts": [14, 4, 24, 19, 26, 13],
    "nIsInKU": [65],
    "nIsNotInKU": [35],
    "nReleases": [">4000"],
    "nLastThirtyReleases": ["71"],
    "nLastNinetyReleases": ["233"],
    "nPreorders": ["38"]
  },
  {
    "currentAnalysisName": ["website_organized_crime_top100_7130626011_20180503.160210"],
    "analysisTimeString": ["20180503.160210"],
    "filenamesRoot": ["organized_crime_top100"],
    "categoryLabel": ["Organized Crime"],
    "pageLabel": ["Top 100"],
    "browseNodeID": ["7130626011"],
    "medianSalesRank": [6707],
    "medianNPages": [302],
    "priceBreaks": [0, 0.99, 1.99, 2.99, 3.99, 4.99, 13.99],
    "priceCounts": [24, 0, 28, 27, 11, 10],
    "nIsInKU": [86],
    "nIsNotInKU": [14],
    "nReleases": [">3000"],
    "nLastThirtyReleases": ["26"],
    "nLastNinetyReleases": ["154"],
    "nPreorders": ["15"]
  },
  {
    "currentAnalysisName": ["website_serial_killers_top100_7130627011_20180503.160326"],
    "analysisTimeString": ["20180503.160326"],
    "filenamesRoot": ["serial_killers_top100"],
    "categoryLabel": ["Serial Killers"],
    "pageLabel": ["Top 100"],
    "browseNodeID": ["7130627011"],
    "medianSalesRank": [2369],
    "medianNPages": [316],
    "priceBreaks": [0, 0.99, 1.99, 2.99, 3.99, 4.99, 12.99],
    "priceCounts": [11, 6, 20, 14, 23, 26],
    "nIsInKU": [89],
    "nIsNotInKU": [11],
    "nReleases": [">3000"],
    "nLastThirtyReleases": ["70"],
    "nLastNinetyReleases": ["169"],
    "nPreorders": ["32"]
  },
  {
    "currentAnalysisName": ["website_vigilante_justice_top100_7130628011_20180503.160440"],
    "analysisTimeString": ["20180503.160440"],
    "filenamesRoot": ["vigilante_justice_top100"],
    "categoryLabel": ["Vigilante Justice"],
    "pageLabel": ["Top 100"],
    "browseNodeID": ["7130628011"],
    "medianSalesRank": [3806],
    "medianNPages": [310],
    "priceBreaks": [0, 0.99, 1.99, 2.99, 3.99, 4.99, 12.99],
    "priceCounts": [18, 3, 15, 13, 34, 17],
    "nIsInKU": [95],
    "nIsNotInKU": [5],
    "nReleases": [">1000"],
    "nLastThirtyReleases": ["14"],
    "nLastNinetyReleases": ["102"],
    "nPreorders": ["14"]
  },
  {
    "currentAnalysisName": ["website_m_t_s_a_a_top100_6190464011_20180503.160554"],
    "analysisTimeString": ["20180503.160554"],
    "filenamesRoot": ["m_t_s_a_a_top100"],
    "categoryLabel": ["Mystery: African American"],
    "pageLabel": ["Top 100"],
    "browseNodeID": ["6190464011"],
    "medianSalesRank": [30868],
    "medianNPages": [288],
    "priceBreaks": [0, 0.99, 1.99, 2.99, 3.99, 4.99, 13.99],
    "priceCounts": [35, 1, 22, 10, 13, 19],
    "nIsInKU": [77],
    "nIsNotInKU": [23],
    "nReleases": [">1000"],
    "nLastThirtyReleases": ["41"],
    "nLastNinetyReleases": ["116"],
    "nPreorders": ["16"]
  },
  {
    "currentAnalysisName": ["website_cozy_mystery_top100_6190476011_20180503.160657"],
    "analysisTimeString": ["20180503.160657"],
    "filenamesRoot": ["cozy_mystery_top100"],
    "categoryLabel": ["Mystery: Cozy"],
    "pageLabel": ["Top 100"],
    "browseNodeID": ["6190476011"],
    "medianSalesRank": [2317],
    "medianNPages": [252],
    "priceBreaks": [0, 0.99, 1.99, 2.99, 3.99, 4.99, 14.99],
    "priceCounts": [43, 2, 18, 20, 11, 6],
    "nIsInKU": [86],
    "nIsNotInKU": [14],
    "nReleases": [">10000"],
    "nLastThirtyReleases": ["415"],
    "nLastNinetyReleases": [">1000"],
    "nPreorders": ["235"]
  },
  {
    "currentAnalysisName": ["website_hardboiled_mystery_top100_157312011_20180503.160802"],
    "analysisTimeString": ["20180503.160802"],
    "filenamesRoot": ["hardboiled_mystery_top100"],
    "categoryLabel": ["Mystery: Hard-Boiled"],
    "pageLabel": ["Top 100"],
    "browseNodeID": ["157312011"],
    "medianSalesRank": [7021],
    "medianNPages": [309],
    "priceBreaks": [0, 0.99, 1.99, 2.99, 3.99, 4.99, 13.99],
    "priceCounts": [16, 11, 15, 13, 18, 27],
    "nIsInKU": [69],
    "nIsNotInKU": [31],
    "nReleases": [">10000"],
    "nLastThirtyReleases": ["132"],
    "nLastNinetyReleases": ["607"],
    "nPreorders": ["25"]
  },
  {
    "currentAnalysisName": ["website_historical_mystery_top100_157313011_20180503.160908"],
    "analysisTimeString": ["20180503.160908"],
    "filenamesRoot": ["historical_mystery_top100"],
    "categoryLabel": ["Mystery: Historical"],
    "pageLabel": ["Top 100"],
    "browseNodeID": ["157313011"],
    "medianSalesRank": [4840],
    "medianNPages": [343],
    "priceBreaks": [0, 0.99, 1.99, 2.99, 3.99, 4.99, 14.99],
    "priceCounts": [16, 7, 7, 15, 20, 35],
    "nIsInKU": [64],
    "nIsNotInKU": [36],
    "nReleases": [">10000"],
    "nLastThirtyReleases": ["205"],
    "nLastNinetyReleases": ["571"],
    "nPreorders": ["67"]
  },
  {
    "currentAnalysisName": ["website_international_mystery_top100_6361461011_20180503.161012"],
    "analysisTimeString": ["20180503.161012"],
    "filenamesRoot": ["international_mystery_top100"],
    "categoryLabel": ["Mystery: International"],
    "pageLabel": ["Top 100"],
    "browseNodeID": ["6361461011"],
    "medianSalesRank": [3671],
    "medianNPages": [356],
    "priceBreaks": [0, 0.99, 1.99, 2.99, 3.99, 4.99, 14.99],
    "priceCounts": [9, 3, 4, 11, 26, 47],
    "nIsInKU": [60],
    "nIsNotInKU": [40],
    "nReleases": [">9000"],
    "nLastThirtyReleases": ["189"],
    "nLastNinetyReleases": ["611"],
    "nPreorders": ["98"]
  },
  {
    "currentAnalysisName": ["website_lgbt_mystery_top100_7130633011_20180503.161139"],
    "analysisTimeString": ["20180503.161139"],
    "filenamesRoot": ["lgbt_mystery_top100"],
    "categoryLabel": ["Mystery: LGBT"],
    "pageLabel": ["Top 100"],
    "browseNodeID": ["7130633011"],
    "medianSalesRank": [56758],
    "medianNPages": [287],
    "priceBreaks": [0, 0.99, 1.99, 2.99, 3.99, 4.99, 10.99],
    "priceCounts": [8, 5, 23, 22, 10, 32],
    "nIsInKU": [61],
    "nIsNotInKU": [39],
    "nReleases": [">1000"],
    "nLastThirtyReleases": ["19"],
    "nLastNinetyReleases": ["66"],
    "nPreorders": ["10"]
  },
  {
    "currentAnalysisName": ["website_police_procedurals_top100_157318011_20180503.161259"],
    "analysisTimeString": ["20180503.161259"],
    "filenamesRoot": ["police_procedurals_top100"],
    "categoryLabel": ["Police Procedurals"],
    "pageLabel": ["Top 100"],
    "browseNodeID": ["157318011"],
    "medianSalesRank": [889],
    "medianNPages": [349],
    "priceBreaks": [0, 0.99, 1.99, 2.99, 3.99, 4.99, 14.99],
    "priceCounts": [17, 8, 20, 5, 21, 29],
    "nIsInKU": [72],
    "nIsNotInKU": [28],
    "nReleases": [">10000"],
    "nLastThirtyReleases": ["135"],
    "nLastNinetyReleases": ["691"],
    "nPreorders": ["95"]
  },
  {
    "currentAnalysisName": ["website_private_eyes_top100_6190477011_20180503.161408"],
    "analysisTimeString": ["20180503.161408"],
    "filenamesRoot": ["private_eyes_top100"],
    "categoryLabel": ["Private Investigators"],
    "pageLabel": ["Top 100"],
    "browseNodeID": ["6190477011"],
    "medianSalesRank": [3653],
    "medianNPages": [323],
    "priceBreaks": [0, 0.99, 1.99, 2.99, 3.99, 4.99, 24.99],
    "priceCounts": [22, 6, 13, 10, 14, 35],
    "nIsInKU": [60],
    "nIsNotInKU": [40],
    "nReleases": [">10000"],
    "nLastThirtyReleases": ["51"],
    "nLastNinetyReleases": ["488"],
    "nPreorders": ["62"]
  },
  {
    "currentAnalysisName": ["website_traditional_detectives_top100_157309011_20180503.161517"],
    "analysisTimeString": ["20180503.161517"],
    "filenamesRoot": ["traditional_detectives_top100"],
    "categoryLabel": ["Traditional Detectives"],
    "pageLabel": ["Top 100"],
    "browseNodeID": ["157309011"],
    "medianSalesRank": [4751],
    "medianNPages": [299],
    "priceBreaks": [0, 0.99, 1.99, 2.99, 3.99, 4.99, 14.99],
    "priceCounts": [11, 5, 23, 20, 15, 26],
    "nIsInKU": [62],
    "nIsNotInKU": [38],
    "nReleases": [">8000"],
    "nLastThirtyReleases": ["67"],
    "nLastNinetyReleases": ["315"],
    "nPreorders": ["32"]
  },
  {
    "currentAnalysisName": ["website_women_sleuths_top100_157317011_20180503.161635"],
    "analysisTimeString": ["20180503.161635"],
    "filenamesRoot": ["women_sleuths_top100"],
    "categoryLabel": ["Women Sleuths"],
    "pageLabel": ["Top 100"],
    "browseNodeID": ["157317011"],
    "medianSalesRank": [1118],
    "medianNPages": [338],
    "priceBreaks": [0, 0.99, 1.99, 2.99, 3.99, 4.99, 14.99],
    "priceCounts": [17, 10, 6, 7, 28, 32],
    "nIsInKU": [72],
    "nIsNotInKU": [28],
    "nReleases": [">20000"],
    "nLastThirtyReleases": ["454"],
    "nLastNinetyReleases": [">1000"],
    "nPreorders": ["306"]
  },
  {
    "currentAnalysisName": ["website_ghosts_top100_7130635011_20180503.161745"],
    "analysisTimeString": ["20180503.161745"],
    "filenamesRoot": ["ghosts_top100"],
    "categoryLabel": ["Suspense: Ghosts"],
    "pageLabel": ["Top 100"],
    "browseNodeID": ["7130635011"],
    "medianSalesRank": [12213],
    "medianNPages": [319],
    "priceBreaks": [0, 0.99, 1.99, 2.99, 3.99, 4.99, 14.99],
    "priceCounts": [11, 5, 14, 18, 22, 30],
    "nIsInKU": [65],
    "nIsNotInKU": [35],
    "nReleases": [">1000"],
    "nLastThirtyReleases": ["16"],
    "nLastNinetyReleases": ["53"],
    "nPreorders": ["10"]
  },
  {
    "currentAnalysisName": ["website_suspense_horror_top100_7130636011_20180503.161908"],
    "analysisTimeString": ["20180503.161908"],
    "filenamesRoot": ["suspense_horror_top100"],
    "categoryLabel": ["Suspense: Horror"],
    "pageLabel": ["Top 100"],
    "browseNodeID": ["7130636011"],
    "medianSalesRank": [8483],
    "medianNPages": [364],
    "priceBreaks": [0, 0.99, 1.99, 2.99, 3.99, 4.99, 14.99],
    "priceCounts": [26, 3, 22, 13, 8, 28],
    "nIsInKU": [73],
    "nIsNotInKU": [27],
    "nReleases": [">4000"],
    "nLastThirtyReleases": ["51"],
    "nLastNinetyReleases": ["199"],
    "nPreorders": ["8"]
  },
  {
    "currentAnalysisName": ["website_suspense_occult_top100_7130637011_20180503.162015"],
    "analysisTimeString": ["20180503.162015"],
    "filenamesRoot": ["suspense_occult_top100"],
    "categoryLabel": ["Suspense: Occult"],
    "pageLabel": ["Top 100"],
    "browseNodeID": ["7130637011"],
    "medianSalesRank": [9575],
    "medianNPages": [320],
    "priceBreaks": [0, 0.99, 1.99, 2.99, 3.99, 4.99, 14.99],
    "priceCounts": [13, 9, 18, 22, 22, 16],
    "nIsInKU": [89],
    "nIsNotInKU": [11],
    "nReleases": [">1000"],
    "nLastThirtyReleases": ["18"],
    "nLastNinetyReleases": ["72"],
    "nPreorders": ["4"]
  },
  {
    "currentAnalysisName": ["website_suspense_paranormal_top100_7130638011_20180503.162134"],
    "analysisTimeString": ["20180503.162134"],
    "filenamesRoot": ["suspense_paranormal_top100"],
    "categoryLabel": ["Suspense: Paranormal"],
    "pageLabel": ["Top 100"],
    "browseNodeID": ["7130638011"],
    "medianSalesRank": [2008],
    "medianNPages": [352],
    "priceBreaks": [0, 0.99, 1.99, 2.99, 3.99, 4.99, 14.99],
    "priceCounts": [15, 9, 10, 27, 30, 9],
    "nIsInKU": [89],
    "nIsNotInKU": [11],
    "nReleases": [">10000"],
    "nLastThirtyReleases": ["88"],
    "nLastNinetyReleases": ["723"],
    "nPreorders": ["52"]
  },
  {
    "currentAnalysisName": ["website_suspense_political_top100_6190490011_20180503.162242"],
    "analysisTimeString": ["20180503.162242"],
    "filenamesRoot": ["suspense_political_top100"],
    "categoryLabel": ["Suspense: Political"],
    "pageLabel": ["Top 100"],
    "browseNodeID": ["6190490011"],
    "medianSalesRank": [2151],
    "medianNPages": [351],
    "priceBreaks": [0, 0.99, 1.99, 2.99, 3.99, 4.99, 14.99],
    "priceCounts": [6, 7, 5, 10, 33, 39],
    "nIsInKU": [67],
    "nIsNotInKU": [33],
    "nReleases": [">5000"],
    "nLastThirtyReleases": ["81"],
    "nLastNinetyReleases": ["254"],
    "nPreorders": ["43"]
  },
  {
    "currentAnalysisName": ["website_psychological_fiction_top100_6190491011_20180503.162350"],
    "analysisTimeString": ["20180503.162350"],
    "filenamesRoot": ["psychological_fiction_top100"],
    "categoryLabel": ["Psychological Fiction"],
    "pageLabel": ["Top 100"],
    "browseNodeID": ["6190491011"],
    "medianSalesRank": [1322],
    "medianNPages": [337],
    "priceBreaks": [0, 0.99, 1.99, 2.99, 3.99, 4.99, 14.99],
    "priceCounts": [9, 15, 12, 13, 22, 29],
    "nIsInKU": [66],
    "nIsNotInKU": [34],
    "nReleases": [">20000"],
    "nLastThirtyReleases": ["85"],
    "nLastNinetyReleases": [">1000"],
    "nPreorders": ["70"]
  },
  {
    "currentAnalysisName": ["website_assassinations_top100_7130643011_20180503.162459"],
    "analysisTimeString": ["20180503.162459"],
    "filenamesRoot": ["assassinations_top100"],
    "categoryLabel": ["Thrillers: Assassinations"],
    "pageLabel": ["Top 100"],
    "browseNodeID": ["7130643011"],
    "medianSalesRank": [3743],
    "medianNPages": [376],
    "priceBreaks": [0, 0.99, 1.99, 2.99, 3.99, 4.99, 14.99],
    "priceCounts": [6, 5, 7, 13, 33, 36],
    "nIsInKU": [62],
    "nIsNotInKU": [38],
    "nReleases": [">2000"],
    "nLastThirtyReleases": ["45"],
    "nLastNinetyReleases": ["151"],
    "nPreorders": ["28"]
  },
  {
    "currentAnalysisName": ["website_conspiracies_top100_7130644011_20180503.162628"],
    "analysisTimeString": ["20180503.162628"],
    "filenamesRoot": ["conspiracies_top100"],
    "categoryLabel": ["Thrillers: Conspiracies"],
    "pageLabel": ["Top 100"],
    "browseNodeID": ["7130644011"],
    "medianSalesRank": [2526],
    "medianNPages": [378],
    "priceBreaks": [0, 0.99, 1.99, 2.99, 3.99, 4.99, 14.99],
    "priceCounts": [6, 8, 8, 6, 31, 41],
    "nIsInKU": [66],
    "nIsNotInKU": [34],
    "nReleases": [">4000"],
    "nLastThirtyReleases": ["78"],
    "nLastNinetyReleases": ["195"],
    "nPreorders": ["44"]
  },
  {
    "currentAnalysisName": ["website_thrillers_crime_top100_6361462011_20180503.162736"],
    "analysisTimeString": ["20180503.162736"],
    "filenamesRoot": ["thrillers_crime_top100"],
    "categoryLabel": ["Thrillers: Crime"],
    "pageLabel": ["Top 100"],
    "browseNodeID": ["6361462011"],
    "medianSalesRank": [869],
    "medianNPages": [338],
    "priceBreaks": [0, 0.99, 1.99, 2.99, 3.99, 4.99, 14.99],
    "priceCounts": [17, 8, 15, 6, 22, 32],
    "nIsInKU": [67],
    "nIsNotInKU": [33],
    "nReleases": [">20000"],
    "nLastThirtyReleases": ["690"],
    "nLastNinetyReleases": [">1000"],
    "nPreorders": ["255"]
  },
  {
    "currentAnalysisName": ["website_espionage_top100_157322011_20180503.162845"],
    "analysisTimeString": ["20180503.162845"],
    "filenamesRoot": ["espionage_top100"],
    "categoryLabel": ["Thrillers: Espionage"],
    "pageLabel": ["Top 100"],
    "browseNodeID": ["157322011"],
    "medianSalesRank": [2646],
    "medianNPages": [401],
    "priceBreaks": [0, 0.99, 1.99, 2.99, 3.99, 4.99, 14.99],
    "priceCounts": [5, 4, 9, 4, 29, 49],
    "nIsInKU": [55],
    "nIsNotInKU": [45],
    "nReleases": [">10000"],
    "nLastThirtyReleases": ["147"],
    "nLastNinetyReleases": ["447"],
    "nPreorders": ["66"]
  },
  {
    "currentAnalysisName": ["website_financial_top100_7130645011_20180503.163103"],
    "analysisTimeString": ["20180503.163103"],
    "filenamesRoot": ["financial_top100"],
    "categoryLabel": ["Thrillers: Financial"],
    "pageLabel": ["Top 100"],
    "browseNodeID": ["7130645011"],
    "medianSalesRank": [13267],
    "medianNPages": [322],
    "priceBreaks": [0, 0.99, 1.99, 2.99, 3.99, 4.99, 12.99],
    "priceCounts": [9, 2, 19, 28, 23, 19],
    "nIsInKU": [70],
    "nIsNotInKU": [30],
    "nReleases": ["973"],
    "nLastThirtyReleases": ["2"],
    "nLastNinetyReleases": ["23"],
    "nPreorders": ["5"]
  },
  {
    "currentAnalysisName": ["website_thrillers_historical_top100_6361463011_20180503.163235"],
    "analysisTimeString": ["20180503.163235"],
    "filenamesRoot": ["thrillers_historical_top100"],
    "categoryLabel": ["Thrillers: Historical"],
    "pageLabel": ["Top 100"],
    "browseNodeID": ["6361463011"],
    "medianSalesRank": [9576],
    "medianNPages": [377],
    "priceBreaks": [0, 0.99, 1.99, 2.99, 3.99, 4.99, 14.99],
    "priceCounts": [10, 14, 7, 11, 13, 45],
    "nIsInKU": [58],
    "nIsNotInKU": [42],
    "nReleases": [">5000"],
    "nLastThirtyReleases": ["53"],
    "nLastNinetyReleases": ["223"],
    "nPreorders": ["19"]
  },
  {
    "currentAnalysisName": ["website_thrillers_legal_top100_157321011_20180503.163403"],
    "analysisTimeString": ["20180503.163403"],
    "filenamesRoot": ["thrillers_legal_top100"],
    "categoryLabel": ["Thrillers: Legal"],
    "pageLabel": ["Top 100"],
    "browseNodeID": ["157321011"],
    "medianSalesRank": [3251],
    "medianNPages": [338],
    "priceBreaks": [0, 0.99, 1.99, 2.99, 3.99, 4.99, 14.99],
    "priceCounts": [9, 8, 9, 18, 27, 29],
    "nIsInKU": [77],
    "nIsNotInKU": [23],
    "nReleases": [">4000"],
    "nLastThirtyReleases": ["151"],
    "nLastNinetyReleases": ["426"],
    "nPreorders": ["21"]
  },
  {
    "currentAnalysisName": ["website_thrillers_medical_top100_2225099011_20180503.163519"],
    "analysisTimeString": ["20180503.163519"],
    "filenamesRoot": ["thrillers_medical_top100"],
    "categoryLabel": ["Thrillers: Medical"],
    "pageLabel": ["Top 100"],
    "browseNodeID": ["2225099011"],
    "medianSalesRank": [14653],
    "medianNPages": [358],
    "priceBreaks": [0, 0.99, 1.99, 2.99, 3.99, 4.99, 14.99],
    "priceCounts": [10, 2, 7, 22, 14, 45],
    "nIsInKU": [63],
    "nIsNotInKU": [37],
    "nReleases": [">2000"],
    "nLastThirtyReleases": ["34"],
    "nLastNinetyReleases": ["114"],
    "nPreorders": ["13"]
  },
  {
    "currentAnalysisName": ["website_thrillers_military_top100_6361464011_20180503.163728"],
    "analysisTimeString": ["20180503.163728"],
    "filenamesRoot": ["thrillers_military_top100"],
    "categoryLabel": ["Thrillers: Military"],
    "pageLabel": ["Top 100"],
    "browseNodeID": ["6361464011"],
    "medianSalesRank": [3810],
    "medianNPages": [371],
    "priceBreaks": [0, 0.99, 1.99, 2.99, 3.99, 4.99, 14.99],
    "priceCounts": [10, 5, 12, 13, 22, 38],
    "nIsInKU": [67],
    "nIsNotInKU": [33],
    "nReleases": [">3000"],
    "nLastThirtyReleases": ["63"],
    "nLastNinetyReleases": ["206"],
    "nPreorders": ["28"]
  },
  {
    "currentAnalysisName": ["website_pulp_top100_7130646011_20180503.163847"],
    "analysisTimeString": ["20180503.163847"],
    "filenamesRoot": ["pulp_top100"],
    "categoryLabel": ["Thrillers:Pulp"],
    "pageLabel": ["Top 100"],
    "browseNodeID": ["7130646011"],
    "medianSalesRank": [4698],
    "medianNPages": [306],
    "priceBreaks": [0, 0.99, 1.99, 2.99, 3.99, 4.99, 9.99],
    "priceCounts": [9, 1, 22, 27, 30, 11],
    "nIsInKU": [95],
    "nIsNotInKU": [5],
    "nReleases": [">2000"],
    "nLastThirtyReleases": ["46"],
    "nLastNinetyReleases": ["137"],
    "nPreorders": ["14"]
  },
  {
    "currentAnalysisName": ["website_technothrillers_top100_157324011_20180503.164003"],
    "analysisTimeString": ["20180503.164003"],
    "filenamesRoot": ["technothrillers_top100"],
    "categoryLabel": ["Technothrillers"],
    "pageLabel": ["Top 100"],
    "browseNodeID": ["157324011"],
    "medianSalesRank": [3807],
    "medianNPages": [365],
    "priceBreaks": [0, 0.99, 1.99, 2.99, 3.99, 4.99, 14.99],
    "priceCounts": [14, 3, 17, 19, 20, 27],
    "nIsInKU": [87],
    "nIsNotInKU": [13],
    "nReleases": [">5000"],
    "nLastThirtyReleases": ["60"],
    "nLastNinetyReleases": ["215"],
    "nPreorders": ["22"]
  },
  {
    "currentAnalysisName": ["website_thrillers_terrorism_top100_7130647011_20180503.164144"],
    "analysisTimeString": ["20180503.164144"],
    "filenamesRoot": ["thrillers_terrorism_top100"],
    "categoryLabel": ["Thrillers:Terrorism"],
    "pageLabel": ["Top 100"],
    "browseNodeID": ["7130647011"],
    "medianSalesRank": [5251],
    "medianNPages": [412],
    "priceBreaks": [0, 0.99, 1.99, 2.99, 3.99, 4.99, 14.99],
    "priceCounts": [6, 2, 8, 8, 16, 60],
    "nIsInKU": [47],
    "nIsNotInKU": [53],
    "nReleases": [">4000"],
    "nLastThirtyReleases": ["24"],
    "nLastNinetyReleases": ["160"],
    "nPreorders": ["24"]
  }
]
