[
  {
    "currentAnalysisName": ["X0044_m_t_s_top100_157305011_20191006.231318"],
    "analysisTimeString": ["20191006.231318"],
    "filenamesRoot": ["m_t_s_top100"],
    "categoryLabel": ["Mystery, Thriller & Suspense"],
    "pageLabel": ["Top 100"],
    "browseNodeID": ["157305011"],
    "medianSalesRank": [197],
    "medianNPages": [353],
    "priceBreaks": [0, 0.99, 1.99, 2.99, 3.99, 4.99, 14.99],
    "priceCounts": [13, 17, 5, 6, 26, 33],
    "nIsInKU": [62],
    "nIsNotInKU": [38],
    "nReleases": [">50000"],
    "nLastThirtyReleases": [">5000"],
    "nLastNinetyReleases": [">10000"],
    "nPreorders": [">2000"]
  },
  {
    "currentAnalysisName": ["X0044_heist_top100_7130623011_20191006.232221"],
    "analysisTimeString": ["20191006.232221"],
    "filenamesRoot": ["heist_top100"],
    "categoryLabel": ["Heist"],
    "pageLabel": ["Top 100"],
    "browseNodeID": ["7130623011"],
    "medianSalesRank": [9748],
    "medianNPages": [256],
    "priceBreaks": [0, 0.99, 1.99, 2.99, 3.99, 4.99, 9.99],
    "priceCounts": [18, 2, 27, 25, 12, 16],
    "nIsInKU": [86],
    "nIsNotInKU": [14],
    "nReleases": [">2000"],
    "nLastThirtyReleases": ["47"],
    "nLastNinetyReleases": ["115"],
    "nPreorders": ["26"]
  },
  {
    "currentAnalysisName": ["X0044_kidnapping_top100_7151518011_20191006.232554"],
    "analysisTimeString": ["20191006.232554"],
    "filenamesRoot": ["kidnapping_top100"],
    "categoryLabel": ["Kidnapping"],
    "pageLabel": ["Top 100"],
    "browseNodeID": ["7151518011"],
    "medianSalesRank": [5108],
    "medianNPages": [317],
    "priceBreaks": [0, 0.99, 1.99, 2.99, 3.99, 4.99, 14.99],
    "priceCounts": [19, 11, 13, 20, 22, 15],
    "nIsInKU": [90],
    "nIsNotInKU": [10],
    "nReleases": [">2000"],
    "nLastThirtyReleases": ["53"],
    "nLastNinetyReleases": ["150"],
    "nPreorders": ["30"]
  },
  {
    "currentAnalysisName": ["X0044_murder_top100_7130624011_20191006.232707"],
    "analysisTimeString": ["20191006.232707"],
    "filenamesRoot": ["murder_top100"],
    "categoryLabel": ["Murder"],
    "pageLabel": ["Top 100"],
    "browseNodeID": ["7130624011"],
    "medianSalesRank": [1315],
    "medianNPages": [336],
    "priceBreaks": [0, 0.99, 1.99, 2.99, 3.99, 4.99, 14.99],
    "priceCounts": [12, 16, 7, 13, 17, 35],
    "nIsInKU": [82],
    "nIsNotInKU": [18],
    "nReleases": [">10000"],
    "nLastThirtyReleases": ["263"],
    "nLastNinetyReleases": ["735"],
    "nPreorders": ["101"]
  },
  {
    "currentAnalysisName": ["X0044_noir_top100_7130625011_20191006.232808"],
    "analysisTimeString": ["20191006.232808"],
    "filenamesRoot": ["noir_top100"],
    "categoryLabel": ["Noir"],
    "pageLabel": ["Top 100"],
    "browseNodeID": ["7130625011"],
    "medianSalesRank": [5712],
    "medianNPages": [254],
    "priceBreaks": [0, 0.99, 1.99, 2.99, 3.99, 4.99, 14.99],
    "priceCounts": [27, 4, 25, 10, 19, 14],
    "nIsInKU": [89],
    "nIsNotInKU": [11],
    "nReleases": [">5000"],
    "nLastThirtyReleases": ["91"],
    "nLastNinetyReleases": ["242"],
    "nPreorders": ["54"]
  },
  {
    "currentAnalysisName": ["X0044_organized_crime_top100_7130626011_20191006.232911"],
    "analysisTimeString": ["20191006.232911"],
    "filenamesRoot": ["organized_crime_top100"],
    "categoryLabel": ["Organized Crime"],
    "pageLabel": ["Top 100"],
    "browseNodeID": ["7130626011"],
    "medianSalesRank": [5149],
    "medianNPages": [290],
    "priceBreaks": [0, 0.99, 1.99, 2.99, 3.99, 4.99, 14.99],
    "priceCounts": [15, 1, 17, 42, 12, 13],
    "nIsInKU": [87],
    "nIsNotInKU": [13],
    "nReleases": [">4000"],
    "nLastThirtyReleases": ["82"],
    "nLastNinetyReleases": ["250"],
    "nPreorders": ["39"]
  },
  {
    "currentAnalysisName": ["X0044_serial_killers_top100_7130627011_20191006.233012"],
    "analysisTimeString": ["20191006.233012"],
    "filenamesRoot": ["serial_killers_top100"],
    "categoryLabel": ["Serial Killers"],
    "pageLabel": ["Top 100"],
    "browseNodeID": ["7130627011"],
    "medianSalesRank": [2874],
    "medianNPages": [335],
    "priceBreaks": [0, 0.99, 1.99, 2.99, 3.99, 4.99, 14.99],
    "priceCounts": [10, 12, 23, 4, 25, 26],
    "nIsInKU": [88],
    "nIsNotInKU": [12],
    "nReleases": [">4000"],
    "nLastThirtyReleases": ["64"],
    "nLastNinetyReleases": ["188"],
    "nPreorders": ["38"]
  },
  {
    "currentAnalysisName": ["X0044_vigilante_justice_top100_7130628011_20191006.233117"],
    "analysisTimeString": ["20191006.233117"],
    "filenamesRoot": ["vigilante_justice_top100"],
    "categoryLabel": ["Vigilante Justice"],
    "pageLabel": ["Top 100"],
    "browseNodeID": ["7130628011"],
    "medianSalesRank": [4128],
    "medianNPages": [301],
    "priceBreaks": [0, 0.99, 1.99, 2.99, 3.99, 4.99, 11.99],
    "priceCounts": [17, 3, 6, 23, 29, 22],
    "nIsInKU": [95],
    "nIsNotInKU": [5],
    "nReleases": [">2000"],
    "nLastThirtyReleases": ["53"],
    "nLastNinetyReleases": ["132"],
    "nPreorders": ["35"]
  },
  {
    "currentAnalysisName": ["X0044_m_t_s_a_a_top100_6190464011_20191006.233224"],
    "analysisTimeString": ["20191006.233224"],
    "filenamesRoot": ["m_t_s_a_a_top100"],
    "categoryLabel": ["Mystery: African American"],
    "pageLabel": ["Top 100"],
    "browseNodeID": ["6190464011"],
    "medianSalesRank": [33878],
    "medianNPages": [256],
    "priceBreaks": [0, 0.99, 1.99, 2.99, 3.99, 4.99, 25.99],
    "priceCounts": [42, 8, 16, 10, 11, 13],
    "nIsInKU": [87],
    "nIsNotInKU": [13],
    "nReleases": [">3000"],
    "nLastThirtyReleases": ["64"],
    "nLastNinetyReleases": ["162"],
    "nPreorders": ["20"]
  },
  {
    "currentAnalysisName": ["X0044_cozy_mystery_top100_6190476011_20191006.233331"],
    "analysisTimeString": ["20191006.233331"],
    "filenamesRoot": ["cozy_mystery_top100"],
    "categoryLabel": ["Mystery: Cozy"],
    "pageLabel": ["Top 100"],
    "browseNodeID": ["6190476011"],
    "medianSalesRank": [2022],
    "medianNPages": [281],
    "priceBreaks": [0, 0.99, 1.99, 2.99, 3.99, 4.99, 14.99],
    "priceCounts": [31, 5, 16, 15, 23, 10],
    "nIsInKU": [82],
    "nIsNotInKU": [18],
    "nReleases": [">20000"],
    "nLastThirtyReleases": ["508"],
    "nLastNinetyReleases": [">1000"],
    "nPreorders": ["356"]
  },
  {
    "currentAnalysisName": ["X0044_hardboiled_mystery_top100_157312011_20191006.233429"],
    "analysisTimeString": ["20191006.233429"],
    "filenamesRoot": ["hardboiled_mystery_top100"],
    "categoryLabel": ["Mystery: Hard-Boiled"],
    "pageLabel": ["Top 100"],
    "browseNodeID": ["157312011"],
    "medianSalesRank": [5406],
    "medianNPages": [319],
    "priceBreaks": [0, 0.99, 1.99, 2.99, 3.99, 4.99, 13.99],
    "priceCounts": [6, 1, 6, 18, 28, 40],
    "nIsInKU": [87],
    "nIsNotInKU": [13],
    "nReleases": [">10000"],
    "nLastThirtyReleases": ["216"],
    "nLastNinetyReleases": ["657"],
    "nPreorders": ["73"]
  },
  {
    "currentAnalysisName": ["X0044_historical_mystery_top100_157313011_20191006.233533"],
    "analysisTimeString": ["20191006.233533"],
    "filenamesRoot": ["historical_mystery_top100"],
    "categoryLabel": ["Mystery: Historical"],
    "pageLabel": ["Top 100"],
    "browseNodeID": ["157313011"],
    "medianSalesRank": [6195],
    "medianNPages": [289],
    "priceBreaks": [0, 0.99, 1.99, 2.99, 3.99, 4.99, 12.99],
    "priceCounts": [12, 12, 7, 12, 25, 31],
    "nIsInKU": [65],
    "nIsNotInKU": [35],
    "nReleases": [">10000"],
    "nLastThirtyReleases": ["209"],
    "nLastNinetyReleases": ["537"],
    "nPreorders": ["137"]
  },
  {
    "currentAnalysisName": ["X0044_international_mystery_top100_6361461011_20191006.234229"],
    "analysisTimeString": ["20191006.234229"],
    "filenamesRoot": ["international_mystery_top100"],
    "categoryLabel": ["Mystery: International"],
    "pageLabel": ["Top 100"],
    "browseNodeID": ["6361461011"],
    "medianSalesRank": [3501],
    "medianNPages": [353],
    "priceBreaks": [0, 0.99, 1.99, 2.99, 3.99, 4.99, 14.99],
    "priceCounts": [7, 3, 3, 13, 17, 56],
    "nIsInKU": [65],
    "nIsNotInKU": [35],
    "nReleases": [">10000"],
    "nLastThirtyReleases": ["250"],
    "nLastNinetyReleases": ["665"],
    "nPreorders": ["97"]
  },
  {
    "currentAnalysisName": ["X0044_lgbt_mystery_top100_7130633011_20191006.235010"],
    "analysisTimeString": ["20191006.235010"],
    "filenamesRoot": ["lgbt_mystery_top100"],
    "categoryLabel": ["Mystery: LGBT"],
    "pageLabel": ["Top 100"],
    "browseNodeID": ["7130633011"],
    "medianSalesRank": [43456],
    "medianNPages": [286],
    "priceBreaks": [0, 0.99, 1.99, 2.99, 3.99, 4.99, 12.99],
    "priceCounts": [5, 0, 10, 41, 18, 26],
    "nIsInKU": [79],
    "nIsNotInKU": [21],
    "nReleases": [">2000"],
    "nLastThirtyReleases": ["26"],
    "nLastNinetyReleases": ["98"],
    "nPreorders": ["18"]
  },
  {
    "currentAnalysisName": ["X0044_police_procedurals_top100_157318011_20191006.235506"],
    "analysisTimeString": ["20191006.235506"],
    "filenamesRoot": ["police_procedurals_top100"],
    "categoryLabel": ["Police Procedurals"],
    "pageLabel": ["Top 100"],
    "browseNodeID": ["157318011"],
    "medianSalesRank": [1016],
    "medianNPages": [342],
    "priceBreaks": [0, 0.99, 1.99, 2.99, 3.99, 4.99, 14.99],
    "priceCounts": [11, 13, 9, 13, 21, 33],
    "nIsInKU": [79],
    "nIsNotInKU": [21],
    "nReleases": [">20000"],
    "nLastThirtyReleases": ["327"],
    "nLastNinetyReleases": ["937"],
    "nPreorders": ["178"]
  },
  {
    "currentAnalysisName": ["X0044_private_eyes_top100_6190477011_20191007.000029"],
    "analysisTimeString": ["20191007.000029"],
    "filenamesRoot": ["private_eyes_top100"],
    "categoryLabel": ["Private Investigators"],
    "pageLabel": ["Top 100"],
    "browseNodeID": ["6190477011"],
    "medianSalesRank": [4278],
    "medianNPages": [318],
    "priceBreaks": [0, 0.99, 1.99, 2.99, 3.99, 4.99, 14.99],
    "priceCounts": [12, 7, 8, 16, 19, 38],
    "nIsInKU": [58],
    "nIsNotInKU": [42],
    "nReleases": [">20000"],
    "nLastThirtyReleases": ["269"],
    "nLastNinetyReleases": ["744"],
    "nPreorders": ["123"]
  },
  {
    "currentAnalysisName": ["X0044_traditional_detectives_top100_157309011_20191007.001057"],
    "analysisTimeString": ["20191007.001057"],
    "filenamesRoot": ["traditional_detectives_top100"],
    "categoryLabel": ["Traditional Detectives"],
    "pageLabel": ["Top 100"],
    "browseNodeID": ["157309011"],
    "medianSalesRank": [6053],
    "medianNPages": [285],
    "priceBreaks": [0, 0.99, 1.99, 2.99, 3.99, 4.99, 14.99],
    "priceCounts": [6, 3, 23, 13, 23, 32],
    "nIsInKU": [73],
    "nIsNotInKU": [27],
    "nReleases": [">10000"],
    "nLastThirtyReleases": ["149"],
    "nLastNinetyReleases": ["440"],
    "nPreorders": ["97"]
  },
  {
    "currentAnalysisName": ["X0044_women_sleuths_top100_157317011_20191007.002001"],
    "analysisTimeString": ["20191007.002001"],
    "filenamesRoot": ["women_sleuths_top100"],
    "categoryLabel": ["Women Sleuths"],
    "pageLabel": ["Top 100"],
    "browseNodeID": ["157317011"],
    "medianSalesRank": [872],
    "medianNPages": [335],
    "priceBreaks": [0, 0.99, 1.99, 2.99, 3.99, 4.99, 14.99],
    "priceCounts": [12, 11, 7, 8, 26, 36],
    "nIsInKU": [78],
    "nIsNotInKU": [22],
    "nReleases": [">30000"],
    "nLastThirtyReleases": ["500"],
    "nLastNinetyReleases": [">1000"],
    "nPreorders": ["392"]
  },
  {
    "currentAnalysisName": ["X0044_ghosts_top100_7130635011_20191007.002825"],
    "analysisTimeString": ["20191007.002825"],
    "filenamesRoot": ["ghosts_top100"],
    "categoryLabel": ["Suspense: Ghosts"],
    "pageLabel": ["Top 100"],
    "browseNodeID": ["7130635011"],
    "medianSalesRank": [11288],
    "medianNPages": [320],
    "priceBreaks": [0, 0.99, 1.99, 2.99, 3.99, 4.99, 34.99],
    "priceCounts": [16, 5, 11, 19, 17, 31],
    "nIsInKU": [74],
    "nIsNotInKU": [26],
    "nReleases": [">2000"],
    "nLastThirtyReleases": ["20"],
    "nLastNinetyReleases": ["94"],
    "nPreorders": ["                13"]
  },
  {
    "currentAnalysisName": ["X0044_suspense_horror_top100_7130636011_20191007.002932"],
    "analysisTimeString": ["20191007.002932"],
    "filenamesRoot": ["suspense_horror_top100"],
    "categoryLabel": ["Suspense: Horror"],
    "pageLabel": ["Top 100"],
    "browseNodeID": ["7130636011"],
    "medianSalesRank": [8029],
    "medianNPages": [385],
    "priceBreaks": [0, 0.99, 1.99, 2.99, 3.99, 4.99, 14.99],
    "priceCounts": [19, 4, 10, 14, 22, 31],
    "nIsInKU": [71],
    "nIsNotInKU": [29],
    "nReleases": [">6000"],
    "nLastThirtyReleases": ["89"],
    "nLastNinetyReleases": ["308"],
    "nPreorders": ["53"]
  },
  {
    "currentAnalysisName": ["X0044_suspense_occult_top100_7130637011_20191007.003041"],
    "analysisTimeString": ["20191007.003041"],
    "filenamesRoot": ["suspense_occult_top100"],
    "categoryLabel": ["Suspense: Occult"],
    "pageLabel": ["Top 100"],
    "browseNodeID": ["7130637011"],
    "medianSalesRank": [9503],
    "medianNPages": [334],
    "priceBreaks": [0, 0.99, 1.99, 2.99, 3.99, 4.99, 13.99],
    "priceCounts": [12, 4, 14, 17, 33, 20],
    "nIsInKU": [90],
    "nIsNotInKU": [10],
    "nReleases": [">2000"],
    "nLastThirtyReleases": ["43"],
    "nLastNinetyReleases": ["143"],
    "nPreorders": ["34"]
  },
  {
    "currentAnalysisName": ["X0044_suspense_paranormal_top100_7130638011_20191007.003149"],
    "analysisTimeString": ["20191007.003149"],
    "filenamesRoot": ["suspense_paranormal_top100"],
    "categoryLabel": ["Suspense: Paranormal"],
    "pageLabel": ["Top 100"],
    "browseNodeID": ["7130638011"],
    "medianSalesRank": [1740],
    "medianNPages": [384],
    "priceBreaks": [0, 0.99, 1.99, 2.99, 3.99, 4.99, 15.99],
    "priceCounts": [15, 5, 11, 18, 27, 24],
    "nIsInKU": [75],
    "nIsNotInKU": [25],
    "nReleases": [">20000"],
    "nLastThirtyReleases": ["403"],
    "nLastNinetyReleases": [">1000"],
    "nPreorders": ["227"]
  },
  {
    "currentAnalysisName": ["X0044_suspense_political_top100_6190490011_20191007.003256"],
    "analysisTimeString": ["20191007.003256"],
    "filenamesRoot": ["suspense_political_top100"],
    "categoryLabel": ["Suspense: Political"],
    "pageLabel": ["Top 100"],
    "browseNodeID": ["6190490011"],
    "medianSalesRank": [3227],
    "medianNPages": [349],
    "priceBreaks": [0, 0.99, 1.99, 2.99, 3.99, 4.99, 15.39],
    "priceCounts": [6, 11, 6, 9, 29, 39],
    "nIsInKU": [78],
    "nIsNotInKU": [22],
    "nReleases": [">8000"],
    "nLastThirtyReleases": ["103"],
    "nLastNinetyReleases": ["314"],
    "nPreorders": ["62"]
  },
  {
    "currentAnalysisName": ["X0044_psychological_fiction_top100_6190491011_20191007.003401"],
    "analysisTimeString": ["20191007.003401"],
    "filenamesRoot": ["psychological_fiction_top100"],
    "categoryLabel": ["Psychological Fiction"],
    "pageLabel": ["Top 100"],
    "browseNodeID": ["6190491011"],
    "medianSalesRank": [1042],
    "medianNPages": [330],
    "priceBreaks": [0, 0.99, 1.99, 2.99, 3.99, 4.99, 15.99],
    "priceCounts": [9, 17, 8, 8, 24, 34],
    "nIsInKU": [68],
    "nIsNotInKU": [32],
    "nReleases": [">10000"],
    "nLastThirtyReleases": ["222"],
    "nLastNinetyReleases": ["726"],
    "nPreorders": ["170"]
  },
  {
    "currentAnalysisName": ["X0044_assassinations_top100_7130643011_20191007.003508"],
    "analysisTimeString": ["20191007.003508"],
    "filenamesRoot": ["assassinations_top100"],
    "categoryLabel": ["Thrillers: Assassinations"],
    "pageLabel": ["Top 100"],
    "browseNodeID": ["7130643011"],
    "medianSalesRank": [3670],
    "medianNPages": [334],
    "priceBreaks": [0, 0.99, 1.99, 2.99, 3.99, 4.99, 15.39],
    "priceCounts": [6, 8, 10, 14, 26, 36],
    "nIsInKU": [78],
    "nIsNotInKU": [22],
    "nReleases": [">4000"],
    "nLastThirtyReleases": ["65"],
    "nLastNinetyReleases": ["170"],
    "nPreorders": ["30"]
  },
  {
    "currentAnalysisName": ["X0044_conspiracies_top100_7130644011_20191007.003614"],
    "analysisTimeString": ["20191007.003614"],
    "filenamesRoot": ["conspiracies_top100"],
    "categoryLabel": ["Thrillers: Conspiracies"],
    "pageLabel": ["Top 100"],
    "browseNodeID": ["7130644011"],
    "medianSalesRank": [2568],
    "medianNPages": [381],
    "priceBreaks": [0, 0.99, 1.99, 2.99, 3.99, 4.99, 14.99],
    "priceCounts": [5, 11, 12, 16, 22, 33],
    "nIsInKU": [84],
    "nIsNotInKU": [16],
    "nReleases": [">6000"],
    "nLastThirtyReleases": ["63"],
    "nLastNinetyReleases": ["200"],
    "nPreorders": ["31"]
  },
  {
    "currentAnalysisName": ["X0044_thrillers_crime_top100_6361462011_20191007.003725"],
    "analysisTimeString": ["20191007.003725"],
    "filenamesRoot": ["thrillers_crime_top100"],
    "categoryLabel": ["Thrillers: Crime"],
    "pageLabel": ["Top 100"],
    "browseNodeID": ["6361462011"],
    "medianSalesRank": [863],
    "medianNPages": [339],
    "priceBreaks": [0, 0.99, 1.99, 2.99, 3.99, 4.99, 14.99],
    "priceCounts": [4, 15, 6, 16, 19, 40],
    "nIsInKU": [71],
    "nIsNotInKU": [29],
    "nReleases": [">30000"],
    "nLastThirtyReleases": ["607"],
    "nLastNinetyReleases": [">1000"],
    "nPreorders": ["292"]
  },
  {
    "currentAnalysisName": ["X0044_espionage_top100_157322011_20191007.003828"],
    "analysisTimeString": ["20191007.003828"],
    "filenamesRoot": ["espionage_top100"],
    "categoryLabel": ["Thrillers: Espionage"],
    "pageLabel": ["Top 100"],
    "browseNodeID": ["157322011"],
    "medianSalesRank": [3066],
    "medianNPages": [385],
    "priceBreaks": [0, 0.99, 1.99, 2.99, 3.99, 4.99, 14.99],
    "priceCounts": [8, 6, 7, 16, 19, 44],
    "nIsInKU": [71],
    "nIsNotInKU": [29],
    "nReleases": [">10000"],
    "nLastThirtyReleases": ["131"],
    "nLastNinetyReleases": ["407"],
    "nPreorders": ["92"]
  },
  {
    "currentAnalysisName": ["X0044_financial_top100_7130645011_20191007.004524"],
    "analysisTimeString": ["20191007.004524"],
    "filenamesRoot": ["financial_top100"],
    "categoryLabel": ["Thrillers: Financial"],
    "pageLabel": ["Top 100"],
    "browseNodeID": ["7130645011"],
    "medianSalesRank": [9201],
    "medianNPages": [349],
    "priceBreaks": [0, 0.99, 1.99, 2.99, 3.99, 4.99, 13.99],
    "priceCounts": [10, 0, 13, 28, 31, 18],
    "nIsInKU": [88],
    "nIsNotInKU": [12],
    "nReleases": [">1000"],
    "nLastThirtyReleases": ["24"],
    "nLastNinetyReleases": ["61"],
    "nPreorders": ["                11"]
  },
  {
    "currentAnalysisName": ["X0044_thrillers_historical_top100_6361463011_20191007.004636"],
    "analysisTimeString": ["20191007.004636"],
    "filenamesRoot": ["thrillers_historical_top100"],
    "categoryLabel": ["Thrillers: Historical"],
    "pageLabel": ["Top 100"],
    "browseNodeID": ["6361463011"],
    "medianSalesRank": [9756],
    "medianNPages": [352],
    "priceBreaks": [0, 0.99, 1.99, 2.99, 3.99, 4.99, 14.99],
    "priceCounts": [15, 9, 12, 11, 17, 33],
    "nIsInKU": [59],
    "nIsNotInKU": [41],
    "nReleases": [">8000"],
    "nLastThirtyReleases": ["112"],
    "nLastNinetyReleases": ["310"],
    "nPreorders": ["56"]
  },
  {
    "currentAnalysisName": ["X0044_thrillers_legal_top100_157321011_20191007.004744"],
    "analysisTimeString": ["20191007.004744"],
    "filenamesRoot": ["thrillers_legal_top100"],
    "categoryLabel": ["Thrillers: Legal"],
    "pageLabel": ["Top 100"],
    "browseNodeID": ["157321011"],
    "medianSalesRank": [3628],
    "medianNPages": [347],
    "priceBreaks": [0, 0.99, 1.99, 2.99, 3.99, 4.99, 14.99],
    "priceCounts": [7, 17, 8, 8, 26, 33],
    "nIsInKU": [74],
    "nIsNotInKU": [26],
    "nReleases": [">6000"],
    "nLastThirtyReleases": ["74"],
    "nLastNinetyReleases": ["199"],
    "nPreorders": ["21"]
  },
  {
    "currentAnalysisName": ["X0044_thrillers_medical_top100_2225099011_20191007.005213"],
    "analysisTimeString": ["20191007.005213"],
    "filenamesRoot": ["thrillers_medical_top100"],
    "categoryLabel": ["Thrillers: Medical"],
    "pageLabel": ["Top 100"],
    "browseNodeID": ["2225099011"],
    "medianSalesRank": [9741],
    "medianNPages": [359],
    "priceBreaks": [0, 0.99, 1.99, 2.99, 3.99, 4.99, 13.99],
    "priceCounts": [8, 12, 9, 9, 22, 40],
    "nIsInKU": [73],
    "nIsNotInKU": [27],
    "nReleases": [">3000"],
    "nLastThirtyReleases": ["38"],
    "nLastNinetyReleases": ["123"],
    "nPreorders": ["23"]
  },
  {
    "currentAnalysisName": ["X0044_thrillers_military_top100_6361464011_20191007.010128"],
    "analysisTimeString": ["20191007.010128"],
    "filenamesRoot": ["thrillers_military_top100"],
    "categoryLabel": ["Thrillers: Military"],
    "pageLabel": ["Top 100"],
    "browseNodeID": ["6361464011"],
    "medianSalesRank": [4149],
    "medianNPages": [369],
    "priceBreaks": [0, 0.99, 1.99, 2.99, 3.99, 4.99, 15.39],
    "priceCounts": [15, 13, 8, 15, 11, 38],
    "nIsInKU": [72],
    "nIsNotInKU": [28],
    "nReleases": [">5000"],
    "nLastThirtyReleases": ["67"],
    "nLastNinetyReleases": ["195"],
    "nPreorders": ["48"]
  },
  {
    "currentAnalysisName": ["X0044_pulp_top100_7130646011_20191007.010309"],
    "analysisTimeString": ["20191007.010309"],
    "filenamesRoot": ["pulp_top100"],
    "categoryLabel": ["Thrillers:Pulp"],
    "pageLabel": ["Top 100"],
    "browseNodeID": ["7130646011"],
    "medianSalesRank": [4340],
    "medianNPages": [317],
    "priceBreaks": [0, 0.99, 1.99, 2.99, 3.99, 4.99, 6.99],
    "priceCounts": [20, 0, 13, 22, 30, 15],
    "nIsInKU": [96],
    "nIsNotInKU": [4],
    "nReleases": [">3000"],
    "nLastThirtyReleases": ["51"],
    "nLastNinetyReleases": ["106"],
    "nPreorders": ["21"]
  },
  {
    "currentAnalysisName": ["X0044_technothrillers_top100_157324011_20191007.010934"],
    "analysisTimeString": ["20191007.010934"],
    "filenamesRoot": ["technothrillers_top100"],
    "categoryLabel": ["Technothrillers"],
    "pageLabel": ["Top 100"],
    "browseNodeID": ["157324011"],
    "medianSalesRank": [4316],
    "medianNPages": [376],
    "priceBreaks": [0, 0.99, 1.99, 2.99, 3.99, 4.99, 14.99],
    "priceCounts": [7, 13, 6, 9, 23, 42],
    "nIsInKU": [87],
    "nIsNotInKU": [13],
    "nReleases": [">7000"],
    "nLastThirtyReleases": ["70"],
    "nLastNinetyReleases": ["227"],
    "nPreorders": ["48"]
  },
  {
    "currentAnalysisName": ["X0044_thrillers_terrorism_top100_7130647011_20191007.011556"],
    "analysisTimeString": ["20191007.011556"],
    "filenamesRoot": ["thrillers_terrorism_top100"],
    "categoryLabel": ["Thrillers:Terrorism"],
    "pageLabel": ["Top 100"],
    "browseNodeID": ["7130647011"],
    "medianSalesRank": [5240],
    "medianNPages": [373],
    "priceBreaks": [0, 0.99, 1.99, 2.99, 3.99, 4.99, 14.99],
    "priceCounts": [6, 7, 7, 19, 25, 36],
    "nIsInKU": [63],
    "nIsNotInKU": [37],
    "nReleases": [">5000"],
    "nLastThirtyReleases": ["70"],
    "nLastNinetyReleases": ["185"],
    "nPreorders": ["46"]
  }
]
