[
  {
    "currentAnalysisName": ["X0041_erotica_top100_157057011_20190803.044010"],
    "analysisTimeString": ["20190803.044010"],
    "filenamesRoot": ["erotica_top100"],
    "categoryLabel": ["Erotica"],
    "pageLabel": ["Top 100"],
    "browseNodeID": ["157057011"],
    "medianSalesRank": [7154],
    "medianNPages": [198],
    "priceBreaks": [0, 0.99, 1.99, 2.99, 3.99, 4.99, 9.99],
    "priceCounts": [31, 1, 31, 18, 8, 11],
    "nIsInKU": [91],
    "nIsNotInKU": [9],
    "nReleases": [">50000"],
    "nLastThirtyReleases": [">50000"],
    "nLastNinetyReleases": [">50000"],
    "nPreorders": [">50000"]
  },
  {
    "currentAnalysisName": ["X0041_e_action_adventure_top100_7620210011_20190803.044349"],
    "analysisTimeString": ["20190803.044349"],
    "filenamesRoot": ["e_action_adventure_top100"],
    "categoryLabel": ["Erotica: Action and Adventure"],
    "pageLabel": ["Top 100"],
    "browseNodeID": ["7620210011"],
    "medianSalesRank": [28538],
    "medianNPages": [178],
    "priceBreaks": [0, 0.99, 1.99, 2.99, 3.99, 4.99, 24.99],
    "priceCounts": [15, 0, 46, 10, 9, 20],
    "nIsInKU": [95],
    "nIsNotInKU": [5],
    "nReleases": [">20000"],
    "nLastThirtyReleases": [">20000"],
    "nLastNinetyReleases": [">20000"],
    "nPreorders": [">20000"]
  },
  {
    "currentAnalysisName": ["X0041_e_african_american_top100_6190461011_20190803.044449"],
    "analysisTimeString": ["20190803.044449"],
    "filenamesRoot": ["e_african_american_top100"],
    "categoryLabel": ["Erotica: African American"],
    "pageLabel": ["Top 100"],
    "browseNodeID": ["6190461011"],
    "medianSalesRank": [124910],
    "medianNPages": [217],
    "priceBreaks": [0, 0.99, 1.99, 2.99, 3.99, 4.99, 12.99],
    "priceCounts": [18, 14, 43, 8, 4, 13],
    "nIsInKU": [77],
    "nIsNotInKU": [23],
    "nReleases": [">3000"],
    "nLastThirtyReleases": [">3000"],
    "nLastNinetyReleases": [">3000"],
    "nPreorders": [">3000"]
  },
  {
    "currentAnalysisName": ["X0041_e_bdsm_top100_7620212011_20190803.044550"],
    "analysisTimeString": ["20190803.044550"],
    "filenamesRoot": ["e_bdsm_top100"],
    "categoryLabel": ["Erotica: BDSM"],
    "pageLabel": ["Top 100"],
    "browseNodeID": ["7620212011"],
    "medianSalesRank": [19436],
    "medianNPages": [187],
    "priceBreaks": [0, 0.99, 1.99, 2.99, 3.99, 4.99, 10.49],
    "priceCounts": [11, 0, 37, 20, 9, 23],
    "nIsInKU": [83],
    "nIsNotInKU": [17],
    "nReleases": [">50000"],
    "nLastThirtyReleases": [">50000"],
    "nLastNinetyReleases": [">50000"],
    "nPreorders": [">50000"]
  },
  {
    "currentAnalysisName": ["X0041_e_historical_top100_7620218011_20190803.044644"],
    "analysisTimeString": ["20190803.044644"],
    "filenamesRoot": ["e_historical_top100"],
    "categoryLabel": ["Erotica: Historical"],
    "pageLabel": ["Top 100"],
    "browseNodeID": ["7620218011"],
    "medianSalesRank": [50286],
    "medianNPages": [384],
    "priceBreaks": [0, 0.99, 1.99, 2.99, 3.99, 4.99, 11.99],
    "priceCounts": [5, 2, 24, 16, 3, 50],
    "nIsInKU": [65],
    "nIsNotInKU": [35],
    "nReleases": [">10000"],
    "nLastThirtyReleases": [">10000"],
    "nLastNinetyReleases": [">10000"],
    "nPreorders": [">10000"]
  },
  {
    "currentAnalysisName": ["X0041_e_horror_top100_7620219011_20190803.044744"],
    "analysisTimeString": ["20190803.044744"],
    "filenamesRoot": ["e_horror_top100"],
    "categoryLabel": ["Erotica: Horror"],
    "pageLabel": ["Top 100"],
    "browseNodeID": ["7620219011"],
    "medianSalesRank": [42033],
    "medianNPages": [155],
    "priceBreaks": [0, 0.99, 1.99, 2.99, 3.99, 4.99, 9.99],
    "priceCounts": [4, 1, 44, 11, 8, 32],
    "nIsInKU": [93],
    "nIsNotInKU": [7],
    "nReleases": [">9000"],
    "nLastThirtyReleases": [">9000"],
    "nLastNinetyReleases": [">9000"],
    "nPreorders": [">9000"]
  },
  {
    "currentAnalysisName": ["X0041_e_humorous_top100_7620220011_20190803.044839"],
    "analysisTimeString": ["20190803.044839"],
    "filenamesRoot": ["e_humorous_top100"],
    "categoryLabel": ["Erotica: Humorous"],
    "pageLabel": ["Top 100"],
    "browseNodeID": ["7620220011"],
    "medianSalesRank": [22550],
    "medianNPages": [213],
    "priceBreaks": [0, 0.99, 1.99, 2.99, 3.99, 4.99, 9.99],
    "priceCounts": [15, 0, 39, 23, 7, 16],
    "nIsInKU": [83],
    "nIsNotInKU": [17],
    "nReleases": [">10000"],
    "nLastThirtyReleases": [">10000"],
    "nLastNinetyReleases": [">10000"],
    "nPreorders": [">10000"]
  },
  {
    "currentAnalysisName": ["X0041_e_interracial_top100_7620221011_20190803.044933"],
    "analysisTimeString": ["20190803.044933"],
    "filenamesRoot": ["e_interracial_top100"],
    "categoryLabel": ["Erotica: Interracial"],
    "pageLabel": ["Top 100"],
    "browseNodeID": ["7620221011"],
    "medianSalesRank": [36997],
    "medianNPages": [210],
    "priceBreaks": [0, 0.99, 1.99, 2.99, 3.99, 4.99, 9.99],
    "priceCounts": [9, 1, 38, 20, 8, 24],
    "nIsInKU": [92],
    "nIsNotInKU": [8],
    "nReleases": [">20000"],
    "nLastThirtyReleases": [">20000"],
    "nLastNinetyReleases": [">20000"],
    "nPreorders": [">20000"]
  },
  {
    "currentAnalysisName": ["X0041_e_lgbt_top100_7620213011_20190803.045039"],
    "analysisTimeString": ["20190803.045039"],
    "filenamesRoot": ["e_lgbt_top100"],
    "categoryLabel": ["Erotica: LGBT"],
    "pageLabel": ["Top 100"],
    "browseNodeID": ["7620213011"],
    "medianSalesRank": [20128],
    "medianNPages": [201],
    "priceBreaks": [0, 0.99, 1.99, 2.99, 3.99, 4.99, 9.99],
    "priceCounts": [6, 0, 43, 12, 12, 27],
    "nIsInKU": [95],
    "nIsNotInKU": [5],
    "nReleases": [">50000"],
    "nLastThirtyReleases": [">50000"],
    "nLastNinetyReleases": [">50000"],
    "nPreorders": [">50000"]
  },
  {
    "currentAnalysisName": ["X0041_e_mystery_top100_7620222011_20190803.045132"],
    "analysisTimeString": ["20190803.045132"],
    "filenamesRoot": ["e_mystery_top100"],
    "categoryLabel": ["Erotica: Mystery"],
    "pageLabel": ["Top 100"],
    "browseNodeID": ["7620222011"],
    "medianSalesRank": [41467],
    "medianNPages": [308],
    "priceBreaks": [0, 0.99, 1.99, 2.99, 3.99, 4.99, 9.99],
    "priceCounts": [7, 2, 22, 19, 13, 37],
    "nIsInKU": [78],
    "nIsNotInKU": [22],
    "nReleases": [">10000"],
    "nLastThirtyReleases": [">10000"],
    "nLastNinetyReleases": [">10000"],
    "nPreorders": [">10000"]
  },
  {
    "currentAnalysisName": ["X0041_e_paranormal_top100_7620223011_20190803.045228"],
    "analysisTimeString": ["20190803.045228"],
    "filenamesRoot": ["e_paranormal_top100"],
    "categoryLabel": ["Erotica: Paranormal"],
    "pageLabel": ["Top 100"],
    "browseNodeID": ["7620223011"],
    "medianSalesRank": [35869],
    "medianNPages": [249],
    "priceBreaks": [0, 0.99, 1.99, 2.99, 3.99, 4.99, 9.99],
    "priceCounts": [8, 0, 36, 11, 9, 36],
    "nIsInKU": [80],
    "nIsNotInKU": [20],
    "nReleases": [">20000"],
    "nLastThirtyReleases": [">20000"],
    "nLastNinetyReleases": [">20000"],
    "nPreorders": [">20000"]
  },
  {
    "currentAnalysisName": ["X0041_e_romantic_top100_7620225011_20190803.050232"],
    "analysisTimeString": ["20190803.050232"],
    "filenamesRoot": ["e_romantic_top100"],
    "categoryLabel": ["Erotica: Romantic Erotica"],
    "pageLabel": ["Top 100"],
    "browseNodeID": ["7620225011"],
    "medianSalesRank": [21088],
    "medianNPages": [292],
    "priceBreaks": [0, 0.99, 1.99, 2.99, 3.99, 4.99, 9.99],
    "priceCounts": [24, 4, 23, 24, 14, 11],
    "nIsInKU": [66],
    "nIsNotInKU": [34],
    "nReleases": [">40000"],
    "nLastThirtyReleases": [">40000"],
    "nLastNinetyReleases": [">40000"],
    "nPreorders": [">40000"]
  },
  {
    "currentAnalysisName": ["X0041_e_scifi_top100_7620226011_20190803.052546"],
    "analysisTimeString": ["20190803.052546"],
    "filenamesRoot": ["e_scifi_top100"],
    "categoryLabel": ["Erotica: Science Fiction"],
    "pageLabel": ["Top 100"],
    "browseNodeID": ["7620226011"],
    "medianSalesRank": [48423],
    "medianNPages": [193],
    "priceBreaks": [0, 0.99, 1.99, 2.99, 3.99, 4.99, 11.99],
    "priceCounts": [3, 1, 43, 14, 11, 28],
    "nIsInKU": [80],
    "nIsNotInKU": [20],
    "nReleases": [">10000"],
    "nLastThirtyReleases": [">10000"],
    "nLastNinetyReleases": [">10000"],
    "nPreorders": [">10000"]
  },
  {
    "currentAnalysisName": ["X0041_e_suspense_top100_7620227011_20190803.054859"],
    "analysisTimeString": ["20190803.054859"],
    "filenamesRoot": ["e_suspense_top100"],
    "categoryLabel": ["Erotica: Suspense"],
    "pageLabel": ["Top 100"],
    "browseNodeID": ["7620227011"],
    "medianSalesRank": [27612],
    "medianNPages": [309],
    "priceBreaks": [0, 0.99, 1.99, 2.99, 3.99, 4.99, 24.99],
    "priceCounts": [21, 2, 28, 19, 9, 21],
    "nIsInKU": [78],
    "nIsNotInKU": [22],
    "nReleases": [">10000"],
    "nLastThirtyReleases": [">10000"],
    "nLastNinetyReleases": [">10000"],
    "nPreorders": [">10000"]
  },
  {
    "currentAnalysisName": ["X0041_e_thrillers_top100_7620228011_20190803.061213"],
    "analysisTimeString": ["20190803.061213"],
    "filenamesRoot": ["e_thrillers_top100"],
    "categoryLabel": ["Erotica: Thrillers"],
    "pageLabel": ["Top 100"],
    "browseNodeID": ["7620228011"],
    "medianSalesRank": [30244],
    "medianNPages": [220],
    "priceBreaks": [0, 0.99, 1.99, 2.99, 3.99, 4.99, 9.99],
    "priceCounts": [20, 2, 33, 13, 11, 21],
    "nIsInKU": [87],
    "nIsNotInKU": [13],
    "nReleases": [">10000"],
    "nLastThirtyReleases": [">10000"],
    "nLastNinetyReleases": [">10000"],
    "nPreorders": [">10000"]
  },
  {
    "currentAnalysisName": ["X0041_e_urban_top100_7620229011_20190803.063524"],
    "analysisTimeString": ["20190803.063524"],
    "filenamesRoot": ["e_urban_top100"],
    "categoryLabel": ["Erotica: Urban"],
    "pageLabel": ["Top 100"],
    "browseNodeID": ["7620229011"],
    "medianSalesRank": [31703],
    "medianNPages": [137],
    "priceBreaks": [0, 0.99, 1.99, 2.99, 3.99, 4.99, 9.99],
    "priceCounts": [9, 0, 43, 15, 9, 23],
    "nIsInKU": [91],
    "nIsNotInKU": [9],
    "nReleases": [">20000"],
    "nLastThirtyReleases": [">20000"],
    "nLastNinetyReleases": [">20000"],
    "nPreorders": [">20000"]
  },
  {
    "currentAnalysisName": ["X0041_e_victorian_top100_7620230011_20190803.065839"],
    "analysisTimeString": ["20190803.065839"],
    "filenamesRoot": ["e_victorian_top100"],
    "categoryLabel": ["Erotica: Victorian"],
    "pageLabel": ["Top 100"],
    "browseNodeID": ["7620230011"],
    "medianSalesRank": [47467],
    "medianNPages": [286],
    "priceBreaks": [0, 0.99, 1.99, 2.99, 3.99, 4.99, 9.99],
    "priceCounts": [2, 0, 39, 14, 10, 35],
    "nIsInKU": [93],
    "nIsNotInKU": [7],
    "nReleases": [">5000"],
    "nLastThirtyReleases": [">5000"],
    "nLastNinetyReleases": [">5000"],
    "nPreorders": [">5000"]
  },
  {
    "currentAnalysisName": ["X0041_e_westerns_top100_7620231011_20190803.072153"],
    "analysisTimeString": ["20190803.072153"],
    "filenamesRoot": ["e_westerns_top100"],
    "categoryLabel": ["Erotica: Westerns"],
    "pageLabel": ["Top 100"],
    "browseNodeID": ["7620231011"],
    "medianSalesRank": [42202],
    "medianNPages": [564],
    "priceBreaks": [0, 0.99, 1.99, 2.99, 3.99, 4.99, 9.99],
    "priceCounts": [5, 0, 29, 14, 12, 40],
    "nIsInKU": [93],
    "nIsNotInKU": [7],
    "nReleases": [">5000"],
    "nLastThirtyReleases": [">5000"],
    "nLastNinetyReleases": [">5000"],
    "nPreorders": [">5000"]
  }
]
