[
  {
    "currentAnalysisName": ["X0023_romance_top100_158566011_20181102.120038"],
    "analysisTimeString": ["20181102.120038"],
    "filenamesRoot": ["romance_top100"],
    "categoryLabel": ["Romance"],
    "pageLabel": ["Top 100"],
    "browseNodeID": ["158566011"],
    "medianSalesRank": [134],
    "medianNPages": [290],
    "priceBreaks": [0, 0.99, 1.99, 2.99, 3.99, 4.99, 14.99],
    "priceCounts": [26, 2, 23, 17, 19, 13],
    "nIsInKU": [77],
    "nIsNotInKU": [23],
    "nReleases": [">60000"],
    "nLastThirtyReleases": [">10000"],
    "nLastNinetyReleases": [">20000"],
    "nPreorders": [">3000"]
  },
  {
    "currentAnalysisName": ["X0023_african_american_top100_6190465011_20181102.120147"],
    "analysisTimeString": ["20181102.120147"],
    "filenamesRoot": ["african_american_top100"],
    "categoryLabel": ["African American"],
    "pageLabel": ["Top 100"],
    "browseNodeID": ["6190465011"],
    "medianSalesRank": [2639],
    "medianNPages": [203],
    "priceBreaks": [0, 0.99, 1.99, 2.99, 3.99, 4.99, 9.99],
    "priceCounts": [46, 3, 27, 3, 7, 14],
    "nIsInKU": [98],
    "nIsNotInKU": [2],
    "nReleases": [">10000"],
    "nLastThirtyReleases": ["347"],
    "nLastNinetyReleases": ["946"],
    "nPreorders": ["51"]
  },
  {
    "currentAnalysisName": ["X0023_clean_and_wholesome_top100_11650867011_20181102.120241"],
    "analysisTimeString": ["20181102.120241"],
    "filenamesRoot": ["clean_and_wholesome_top100"],
    "categoryLabel": ["Clean & Wholesome"],
    "pageLabel": ["Top 100"],
    "browseNodeID": ["11650867011"],
    "medianSalesRank": [2797],
    "medianNPages": [316],
    "priceBreaks": [0, 0.99, 1.99, 2.99, 3.99, 4.99, 12.99],
    "priceCounts": [42, 8, 15, 16, 7, 12],
    "nIsInKU": [80],
    "nIsNotInKU": [20],
    "nReleases": [">6000"],
    "nLastThirtyReleases": ["180"],
    "nLastNinetyReleases": ["485"],
    "nPreorders": ["129"]
  },
  {
    "currentAnalysisName": ["X0023_contemporary_top100_158568011_20181102.120337"],
    "analysisTimeString": ["20181102.120337"],
    "filenamesRoot": ["contemporary_top100"],
    "categoryLabel": ["Contemporary"],
    "pageLabel": ["Top 100"],
    "browseNodeID": ["158568011"],
    "medianSalesRank": [210],
    "medianNPages": [306],
    "priceBreaks": [0, 0.99, 1.99, 2.99, 3.99, 4.99, 14.99],
    "priceCounts": [20, 7, 20, 22, 23, 8],
    "nIsInKU": [76],
    "nIsNotInKU": [24],
    "nReleases": [">50000"],
    "nLastThirtyReleases": [">3000"],
    "nLastNinetyReleases": [">8000"],
    "nPreorders": [">1000"]
  },
  {
    "currentAnalysisName": ["X0023_gothic_top100_6487830011_20181102.120440"],
    "analysisTimeString": ["20181102.120440"],
    "filenamesRoot": ["gothic_top100"],
    "categoryLabel": ["Gothic"],
    "pageLabel": ["Top 100"],
    "browseNodeID": ["6487830011"],
    "medianSalesRank": [6141],
    "medianNPages": [289],
    "priceBreaks": [0, 0.99, 1.99, 2.99, 3.99, 4.99, 12.99],
    "priceCounts": [20, 2, 22, 33, 16, 7],
    "nIsInKU": [88],
    "nIsNotInKU": [12],
    "nReleases": [">2000"],
    "nLastThirtyReleases": ["90"],
    "nLastNinetyReleases": ["184"],
    "nPreorders": ["12"]
  },
  {
    "currentAnalysisName": ["X0023_historical_romance_top100_158571011_20181102.120550"],
    "analysisTimeString": ["20181102.120550"],
    "filenamesRoot": ["historical_romance_top100"],
    "categoryLabel": ["Historical Romance"],
    "pageLabel": ["Top 100"],
    "browseNodeID": ["158571011"],
    "medianSalesRank": [1249],
    "medianNPages": [350],
    "priceBreaks": [0, 0.99, 1.99, 2.99, 3.99, 4.99, 9.99],
    "priceCounts": [45, 11, 12, 15, 8, 8],
    "nIsInKU": [69],
    "nIsNotInKU": [31],
    "nReleases": [">50000"],
    "nLastThirtyReleases": ["801"],
    "nLastNinetyReleases": [">2000"],
    "nPreorders": ["365"]
  },
  {
    "currentAnalysisName": ["X0023_gay_romance_top100_6487829011_20181102.120657"],
    "analysisTimeString": ["20181102.120657"],
    "filenamesRoot": ["gay_romance_top100"],
    "categoryLabel": ["Gay Romance"],
    "pageLabel": ["Top 100"],
    "browseNodeID": ["6487829011"],
    "medianSalesRank": [2524],
    "medianNPages": [239],
    "priceBreaks": [0, 0.99, 1.99, 2.99, 3.99, 4.99, 5.99],
    "priceCounts": [11, 2, 33, 40, 11, 3],
    "nIsInKU": [85],
    "nIsNotInKU": [15],
    "nReleases": [">40000"],
    "nLastThirtyReleases": ["905"],
    "nLastNinetyReleases": [">2000"],
    "nPreorders": ["170"]
  },
  {
    "currentAnalysisName": ["X0023_lesbian_romance_top100_6487835011_20181102.120749"],
    "analysisTimeString": ["20181102.120749"],
    "filenamesRoot": ["lesbian_romance_top100"],
    "categoryLabel": ["Lesbian Romance"],
    "pageLabel": ["Top 100"],
    "browseNodeID": ["6487835011"],
    "medianSalesRank": [15073],
    "medianNPages": [241],
    "priceBreaks": [0, 0.99, 1.99, 2.99, 3.99, 4.99, 9.99],
    "priceCounts": [9, 1, 21, 8, 22, 39],
    "nIsInKU": [79],
    "nIsNotInKU": [21],
    "nReleases": [">9000"],
    "nLastThirtyReleases": ["279"],
    "nLastNinetyReleases": ["649"],
    "nPreorders": ["39"]
  },
  {
    "currentAnalysisName": ["X0023_bisexual_top100_10886542011_20181102.120844"],
    "analysisTimeString": ["20181102.120844"],
    "filenamesRoot": ["bisexual_top100"],
    "categoryLabel": ["Bisexual"],
    "pageLabel": ["Top 100"],
    "browseNodeID": ["10886542011"],
    "medianSalesRank": [8698],
    "medianNPages": [256],
    "priceBreaks": [0, 0.99, 1.99, 2.99, 3.99, 4.99, 11.99],
    "priceCounts": [12, 2, 29, 40, 10, 7],
    "nIsInKU": [89],
    "nIsNotInKU": [11],
    "nReleases": [">6000"],
    "nLastThirtyReleases": ["262"],
    "nLastNinetyReleases": ["575"],
    "nPreorders": ["35"]
  },
  {
    "currentAnalysisName": ["X0023_military_top100_6487836011_20181102.120936"],
    "analysisTimeString": ["20181102.120936"],
    "filenamesRoot": ["military_top100"],
    "categoryLabel": ["Military"],
    "pageLabel": ["Top 100"],
    "browseNodeID": ["6487836011"],
    "medianSalesRank": [1089],
    "medianNPages": [294],
    "priceBreaks": [0, 0.99, 1.99, 2.99, 3.99, 4.99, 4.99],
    "priceCounts": [44, 1, 26, 20, 9, 0],
    "nIsInKU": [86],
    "nIsNotInKU": [14],
    "nReleases": [">20000"],
    "nLastThirtyReleases": ["455"],
    "nLastNinetyReleases": [">1000"],
    "nPreorders": ["226"]
  },
  {
    "currentAnalysisName": ["X0023_mystery_and_suspense_top100_6487839011_20181102.121039"],
    "analysisTimeString": ["20181102.121039"],
    "filenamesRoot": ["mystery_and_suspense_top100"],
    "categoryLabel": ["Mystery & Suspense"],
    "pageLabel": ["Top 100"],
    "browseNodeID": ["6487839011"],
    "medianSalesRank": [604],
    "medianNPages": [322],
    "priceBreaks": [0, 0.99, 1.99, 2.99, 3.99, 4.99, 14.99],
    "priceCounts": [13, 3, 17, 19, 33, 15],
    "nIsInKU": [80],
    "nIsNotInKU": [20],
    "nReleases": [">50000"],
    "nLastThirtyReleases": [">1000"],
    "nLastNinetyReleases": [">3000"],
    "nPreorders": ["556"]
  },
  {
    "currentAnalysisName": ["X0023_new_adult_and_college_top100_6487838011_20181102.121135"],
    "analysisTimeString": ["20181102.121135"],
    "filenamesRoot": ["new_adult_and_college_top100"],
    "categoryLabel": ["New Adult & College"],
    "pageLabel": ["Top 100"],
    "browseNodeID": ["6487838011"],
    "medianSalesRank": [671],
    "medianNPages": [302],
    "priceBreaks": [0, 0.99, 1.99, 2.99, 3.99, 4.99, 9.99],
    "priceCounts": [33, 3, 26, 29, 7, 2],
    "nIsInKU": [94],
    "nIsNotInKU": [6],
    "nReleases": [">20000"],
    "nLastThirtyReleases": ["330"],
    "nLastNinetyReleases": ["1000"],
    "nPreorders": ["136"]
  },
  {
    "currentAnalysisName": ["X0023_paranormal_top100_6190484011_20181102.121227"],
    "analysisTimeString": ["20181102.121227"],
    "filenamesRoot": ["paranormal_top100"],
    "categoryLabel": ["Paranormal"],
    "pageLabel": ["Top 100"],
    "browseNodeID": ["6190484011"],
    "medianSalesRank": [723],
    "medianNPages": [236],
    "priceBreaks": [0, 0.99, 1.99, 2.99, 3.99, 4.99, 14.99],
    "priceCounts": [37, 5, 18, 27, 6, 7],
    "nIsInKU": [82],
    "nIsNotInKU": [18],
    "nReleases": [">50000"],
    "nLastThirtyReleases": [">1000"],
    "nLastNinetyReleases": [">2000"],
    "nPreorders": ["403"]
  },
  {
    "currentAnalysisName": ["X0023_romantic_comedy_top100_6487841011_20181102.121345"],
    "analysisTimeString": ["20181102.121345"],
    "filenamesRoot": ["romantic_comedy_top100"],
    "categoryLabel": ["Romantic Comedy"],
    "pageLabel": ["Top 100"],
    "browseNodeID": ["6487841011"],
    "medianSalesRank": [511],
    "medianNPages": [289],
    "priceBreaks": [0, 0.99, 1.99, 2.99, 3.99, 4.99, 13.99],
    "priceCounts": [25, 3, 28, 30, 9, 5],
    "nIsInKU": [84],
    "nIsNotInKU": [16],
    "nReleases": [">50000"],
    "nLastThirtyReleases": [">1000"],
    "nLastNinetyReleases": [">3000"],
    "nPreorders": ["456"]
  },
  {
    "currentAnalysisName": ["X0023_science_fiction_top100_6401744011_20181102.121504"],
    "analysisTimeString": ["20181102.121504"],
    "filenamesRoot": ["science_fiction_top100"],
    "categoryLabel": ["Science Fiction"],
    "pageLabel": ["Top 100"],
    "browseNodeID": ["6401744011"],
    "medianSalesRank": [1876],
    "medianNPages": [301],
    "priceBreaks": [0, 0.99, 1.99, 2.99, 3.99, 4.99, 14.99],
    "priceCounts": [23, 1, 16, 24, 22, 14],
    "nIsInKU": [82],
    "nIsNotInKU": [18],
    "nReleases": [">10000"],
    "nLastThirtyReleases": ["281"],
    "nLastNinetyReleases": ["759"],
    "nPreorders": ["85"]
  },
  {
    "currentAnalysisName": ["X0023_sports_top100_6487842011_20181102.121612"],
    "analysisTimeString": ["20181102.121612"],
    "filenamesRoot": ["sports_top100"],
    "categoryLabel": ["Sports"],
    "pageLabel": ["Top 100"],
    "browseNodeID": ["6487842011"],
    "medianSalesRank": [1456],
    "medianNPages": [281],
    "priceBreaks": [0, 0.99, 1.99, 2.99, 3.99, 4.99, 11.99],
    "priceCounts": [29, 4, 26, 33, 5, 3],
    "nIsInKU": [87],
    "nIsNotInKU": [13],
    "nReleases": [">10000"],
    "nLastThirtyReleases": ["299"],
    "nLastNinetyReleases": ["733"],
    "nPreorders": ["90"]
  },
  {
    "currentAnalysisName": ["X0023_westerns_top100_6190489011_20181102.121726"],
    "analysisTimeString": ["20181102.121726"],
    "filenamesRoot": ["westerns_top100"],
    "categoryLabel": ["Westerns"],
    "pageLabel": ["Top 100"],
    "browseNodeID": ["6190489011"],
    "medianSalesRank": [3169],
    "medianNPages": [262],
    "priceBreaks": [0, 0.99, 1.99, 2.99, 3.99, 4.99, 10.99],
    "priceCounts": [62, 0, 14, 8, 8, 8],
    "nIsInKU": [83],
    "nIsNotInKU": [17],
    "nReleases": [">20000"],
    "nLastThirtyReleases": ["340"],
    "nLastNinetyReleases": ["913"],
    "nPreorders": ["160"]
  }
]
