[
  {
    "currentAnalysisName": ["X0046_m_t_s_top100_157305011_20191104.020811"],
    "analysisTimeString": ["20191104.020811"],
    "filenamesRoot": ["m_t_s_top100"],
    "categoryLabel": ["Mystery, Thriller & Suspense"],
    "pageLabel": ["Top 100"],
    "browseNodeID": ["157305011"],
    "medianSalesRank": [160],
    "medianNPages": [334],
    "priceBreaks": [0, 0.99, 1.99, 2.99, 3.99, 4.99, 14.99],
    "priceCounts": [7, 16, 7, 15, 26, 28],
    "nIsInKU": [66],
    "nIsNotInKU": [34],
    "nReleases": [">50000"],
    "nLastThirtyReleases": [">5000"],
    "nLastNinetyReleases": [">10000"],
    "nPreorders": [">2000"]
  },
  {
    "currentAnalysisName": ["X0046_heist_top100_7130623011_20191104.021038"],
    "analysisTimeString": ["20191104.021038"],
    "filenamesRoot": ["heist_top100"],
    "categoryLabel": ["Heist"],
    "pageLabel": ["Top 100"],
    "browseNodeID": ["7130623011"],
    "medianSalesRank": [10182],
    "medianNPages": [261],
    "priceBreaks": [0, 0.99, 1.99, 2.99, 3.99, 4.99, 14.99],
    "priceCounts": [25, 2, 25, 25, 10, 13],
    "nIsInKU": [90],
    "nIsNotInKU": [10],
    "nReleases": [">2000"],
    "nLastThirtyReleases": ["47"],
    "nLastNinetyReleases": ["127"],
    "nPreorders": ["21"]
  },
  {
    "currentAnalysisName": ["X0046_kidnapping_top100_7151518011_20191104.021140"],
    "analysisTimeString": ["20191104.021140"],
    "filenamesRoot": ["kidnapping_top100"],
    "categoryLabel": ["Kidnapping"],
    "pageLabel": ["Top 100"],
    "browseNodeID": ["7151518011"],
    "medianSalesRank": [4460],
    "medianNPages": [318],
    "priceBreaks": [0, 0.99, 1.99, 2.99, 3.99, 4.99, 14.99],
    "priceCounts": [16, 3, 13, 28, 24, 16],
    "nIsInKU": [93],
    "nIsNotInKU": [7],
    "nReleases": [">2000"],
    "nLastThirtyReleases": ["47"],
    "nLastNinetyReleases": ["155"],
    "nPreorders": ["28"]
  },
  {
    "currentAnalysisName": ["X0046_murder_top100_7130624011_20191104.021237"],
    "analysisTimeString": ["20191104.021237"],
    "filenamesRoot": ["murder_top100"],
    "categoryLabel": ["Murder"],
    "pageLabel": ["Top 100"],
    "browseNodeID": ["7130624011"],
    "medianSalesRank": [1357],
    "medianNPages": [332],
    "priceBreaks": [0, 0.99, 1.99, 2.99, 3.99, 4.99, 14.99],
    "priceCounts": [7, 6, 9, 21, 23, 32],
    "nIsInKU": [83],
    "nIsNotInKU": [17],
    "nReleases": [">10000"],
    "nLastThirtyReleases": ["266"],
    "nLastNinetyReleases": ["788"],
    "nPreorders": ["87"]
  },
  {
    "currentAnalysisName": ["X0046_noir_top100_7130625011_20191104.021330"],
    "analysisTimeString": ["20191104.021330"],
    "filenamesRoot": ["noir_top100"],
    "categoryLabel": ["Noir"],
    "pageLabel": ["Top 100"],
    "browseNodeID": ["7130625011"],
    "medianSalesRank": [5215],
    "medianNPages": [264],
    "priceBreaks": [0, 0.99, 1.99, 2.99, 3.99, 4.99, 13.99],
    "priceCounts": [19, 9, 24, 11, 21, 15],
    "nIsInKU": [82],
    "nIsNotInKU": [18],
    "nReleases": [">5000"],
    "nLastThirtyReleases": ["113"],
    "nLastNinetyReleases": ["278"],
    "nPreorders": ["36"]
  },
  {
    "currentAnalysisName": ["X0046_organized_crime_top100_7130626011_20191104.021427"],
    "analysisTimeString": ["20191104.021427"],
    "filenamesRoot": ["organized_crime_top100"],
    "categoryLabel": ["Organized Crime"],
    "pageLabel": ["Top 100"],
    "browseNodeID": ["7130626011"],
    "medianSalesRank": [6573],
    "medianNPages": [304],
    "priceBreaks": [0, 0.99, 1.99, 2.99, 3.99, 4.99, 14.99],
    "priceCounts": [12, 1, 12, 44, 16, 14],
    "nIsInKU": [91],
    "nIsNotInKU": [9],
    "nReleases": [">4000"],
    "nLastThirtyReleases": ["96"],
    "nLastNinetyReleases": ["265"],
    "nPreorders": ["42"]
  },
  {
    "currentAnalysisName": ["X0046_serial_killers_top100_7130627011_20191104.021522"],
    "analysisTimeString": ["20191104.021522"],
    "filenamesRoot": ["serial_killers_top100"],
    "categoryLabel": ["Serial Killers"],
    "pageLabel": ["Top 100"],
    "browseNodeID": ["7130627011"],
    "medianSalesRank": [2849],
    "medianNPages": [327],
    "priceBreaks": [0, 0.99, 1.99, 2.99, 3.99, 4.99, 14.99],
    "priceCounts": [16, 8, 18, 8, 23, 27],
    "nIsInKU": [89],
    "nIsNotInKU": [11],
    "nReleases": [">4000"],
    "nLastThirtyReleases": ["94"],
    "nLastNinetyReleases": ["229"],
    "nPreorders": ["29"]
  },
  {
    "currentAnalysisName": ["X0046_vigilante_justice_top100_7130628011_20191104.021616"],
    "analysisTimeString": ["20191104.021616"],
    "filenamesRoot": ["vigilante_justice_top100"],
    "categoryLabel": ["Vigilante Justice"],
    "pageLabel": ["Top 100"],
    "browseNodeID": ["7130628011"],
    "medianSalesRank": [4327],
    "medianNPages": [305],
    "priceBreaks": [0, 0.99, 1.99, 2.99, 3.99, 4.99, 11.99],
    "priceCounts": [15, 3, 4, 24, 33, 21],
    "nIsInKU": [97],
    "nIsNotInKU": [3],
    "nReleases": [">2000"],
    "nLastThirtyReleases": ["50"],
    "nLastNinetyReleases": ["150"],
    "nPreorders": ["26"]
  },
  {
    "currentAnalysisName": ["X0046_m_t_s_a_a_top100_6190464011_20191104.021711"],
    "analysisTimeString": ["20191104.021711"],
    "filenamesRoot": ["m_t_s_a_a_top100"],
    "categoryLabel": ["Mystery: African American"],
    "pageLabel": ["Top 100"],
    "browseNodeID": ["6190464011"],
    "medianSalesRank": [27627],
    "medianNPages": [257],
    "priceBreaks": [0, 0.99, 1.99, 2.99, 3.99, 4.99, 14.99],
    "priceCounts": [34, 15, 12, 16, 7, 16],
    "nIsInKU": [86],
    "nIsNotInKU": [14],
    "nReleases": [">3000"],
    "nLastThirtyReleases": ["44"],
    "nLastNinetyReleases": ["157"],
    "nPreorders": ["26"]
  },
  {
    "currentAnalysisName": ["X0046_cozy_mystery_top100_6190476011_20191104.021810"],
    "analysisTimeString": ["20191104.021810"],
    "filenamesRoot": ["cozy_mystery_top100"],
    "categoryLabel": ["Mystery: Cozy"],
    "pageLabel": ["Top 100"],
    "browseNodeID": ["6190476011"],
    "medianSalesRank": [2231],
    "medianNPages": [264],
    "priceBreaks": [0, 0.99, 1.99, 2.99, 3.99, 4.99, 10.99],
    "priceCounts": [28, 9, 18, 11, 20, 14],
    "nIsInKU": [90],
    "nIsNotInKU": [10],
    "nReleases": [">20000"],
    "nLastThirtyReleases": ["465"],
    "nLastNinetyReleases": [">1000"],
    "nPreorders": ["369"]
  },
  {
    "currentAnalysisName": ["X0046_hardboiled_mystery_top100_157312011_20191104.022254"],
    "analysisTimeString": ["20191104.022254"],
    "filenamesRoot": ["hardboiled_mystery_top100"],
    "categoryLabel": ["Mystery: Hard-Boiled"],
    "pageLabel": ["Top 100"],
    "browseNodeID": ["157312011"],
    "medianSalesRank": [5741],
    "medianNPages": [336],
    "priceBreaks": [0, 0.99, 1.99, 2.99, 3.99, 4.99, 13.99],
    "priceCounts": [9, 2, 5, 14, 27, 42],
    "nIsInKU": [84],
    "nIsNotInKU": [16],
    "nReleases": [">10000"],
    "nLastThirtyReleases": ["299"],
    "nLastNinetyReleases": ["728"],
    "nPreorders": ["52"]
  },
  {
    "currentAnalysisName": ["X0046_historical_mystery_top100_157313011_20191104.022352"],
    "analysisTimeString": ["20191104.022352"],
    "filenamesRoot": ["historical_mystery_top100"],
    "categoryLabel": ["Mystery: Historical"],
    "pageLabel": ["Top 100"],
    "browseNodeID": ["157313011"],
    "medianSalesRank": [4893],
    "medianNPages": [303],
    "priceBreaks": [0, 0.99, 1.99, 2.99, 3.99, 4.99, 16.99],
    "priceCounts": [17, 17, 5, 7, 18, 36],
    "nIsInKU": [70],
    "nIsNotInKU": [30],
    "nReleases": [">10000"],
    "nLastThirtyReleases": ["214"],
    "nLastNinetyReleases": ["588"],
    "nPreorders": ["119"]
  },
  {
    "currentAnalysisName": ["X0046_international_mystery_top100_6361461011_20191104.023243"],
    "analysisTimeString": ["20191104.023243"],
    "filenamesRoot": ["international_mystery_top100"],
    "categoryLabel": ["Mystery: International"],
    "pageLabel": ["Top 100"],
    "browseNodeID": ["6361461011"],
    "medianSalesRank": [3579],
    "medianNPages": [348],
    "priceBreaks": [0, 0.99, 1.99, 2.99, 3.99, 4.99, 14.99],
    "priceCounts": [4, 8, 4, 9, 24, 50],
    "nIsInKU": [67],
    "nIsNotInKU": [33],
    "nReleases": [">10000"],
    "nLastThirtyReleases": ["272"],
    "nLastNinetyReleases": ["722"],
    "nPreorders": ["118"]
  },
  {
    "currentAnalysisName": ["X0046_lgbt_mystery_top100_7130633011_20191104.024339"],
    "analysisTimeString": ["20191104.024339"],
    "filenamesRoot": ["lgbt_mystery_top100"],
    "categoryLabel": ["Mystery: LGBT"],
    "pageLabel": ["Top 100"],
    "browseNodeID": ["7130633011"],
    "medianSalesRank": [50845],
    "medianNPages": [272],
    "priceBreaks": [0, 0.99, 1.99, 2.99, 3.99, 4.99, 12.99],
    "priceCounts": [8, 0, 10, 46, 17, 19],
    "nIsInKU": [80],
    "nIsNotInKU": [20],
    "nReleases": [">2000"],
    "nLastThirtyReleases": ["34"],
    "nLastNinetyReleases": ["99"],
    "nPreorders": ["                14"]
  },
  {
    "currentAnalysisName": ["X0046_police_procedurals_top100_157318011_20191104.024750"],
    "analysisTimeString": ["20191104.024750"],
    "filenamesRoot": ["police_procedurals_top100"],
    "categoryLabel": ["Police Procedurals"],
    "pageLabel": ["Top 100"],
    "browseNodeID": ["157318011"],
    "medianSalesRank": [788],
    "medianNPages": [338],
    "priceBreaks": [0, 0.99, 1.99, 2.99, 3.99, 4.99, 14.99],
    "priceCounts": [9, 16, 13, 16, 25, 21],
    "nIsInKU": [70],
    "nIsNotInKU": [30],
    "nReleases": [">20000"],
    "nLastThirtyReleases": ["375"],
    "nLastNinetyReleases": [">1000"],
    "nPreorders": ["173"]
  },
  {
    "currentAnalysisName": ["X0046_private_eyes_top100_6190477011_20191104.024842"],
    "analysisTimeString": ["20191104.024842"],
    "filenamesRoot": ["private_eyes_top100"],
    "categoryLabel": ["Private Investigators"],
    "pageLabel": ["Top 100"],
    "browseNodeID": ["6190477011"],
    "medianSalesRank": [3776],
    "medianNPages": [320],
    "priceBreaks": [0, 0.99, 1.99, 2.99, 3.99, 4.99, 14.99],
    "priceCounts": [9, 14, 8, 14, 16, 39],
    "nIsInKU": [56],
    "nIsNotInKU": [44],
    "nReleases": [">20000"],
    "nLastThirtyReleases": ["313"],
    "nLastNinetyReleases": ["823"],
    "nPreorders": ["114"]
  },
  {
    "currentAnalysisName": ["X0046_traditional_detectives_top100_157309011_20191104.025850"],
    "analysisTimeString": ["20191104.025850"],
    "filenamesRoot": ["traditional_detectives_top100"],
    "categoryLabel": ["Traditional Detectives"],
    "pageLabel": ["Top 100"],
    "browseNodeID": ["157309011"],
    "medianSalesRank": [5648],
    "medianNPages": [286],
    "priceBreaks": [0, 0.99, 1.99, 2.99, 3.99, 4.99, 14.99],
    "priceCounts": [10, 7, 24, 11, 15, 33],
    "nIsInKU": [70],
    "nIsNotInKU": [30],
    "nReleases": [">10000"],
    "nLastThirtyReleases": ["289"],
    "nLastNinetyReleases": ["604"],
    "nPreorders": ["84"]
  },
  {
    "currentAnalysisName": ["X0046_women_sleuths_top100_157317011_20191104.030005"],
    "analysisTimeString": ["20191104.030005"],
    "filenamesRoot": ["women_sleuths_top100"],
    "categoryLabel": ["Women Sleuths"],
    "pageLabel": ["Top 100"],
    "browseNodeID": ["157317011"],
    "medianSalesRank": [833],
    "medianNPages": [336],
    "priceBreaks": [0, 0.99, 1.99, 2.99, 3.99, 4.99, 14.99],
    "priceCounts": [9, 11, 8, 12, 26, 34],
    "nIsInKU": [81],
    "nIsNotInKU": [19],
    "nReleases": [">40000"],
    "nLastThirtyReleases": ["455"],
    "nLastNinetyReleases": [">1000"],
    "nPreorders": ["389"]
  },
  {
    "currentAnalysisName": ["X0046_ghosts_top100_7130635011_20191104.031101"],
    "analysisTimeString": ["20191104.031101"],
    "filenamesRoot": ["ghosts_top100"],
    "categoryLabel": ["Suspense: Ghosts"],
    "pageLabel": ["Top 100"],
    "browseNodeID": ["7130635011"],
    "medianSalesRank": [10210],
    "medianNPages": [313],
    "priceBreaks": [0, 0.99, 1.99, 2.99, 3.99, 4.99, 14.99],
    "priceCounts": [10, 7, 9, 24, 21, 26],
    "nIsInKU": [76],
    "nIsNotInKU": [24],
    "nReleases": [">2000"],
    "nLastThirtyReleases": ["30"],
    "nLastNinetyReleases": ["88"],
    "nPreorders": ["18"]
  },
  {
    "currentAnalysisName": ["X0046_suspense_horror_top100_7130636011_20191104.031703"],
    "analysisTimeString": ["20191104.031703"],
    "filenamesRoot": ["suspense_horror_top100"],
    "categoryLabel": ["Suspense: Horror"],
    "pageLabel": ["Top 100"],
    "browseNodeID": ["7130636011"],
    "medianSalesRank": [7484],
    "medianNPages": [385],
    "priceBreaks": [0, 0.99, 1.99, 2.99, 3.99, 4.99, 14.99],
    "priceCounts": [11, 1, 9, 21, 22, 36],
    "nIsInKU": [74],
    "nIsNotInKU": [26],
    "nReleases": [">6000"],
    "nLastThirtyReleases": ["112"],
    "nLastNinetyReleases": ["321"],
    "nPreorders": ["35"]
  },
  {
    "currentAnalysisName": ["X0046_suspense_occult_top100_7130637011_20191104.031759"],
    "analysisTimeString": ["20191104.031759"],
    "filenamesRoot": ["suspense_occult_top100"],
    "categoryLabel": ["Suspense: Occult"],
    "pageLabel": ["Top 100"],
    "browseNodeID": ["7130637011"],
    "medianSalesRank": [9520],
    "medianNPages": [334],
    "priceBreaks": [0, 0.99, 1.99, 2.99, 3.99, 4.99, 14.99],
    "priceCounts": [6, 5, 14, 17, 35, 23],
    "nIsInKU": [87],
    "nIsNotInKU": [13],
    "nReleases": [">2000"],
    "nLastThirtyReleases": ["53"],
    "nLastNinetyReleases": ["149"],
    "nPreorders": ["33"]
  },
  {
    "currentAnalysisName": ["X0046_suspense_paranormal_top100_7130638011_20191104.031857"],
    "analysisTimeString": ["20191104.031857"],
    "filenamesRoot": ["suspense_paranormal_top100"],
    "categoryLabel": ["Suspense: Paranormal"],
    "pageLabel": ["Top 100"],
    "browseNodeID": ["7130638011"],
    "medianSalesRank": [1685],
    "medianNPages": [349],
    "priceBreaks": [0, 0.99, 1.99, 2.99, 3.99, 4.99, 14.99],
    "priceCounts": [7, 9, 17, 19, 26, 22],
    "nIsInKU": [77],
    "nIsNotInKU": [23],
    "nReleases": [">20000"],
    "nLastThirtyReleases": ["463"],
    "nLastNinetyReleases": [">1000"],
    "nPreorders": ["200"]
  },
  {
    "currentAnalysisName": ["X0046_suspense_political_top100_6190490011_20191104.031958"],
    "analysisTimeString": ["20191104.031958"],
    "filenamesRoot": ["suspense_political_top100"],
    "categoryLabel": ["Suspense: Political"],
    "pageLabel": ["Top 100"],
    "browseNodeID": ["6190490011"],
    "medianSalesRank": [3325],
    "medianNPages": [336],
    "priceBreaks": [0, 0.99, 1.99, 2.99, 3.99, 4.99, 14.99],
    "priceCounts": [2, 12, 7, 11, 33, 34],
    "nIsInKU": [84],
    "nIsNotInKU": [16],
    "nReleases": [">8000"],
    "nLastThirtyReleases": ["114"],
    "nLastNinetyReleases": ["323"],
    "nPreorders": ["61"]
  },
  {
    "currentAnalysisName": ["X0046_psychological_fiction_top100_6190491011_20191104.032055"],
    "analysisTimeString": ["20191104.032055"],
    "filenamesRoot": ["psychological_fiction_top100"],
    "categoryLabel": ["Psychological Fiction"],
    "pageLabel": ["Top 100"],
    "browseNodeID": ["6190491011"],
    "medianSalesRank": [1065],
    "medianNPages": [329],
    "priceBreaks": [0, 0.99, 1.99, 2.99, 3.99, 4.99, 14.99],
    "priceCounts": [8, 15, 6, 19, 26, 26],
    "nIsInKU": [66],
    "nIsNotInKU": [34],
    "nReleases": [">10000"],
    "nLastThirtyReleases": ["252"],
    "nLastNinetyReleases": ["733"],
    "nPreorders": ["170"]
  },
  {
    "currentAnalysisName": ["X0046_assassinations_top100_7130643011_20191104.032149"],
    "analysisTimeString": ["20191104.032149"],
    "filenamesRoot": ["assassinations_top100"],
    "categoryLabel": ["Thrillers: Assassinations"],
    "pageLabel": ["Top 100"],
    "browseNodeID": ["7130643011"],
    "medianSalesRank": [3935],
    "medianNPages": [334],
    "priceBreaks": [0, 0.99, 1.99, 2.99, 3.99, 4.99, 14.99],
    "priceCounts": [5, 7, 8, 17, 28, 34],
    "nIsInKU": [79],
    "nIsNotInKU": [21],
    "nReleases": [">4000"],
    "nLastThirtyReleases": ["59"],
    "nLastNinetyReleases": ["161"],
    "nPreorders": ["39"]
  },
  {
    "currentAnalysisName": ["X0046_conspiracies_top100_7130644011_20191104.032245"],
    "analysisTimeString": ["20191104.032245"],
    "filenamesRoot": ["conspiracies_top100"],
    "categoryLabel": ["Thrillers: Conspiracies"],
    "pageLabel": ["Top 100"],
    "browseNodeID": ["7130644011"],
    "medianSalesRank": [2436],
    "medianNPages": [346],
    "priceBreaks": [0, 0.99, 1.99, 2.99, 3.99, 4.99, 14.99],
    "priceCounts": [4, 11, 6, 16, 31, 29],
    "nIsInKU": [89],
    "nIsNotInKU": [11],
    "nReleases": [">6000"],
    "nLastThirtyReleases": ["64"],
    "nLastNinetyReleases": ["209"],
    "nPreorders": ["57"]
  },
  {
    "currentAnalysisName": ["X0046_thrillers_crime_top100_6361462011_20191104.032339"],
    "analysisTimeString": ["20191104.032339"],
    "filenamesRoot": ["thrillers_crime_top100"],
    "categoryLabel": ["Thrillers: Crime"],
    "pageLabel": ["Top 100"],
    "browseNodeID": ["6361462011"],
    "medianSalesRank": [937],
    "medianNPages": [345],
    "priceBreaks": [0, 0.99, 1.99, 2.99, 3.99, 4.99, 14.99],
    "priceCounts": [7, 18, 5, 11, 26, 31],
    "nIsInKU": [68],
    "nIsNotInKU": [32],
    "nReleases": [">30000"],
    "nLastThirtyReleases": ["565"],
    "nLastNinetyReleases": [">1000"],
    "nPreorders": ["282"]
  },
  {
    "currentAnalysisName": ["X0046_espionage_top100_157322011_20191104.032650"],
    "analysisTimeString": ["20191104.032650"],
    "filenamesRoot": ["espionage_top100"],
    "categoryLabel": ["Thrillers: Espionage"],
    "pageLabel": ["Top 100"],
    "browseNodeID": ["157322011"],
    "medianSalesRank": [3015],
    "medianNPages": [368],
    "priceBreaks": [0, 0.99, 1.99, 2.99, 3.99, 4.99, 14.99],
    "priceCounts": [6, 8, 8, 14, 19, 43],
    "nIsInKU": [76],
    "nIsNotInKU": [24],
    "nReleases": [">10000"],
    "nLastThirtyReleases": ["166"],
    "nLastNinetyReleases": ["449"],
    "nPreorders": ["81"]
  },
  {
    "currentAnalysisName": ["X0046_financial_top100_7130645011_20191104.033050"],
    "analysisTimeString": ["20191104.033050"],
    "filenamesRoot": ["financial_top100"],
    "categoryLabel": ["Thrillers: Financial"],
    "pageLabel": ["Top 100"],
    "browseNodeID": ["7130645011"],
    "medianSalesRank": [12460],
    "medianNPages": [346],
    "priceBreaks": [0, 0.99, 1.99, 2.99, 3.99, 4.99, 13.99],
    "priceCounts": [6, 0, 17, 28, 38, 11],
    "nIsInKU": [91],
    "nIsNotInKU": [9],
    "nReleases": [">1000"],
    "nLastThirtyReleases": ["18"],
    "nLastNinetyReleases": ["58"],
    "nPreorders": ["                14"]
  },
  {
    "currentAnalysisName": ["X0046_thrillers_historical_top100_6361463011_20191104.033327"],
    "analysisTimeString": ["20191104.033327"],
    "filenamesRoot": ["thrillers_historical_top100"],
    "categoryLabel": ["Thrillers: Historical"],
    "pageLabel": ["Top 100"],
    "browseNodeID": ["6361463011"],
    "medianSalesRank": [11709],
    "medianNPages": [363],
    "priceBreaks": [0, 0.99, 1.99, 2.99, 3.99, 4.99, 14.99],
    "priceCounts": [9, 10, 10, 14, 20, 37],
    "nIsInKU": [64],
    "nIsNotInKU": [36],
    "nReleases": [">8000"],
    "nLastThirtyReleases": ["106"],
    "nLastNinetyReleases": ["324"],
    "nPreorders": ["56"]
  },
  {
    "currentAnalysisName": ["X0046_thrillers_legal_top100_157321011_20191104.033631"],
    "analysisTimeString": ["20191104.033631"],
    "filenamesRoot": ["thrillers_legal_top100"],
    "categoryLabel": ["Thrillers: Legal"],
    "pageLabel": ["Top 100"],
    "browseNodeID": ["157321011"],
    "medianSalesRank": [3941],
    "medianNPages": [348],
    "priceBreaks": [0, 0.99, 1.99, 2.99, 3.99, 4.99, 14.99],
    "priceCounts": [4, 7, 7, 11, 31, 37],
    "nIsInKU": [73],
    "nIsNotInKU": [27],
    "nReleases": [">7000"],
    "nLastThirtyReleases": ["75"],
    "nLastNinetyReleases": ["211"],
    "nPreorders": ["17"]
  },
  {
    "currentAnalysisName": ["X0046_thrillers_medical_top100_2225099011_20191104.034051"],
    "analysisTimeString": ["20191104.034051"],
    "filenamesRoot": ["thrillers_medical_top100"],
    "categoryLabel": ["Thrillers: Medical"],
    "pageLabel": ["Top 100"],
    "browseNodeID": ["2225099011"],
    "medianSalesRank": [11332],
    "medianNPages": [352],
    "priceBreaks": [0, 0.99, 1.99, 2.99, 3.99, 4.99, 13.99],
    "priceCounts": [10, 11, 6, 11, 26, 36],
    "nIsInKU": [75],
    "nIsNotInKU": [25],
    "nReleases": [">3000"],
    "nLastThirtyReleases": ["50"],
    "nLastNinetyReleases": ["136"],
    "nPreorders": ["27"]
  },
  {
    "currentAnalysisName": ["X0046_thrillers_military_top100_6361464011_20191104.034723"],
    "analysisTimeString": ["20191104.034723"],
    "filenamesRoot": ["thrillers_military_top100"],
    "categoryLabel": ["Thrillers: Military"],
    "pageLabel": ["Top 100"],
    "browseNodeID": ["6361464011"],
    "medianSalesRank": [4088],
    "medianNPages": [365],
    "priceBreaks": [0, 0.99, 1.99, 2.99, 3.99, 4.99, 14.99],
    "priceCounts": [15, 9, 7, 11, 16, 40],
    "nIsInKU": [73],
    "nIsNotInKU": [27],
    "nReleases": [">5000"],
    "nLastThirtyReleases": ["76"],
    "nLastNinetyReleases": ["198"],
    "nPreorders": ["51"]
  },
  {
    "currentAnalysisName": ["X0046_pulp_top100_7130646011_20191104.035614"],
    "analysisTimeString": ["20191104.035614"],
    "filenamesRoot": ["pulp_top100"],
    "categoryLabel": ["Thrillers:Pulp"],
    "pageLabel": ["Top 100"],
    "browseNodeID": ["7130646011"],
    "medianSalesRank": [5802],
    "medianNPages": [334],
    "priceBreaks": [0, 0.99, 1.99, 2.99, 3.99, 4.99, 9.99],
    "priceCounts": [16, 2, 14, 21, 25, 22],
    "nIsInKU": [98],
    "nIsNotInKU": [2],
    "nReleases": [">3000"],
    "nLastThirtyReleases": ["28"],
    "nLastNinetyReleases": ["95"],
    "nPreorders": ["24"]
  },
  {
    "currentAnalysisName": ["X0046_technothrillers_top100_157324011_20191104.035954"],
    "analysisTimeString": ["20191104.035954"],
    "filenamesRoot": ["technothrillers_top100"],
    "categoryLabel": ["Technothrillers"],
    "pageLabel": ["Top 100"],
    "browseNodeID": ["157324011"],
    "medianSalesRank": [4310],
    "medianNPages": [375],
    "priceBreaks": [0, 0.99, 1.99, 2.99, 3.99, 4.99, 14.99],
    "priceCounts": [6, 15, 6, 10, 19, 44],
    "nIsInKU": [85],
    "nIsNotInKU": [15],
    "nReleases": [">7000"],
    "nLastThirtyReleases": ["72"],
    "nLastNinetyReleases": ["241"],
    "nPreorders": ["54"]
  },
  {
    "currentAnalysisName": ["X0046_thrillers_terrorism_top100_7130647011_20191104.040451"],
    "analysisTimeString": ["20191104.040451"],
    "filenamesRoot": ["thrillers_terrorism_top100"],
    "categoryLabel": ["Thrillers:Terrorism"],
    "pageLabel": ["Top 100"],
    "browseNodeID": ["7130647011"],
    "medianSalesRank": [5412],
    "medianNPages": [377],
    "priceBreaks": [0, 0.99, 1.99, 2.99, 3.99, 4.99, 14.99],
    "priceCounts": [5, 3, 7, 20, 27, 36],
    "nIsInKU": [69],
    "nIsNotInKU": [31],
    "nReleases": [">6000"],
    "nLastThirtyReleases": ["65"],
    "nLastNinetyReleases": ["185"],
    "nPreorders": ["59"]
  }
]
