[
  {
    "currentAnalysisName": ["X0037_sff_top100_668010011_20190605.024541"],
    "analysisTimeString": ["20190605.024541"],
    "filenamesRoot": ["sff_top100"],
    "categoryLabel": ["Science Fiction & Fantasy"],
    "pageLabel": ["Top 100"],
    "browseNodeID": ["668010011"],
    "medianSalesRank": [372],
    "medianNPages": [342],
    "priceBreaks": [0, 0.99, 1.99, 2.99, 3.99, 4.99, 16.99],
    "priceCounts": [12, 7, 17, 18, 26, 20],
    "nIsInKU": [82],
    "nIsNotInKU": [18],
    "nReleases": [">50000"],
    "nLastThirtyReleases": [">8000"],
    "nLastNinetyReleases": [">20000"],
    "nPreorders": [">2000"]
  },
  {
    "currentAnalysisName": ["X0037_alternative_history_top100_6157855011_20190605.024643"],
    "analysisTimeString": ["20190605.024643"],
    "filenamesRoot": ["alternative_history_top100"],
    "categoryLabel": ["Alternative History"],
    "pageLabel": ["Top 100"],
    "browseNodeID": ["6157855011"],
    "medianSalesRank": [18249],
    "medianNPages": [366],
    "priceBreaks": [0, 0.99, 1.99, 2.99, 3.99, 4.99, 14.99],
    "priceCounts": [9, 4, 16, 20, 29, 21],
    "nIsInKU": [71],
    "nIsNotInKU": [29],
    "nReleases": [">10000"],
    "nLastThirtyReleases": ["775"],
    "nLastNinetyReleases": [">1000"],
    "nPreorders": ["36"]
  },
  {
    "currentAnalysisName": ["X0037_dystopian_top100_6361470011_20190605.024745"],
    "analysisTimeString": ["20190605.024745"],
    "filenamesRoot": ["dystopian_top100"],
    "categoryLabel": ["Dystopian"],
    "pageLabel": ["Top 100"],
    "browseNodeID": ["6361470011"],
    "medianSalesRank": [3452],
    "medianNPages": [335],
    "priceBreaks": [0, 0.99, 1.99, 2.99, 3.99, 4.99, 14.99],
    "priceCounts": [11, 9, 24, 15, 16, 25],
    "nIsInKU": [80],
    "nIsNotInKU": [20],
    "nReleases": [">30000"],
    "nLastThirtyReleases": ["543"],
    "nLastNinetyReleases": [">1000"],
    "nPreorders": ["173"]
  },
  {
    "currentAnalysisName": ["X0037_fairy_tales_top100_7588857011_20190605.024843"],
    "analysisTimeString": ["20190605.024843"],
    "filenamesRoot": ["fairy_tales_top100"],
    "categoryLabel": ["Fairy Tales"],
    "pageLabel": ["Top 100"],
    "browseNodeID": ["7588857011"],
    "medianSalesRank": [9807],
    "medianNPages": [268],
    "priceBreaks": [0, 0.99, 1.99, 2.99, 3.99, 4.99, 12.99],
    "priceCounts": [15, 3, 22, 24, 27, 9],
    "nIsInKU": [84],
    "nIsNotInKU": [16],
    "nReleases": [">6000"],
    "nLastThirtyReleases": ["95"],
    "nLastNinetyReleases": ["304"],
    "nPreorders": ["34"]
  },
  {
    "currentAnalysisName": ["X0037_post_apocalyptic_top100_6361471011_20190605.024944"],
    "analysisTimeString": ["20190605.024944"],
    "filenamesRoot": ["post_apocalyptic_top100"],
    "categoryLabel": ["Post-Apocalyptic"],
    "pageLabel": ["Top 100"],
    "browseNodeID": ["6361471011"],
    "medianSalesRank": [2577],
    "medianNPages": [361],
    "priceBreaks": [0, 0.99, 1.99, 2.99, 3.99, 4.99, 14.99],
    "priceCounts": [16, 6, 18, 15, 27, 17],
    "nIsInKU": [84],
    "nIsNotInKU": [16],
    "nReleases": [">20000"],
    "nLastThirtyReleases": ["455"],
    "nLastNinetyReleases": [">1000"],
    "nPreorders": ["142"]
  },
  {
    "currentAnalysisName": ["X0037_w_and_s_top100_6401742011_20190605.025040"],
    "analysisTimeString": ["20190605.025040"],
    "filenamesRoot": ["w_and_s_top100"],
    "categoryLabel": ["Werewolves & Shifters"],
    "pageLabel": ["Top 100"],
    "browseNodeID": ["6401742011"],
    "medianSalesRank": [1595],
    "medianNPages": [240],
    "priceBreaks": [0, 0.99, 1.99, 2.99, 3.99, 4.99, 13.99],
    "priceCounts": [37, 0, 29, 19, 11, 4],
    "nIsInKU": [92],
    "nIsNotInKU": [8],
    "nReleases": [">20000"],
    "nLastThirtyReleases": ["328"],
    "nLastNinetyReleases": ["985"],
    "nPreorders": ["153"]
  },
  {
    "currentAnalysisName": ["X0037_pn_uf_top100_7006662011_20190605.025137"],
    "analysisTimeString": ["20190605.025137"],
    "filenamesRoot": ["pn_uf_top100"],
    "categoryLabel": ["Paranormal and Urban Fantasy"],
    "pageLabel": ["Top 100"],
    "browseNodeID": ["7006662011"],
    "medianSalesRank": [2949],
    "medianNPages": [283],
    "priceBreaks": [0, 0.99, 1.99, 2.99, 3.99, 4.99, 12.99],
    "priceCounts": [10, 2, 30, 34, 11, 13],
    "nIsInKU": [89],
    "nIsNotInKU": [11],
    "nReleases": [">10000"],
    "nLastThirtyReleases": ["157"],
    "nLastNinetyReleases": ["492"],
    "nPreorders": ["135"]
  },
  {
    "currentAnalysisName": ["X0037_dark_fantasy_top100_157062011_20190605.025241"],
    "analysisTimeString": ["20190605.025241"],
    "filenamesRoot": ["dark_fantasy_top100"],
    "categoryLabel": ["Horror: Dark Fantasy"],
    "pageLabel": ["Top 100"],
    "browseNodeID": ["157062011"],
    "medianSalesRank": [2992],
    "medianNPages": [301],
    "priceBreaks": [0, 0.99, 1.99, 2.99, 3.99, 4.99, 13.99],
    "priceCounts": [19, 4, 17, 25, 26, 8],
    "nIsInKU": [94],
    "nIsNotInKU": [6],
    "nReleases": [">20000"],
    "nLastThirtyReleases": ["527"],
    "nLastNinetyReleases": [">1000"],
    "nPreorders": ["223"]
  }
]
