[
  {
    "currentAnalysisName": ["X0033_sff_top100_668010011_20190405.142957"],
    "analysisTimeString": ["20190405.142957"],
    "filenamesRoot": ["sff_top100"],
    "categoryLabel": ["Science Fiction & Fantasy"],
    "pageLabel": ["Top 100"],
    "browseNodeID": ["668010011"],
    "medianSalesRank": [381],
    "medianNPages": [357],
    "priceBreaks": [0, 0.99, 1.99, 2.99, 3.99, 4.99, 14.99],
    "priceCounts": [12, 7, 15, 20, 21, 25],
    "nIsInKU": [82],
    "nIsNotInKU": [18],
    "nReleases": [">50000"],
    "nLastThirtyReleases": [">8000"],
    "nLastNinetyReleases": [">20000"],
    "nPreorders": [">2000"]
  },
  {
    "currentAnalysisName": ["X0033_alternative_history_top100_6157855011_20190405.143104"],
    "analysisTimeString": ["20190405.143104"],
    "filenamesRoot": ["alternative_history_top100"],
    "categoryLabel": ["Alternative History"],
    "pageLabel": ["Top 100"],
    "browseNodeID": ["6157855011"],
    "medianSalesRank": [17345],
    "medianNPages": [368],
    "priceBreaks": [0, 0.99, 1.99, 2.99, 3.99, 4.99, 13.99],
    "priceCounts": [9, 1, 19, 27, 22, 22],
    "nIsInKU": [74],
    "nIsNotInKU": [26],
    "nReleases": [">10000"],
    "nLastThirtyReleases": ["405"],
    "nLastNinetyReleases": [">1000"],
    "nPreorders": ["38"]
  },
  {
    "currentAnalysisName": ["X0033_dystopian_top100_6361470011_20190405.143210"],
    "analysisTimeString": ["20190405.143210"],
    "filenamesRoot": ["dystopian_top100"],
    "categoryLabel": ["Dystopian"],
    "pageLabel": ["Top 100"],
    "browseNodeID": ["6361470011"],
    "medianSalesRank": [2980],
    "medianNPages": [342],
    "priceBreaks": [0, 0.99, 1.99, 2.99, 3.99, 4.99, 14.99],
    "priceCounts": [18, 6, 10, 17, 24, 25],
    "nIsInKU": [77],
    "nIsNotInKU": [23],
    "nReleases": [">30000"],
    "nLastThirtyReleases": ["591"],
    "nLastNinetyReleases": [">1000"],
    "nPreorders": ["192"]
  },
  {
    "currentAnalysisName": ["X0033_fairy_tales_top100_7588857011_20190405.143313"],
    "analysisTimeString": ["20190405.143313"],
    "filenamesRoot": ["fairy_tales_top100"],
    "categoryLabel": ["Fairy Tales"],
    "pageLabel": ["Top 100"],
    "browseNodeID": ["7588857011"],
    "medianSalesRank": [8663],
    "medianNPages": [250],
    "priceBreaks": [0, 0.99, 1.99, 2.99, 3.99, 4.99, 12.99],
    "priceCounts": [17, 1, 30, 24, 21, 7],
    "nIsInKU": [90],
    "nIsNotInKU": [10],
    "nReleases": [">6000"],
    "nLastThirtyReleases": ["155"],
    "nLastNinetyReleases": ["402"],
    "nPreorders": ["31"]
  },
  {
    "currentAnalysisName": ["X0033_post_apocalyptic_top100_6361471011_20190405.143420"],
    "analysisTimeString": ["20190405.143420"],
    "filenamesRoot": ["post_apocalyptic_top100"],
    "categoryLabel": ["Post-Apocalyptic"],
    "pageLabel": ["Top 100"],
    "browseNodeID": ["6361471011"],
    "medianSalesRank": [3102],
    "medianNPages": [358],
    "priceBreaks": [0, 0.99, 1.99, 2.99, 3.99, 4.99, 14.99],
    "priceCounts": [21, 7, 16, 16, 16, 24],
    "nIsInKU": [77],
    "nIsNotInKU": [23],
    "nReleases": [">20000"],
    "nLastThirtyReleases": ["448"],
    "nLastNinetyReleases": [">1000"],
    "nPreorders": ["151"]
  },
  {
    "currentAnalysisName": ["X0033_w_and_s_top100_6401742011_20190405.143523"],
    "analysisTimeString": ["20190405.143523"],
    "filenamesRoot": ["w_and_s_top100"],
    "categoryLabel": ["Werewolves & Shifters"],
    "pageLabel": ["Top 100"],
    "browseNodeID": ["6401742011"],
    "medianSalesRank": [1392],
    "medianNPages": [277],
    "priceBreaks": [0, 0.99, 1.99, 2.99, 3.99, 4.99, 13.99],
    "priceCounts": [35, 0, 29, 19, 11, 6],
    "nIsInKU": [93],
    "nIsNotInKU": [7],
    "nReleases": [">20000"],
    "nLastThirtyReleases": ["382"],
    "nLastNinetyReleases": ["954"],
    "nPreorders": ["138"]
  },
  {
    "currentAnalysisName": ["X0033_pn_uf_top100_7006662011_20190405.143622"],
    "analysisTimeString": ["20190405.143622"],
    "filenamesRoot": ["pn_uf_top100"],
    "categoryLabel": ["Paranormal and Urban Fantasy"],
    "pageLabel": ["Top 100"],
    "browseNodeID": ["7006662011"],
    "medianSalesRank": [4058],
    "medianNPages": [291],
    "priceBreaks": [0, 0.99, 1.99, 2.99, 3.99, 4.99, 12.99],
    "priceCounts": [16, 4, 21, 37, 13, 9],
    "nIsInKU": [92],
    "nIsNotInKU": [8],
    "nReleases": [">10000"],
    "nLastThirtyReleases": ["170"],
    "nLastNinetyReleases": ["445"],
    "nPreorders": ["113"]
  },
  {
    "currentAnalysisName": ["X0033_dark_fantasy_top100_157062011_20190405.143724"],
    "analysisTimeString": ["20190405.143724"],
    "filenamesRoot": ["dark_fantasy_top100"],
    "categoryLabel": ["Horror: Dark Fantasy"],
    "pageLabel": ["Top 100"],
    "browseNodeID": ["157062011"],
    "medianSalesRank": [3252],
    "medianNPages": [346],
    "priceBreaks": [0, 0.99, 1.99, 2.99, 3.99, 4.99, 13.99],
    "priceCounts": [11, 0, 8, 25, 40, 15],
    "nIsInKU": [95],
    "nIsNotInKU": [5],
    "nReleases": [">20000"],
    "nLastThirtyReleases": ["537"],
    "nLastNinetyReleases": [">1000"],
    "nPreorders": ["214"]
  }
]
