[
  {
    "currentAnalysisName": ["X0044_romance_top100_158566011_20191006.204205"],
    "analysisTimeString": ["20191006.204205"],
    "filenamesRoot": ["romance_top100"],
    "categoryLabel": ["Romance"],
    "pageLabel": ["Top 100"],
    "browseNodeID": ["158566011"],
    "medianSalesRank": [109],
    "medianNPages": [314],
    "priceBreaks": [0, 0.99, 1.99, 2.99, 3.99, 4.99, 13.99],
    "priceCounts": [25, 4, 11, 36, 21, 3],
    "nIsInKU": [84],
    "nIsNotInKU": [16],
    "nReleases": [">50000"],
    "nLastThirtyReleases": [">10000"],
    "nLastNinetyReleases": [">30000"],
    "nPreorders": [">4000"]
  },
  {
    "currentAnalysisName": ["X0044_african_american_top100_6190465011_20191006.204304"],
    "analysisTimeString": ["20191006.204304"],
    "filenamesRoot": ["african_american_top100"],
    "categoryLabel": ["African American"],
    "pageLabel": ["Top 100"],
    "browseNodeID": ["6190465011"],
    "medianSalesRank": [2289],
    "medianNPages": [212],
    "priceBreaks": [0, 0.99, 1.99, 2.99, 3.99, 4.99, 9.99],
    "priceCounts": [27, 3, 32, 6, 9, 23],
    "nIsInKU": [100],
    "nIsNotInKU": [0],
    "nReleases": [">10000"],
    "nLastThirtyReleases": ["331"],
    "nLastNinetyReleases": ["907"],
    "nPreorders": ["73"]
  },
  {
    "currentAnalysisName": ["X0044_clean_and_wholesome_top100_11650867011_20191006.204402"],
    "analysisTimeString": ["20191006.204402"],
    "filenamesRoot": ["clean_and_wholesome_top100"],
    "categoryLabel": ["Clean & Wholesome"],
    "pageLabel": ["Top 100"],
    "browseNodeID": ["11650867011"],
    "medianSalesRank": [2819],
    "medianNPages": [313],
    "priceBreaks": [0, 0.99, 1.99, 2.99, 3.99, 4.99, 12.99],
    "priceCounts": [35, 6, 14, 26, 7, 12],
    "nIsInKU": [84],
    "nIsNotInKU": [16],
    "nReleases": [">8000"],
    "nLastThirtyReleases": ["184"],
    "nLastNinetyReleases": ["546"],
    "nPreorders": ["150"]
  },
  {
    "currentAnalysisName": ["X0044_contemporary_top100_158568011_20191006.204501"],
    "analysisTimeString": ["20191006.204501"],
    "filenamesRoot": ["contemporary_top100"],
    "categoryLabel": ["Contemporary"],
    "pageLabel": ["Top 100"],
    "browseNodeID": ["158568011"],
    "medianSalesRank": [205],
    "medianNPages": [314],
    "priceBreaks": [0, 0.99, 1.99, 2.99, 3.99, 4.99, 9.99],
    "priceCounts": [22, 4, 18, 34, 18, 4],
    "nIsInKU": [86],
    "nIsNotInKU": [14],
    "nReleases": [">50000"],
    "nLastThirtyReleases": [">3000"],
    "nLastNinetyReleases": [">9000"],
    "nPreorders": [">1000"]
  },
  {
    "currentAnalysisName": ["X0044_gothic_top100_6487830011_20191006.204600"],
    "analysisTimeString": ["20191006.204600"],
    "filenamesRoot": ["gothic_top100"],
    "categoryLabel": ["Gothic"],
    "pageLabel": ["Top 100"],
    "browseNodeID": ["6487830011"],
    "medianSalesRank": [4274],
    "medianNPages": [261],
    "priceBreaks": [0, 0.99, 1.99, 2.99, 3.99, 4.99, 10.99],
    "priceCounts": [12, 2, 9, 34, 38, 5],
    "nIsInKU": [89],
    "nIsNotInKU": [11],
    "nReleases": [">3000"],
    "nLastThirtyReleases": ["55"],
    "nLastNinetyReleases": ["173"],
    "nPreorders": ["17"]
  },
  {
    "currentAnalysisName": ["X0044_historical_romance_top100_158571011_20191006.204658"],
    "analysisTimeString": ["20191006.204658"],
    "filenamesRoot": ["historical_romance_top100"],
    "categoryLabel": ["Historical Romance"],
    "pageLabel": ["Top 100"],
    "browseNodeID": ["158571011"],
    "medianSalesRank": [1597],
    "medianNPages": [343],
    "priceBreaks": [0, 0.99, 1.99, 2.99, 3.99, 4.99, 11.99],
    "priceCounts": [48, 7, 8, 14, 11, 12],
    "nIsInKU": [80],
    "nIsNotInKU": [20],
    "nReleases": [">50000"],
    "nLastThirtyReleases": [">1000"],
    "nLastNinetyReleases": [">3000"],
    "nPreorders": ["459"]
  },
  {
    "currentAnalysisName": ["X0044_gay_romance_top100_6487829011_20191006.204757"],
    "analysisTimeString": ["20191006.204757"],
    "filenamesRoot": ["gay_romance_top100"],
    "categoryLabel": ["Gay Romance"],
    "pageLabel": ["Top 100"],
    "browseNodeID": ["6487829011"],
    "medianSalesRank": [3443],
    "medianNPages": [248],
    "priceBreaks": [0, 0.99, 1.99, 2.99, 3.99, 4.99, 9.99],
    "priceCounts": [8, 0, 20, 38, 32, 2],
    "nIsInKU": [92],
    "nIsNotInKU": [8],
    "nReleases": [">40000"],
    "nLastThirtyReleases": ["947"],
    "nLastNinetyReleases": [">2000"],
    "nPreorders": ["281"]
  },
  {
    "currentAnalysisName": ["X0044_lesbian_romance_top100_6487835011_20191006.204853"],
    "analysisTimeString": ["20191006.204853"],
    "filenamesRoot": ["lesbian_romance_top100"],
    "categoryLabel": ["Lesbian Romance"],
    "pageLabel": ["Top 100"],
    "browseNodeID": ["6487835011"],
    "medianSalesRank": [13442],
    "medianNPages": [246],
    "priceBreaks": [0, 0.99, 1.99, 2.99, 3.99, 4.99, 13.99],
    "priceCounts": [4, 2, 14, 21, 21, 38],
    "nIsInKU": [83],
    "nIsNotInKU": [17],
    "nReleases": [">10000"],
    "nLastThirtyReleases": ["280"],
    "nLastNinetyReleases": ["936"],
    "nPreorders": ["61"]
  },
  {
    "currentAnalysisName": ["X0044_bisexual_top100_10886542011_20191006.204948"],
    "analysisTimeString": ["20191006.204948"],
    "filenamesRoot": ["bisexual_top100"],
    "categoryLabel": ["Bisexual"],
    "pageLabel": ["Top 100"],
    "browseNodeID": ["10886542011"],
    "medianSalesRank": [10721],
    "medianNPages": [252],
    "priceBreaks": [0, 0.99, 1.99, 2.99, 3.99, 4.99, 12.99],
    "priceCounts": [12, 0, 26, 32, 23, 7],
    "nIsInKU": [93],
    "nIsNotInKU": [7],
    "nReleases": [">6000"],
    "nLastThirtyReleases": ["231"],
    "nLastNinetyReleases": ["579"],
    "nPreorders": ["62"]
  },
  {
    "currentAnalysisName": ["X0044_military_top100_6487836011_20191006.205047"],
    "analysisTimeString": ["20191006.205047"],
    "filenamesRoot": ["military_top100"],
    "categoryLabel": ["Military"],
    "pageLabel": ["Top 100"],
    "browseNodeID": ["6487836011"],
    "medianSalesRank": [956],
    "medianNPages": [302],
    "priceBreaks": [0, 0.99, 1.99, 2.99, 3.99, 4.99, 8.99],
    "priceCounts": [30, 3, 20, 34, 8, 5],
    "nIsInKU": [88],
    "nIsNotInKU": [12],
    "nReleases": [">20000"],
    "nLastThirtyReleases": ["475"],
    "nLastNinetyReleases": [">1000"],
    "nPreorders": ["274"]
  },
  {
    "currentAnalysisName": ["X0044_mystery_and_suspense_top100_6487839011_20191006.205148"],
    "analysisTimeString": ["20191006.205148"],
    "filenamesRoot": ["mystery_and_suspense_top100"],
    "categoryLabel": ["Mystery & Suspense"],
    "pageLabel": ["Top 100"],
    "browseNodeID": ["6487839011"],
    "medianSalesRank": [584],
    "medianNPages": [332],
    "priceBreaks": [0, 0.99, 1.99, 2.99, 3.99, 4.99, 14.99],
    "priceCounts": [24, 12, 5, 23, 25, 11],
    "nIsInKU": [84],
    "nIsNotInKU": [16],
    "nReleases": [">50000"],
    "nLastThirtyReleases": [">1000"],
    "nLastNinetyReleases": [">3000"],
    "nPreorders": ["706"]
  },
  {
    "currentAnalysisName": ["X0044_new_adult_and_college_top100_6487838011_20191006.205249"],
    "analysisTimeString": ["20191006.205249"],
    "filenamesRoot": ["new_adult_and_college_top100"],
    "categoryLabel": ["New Adult & College"],
    "pageLabel": ["Top 100"],
    "browseNodeID": ["6487838011"],
    "medianSalesRank": [747],
    "medianNPages": [317],
    "priceBreaks": [0, 0.99, 1.99, 2.99, 3.99, 4.99, 9.99],
    "priceCounts": [21, 0, 24, 42, 11, 2],
    "nIsInKU": [96],
    "nIsNotInKU": [4],
    "nReleases": [">20000"],
    "nLastThirtyReleases": ["458"],
    "nLastNinetyReleases": [">1000"],
    "nPreorders": ["195"]
  },
  {
    "currentAnalysisName": ["X0044_paranormal_top100_6190484011_20191006.205349"],
    "analysisTimeString": ["20191006.205349"],
    "filenamesRoot": ["paranormal_top100"],
    "categoryLabel": ["Paranormal"],
    "pageLabel": ["Top 100"],
    "browseNodeID": ["6190484011"],
    "medianSalesRank": [710],
    "medianNPages": [288],
    "priceBreaks": [0, 0.99, 1.99, 2.99, 3.99, 4.99, 13.99],
    "priceCounts": [23, 1, 22, 31, 20, 3],
    "nIsInKU": [89],
    "nIsNotInKU": [11],
    "nReleases": [">50000"],
    "nLastThirtyReleases": [">1000"],
    "nLastNinetyReleases": [">2000"],
    "nPreorders": ["658"]
  },
  {
    "currentAnalysisName": ["X0044_romantic_comedy_top100_6487841011_20191006.205449"],
    "analysisTimeString": ["20191006.205449"],
    "filenamesRoot": ["romantic_comedy_top100"],
    "categoryLabel": ["Romantic Comedy"],
    "pageLabel": ["Top 100"],
    "browseNodeID": ["6487841011"],
    "medianSalesRank": [547],
    "medianNPages": [323],
    "priceBreaks": [0, 0.99, 1.99, 2.99, 3.99, 4.99, 13.99],
    "priceCounts": [27, 3, 18, 25, 22, 5],
    "nIsInKU": [85],
    "nIsNotInKU": [15],
    "nReleases": [">50000"],
    "nLastThirtyReleases": [">1000"],
    "nLastNinetyReleases": [">3000"],
    "nPreorders": ["604"]
  },
  {
    "currentAnalysisName": ["X0044_science_fiction_top100_6401744011_20191006.205549"],
    "analysisTimeString": ["20191006.205549"],
    "filenamesRoot": ["science_fiction_top100"],
    "categoryLabel": ["Science Fiction"],
    "pageLabel": ["Top 100"],
    "browseNodeID": ["6401744011"],
    "medianSalesRank": [1805],
    "medianNPages": [270],
    "priceBreaks": [0, 0.99, 1.99, 2.99, 3.99, 4.99, 13.99],
    "priceCounts": [9, 3, 23, 26, 22, 17],
    "nIsInKU": [85],
    "nIsNotInKU": [15],
    "nReleases": [">10000"],
    "nLastThirtyReleases": ["276"],
    "nLastNinetyReleases": ["794"],
    "nPreorders": ["165"]
  },
  {
    "currentAnalysisName": ["X0044_sports_top100_6487842011_20191006.205650"],
    "analysisTimeString": ["20191006.205650"],
    "filenamesRoot": ["sports_top100"],
    "categoryLabel": ["Sports"],
    "pageLabel": ["Top 100"],
    "browseNodeID": ["6487842011"],
    "medianSalesRank": [1141],
    "medianNPages": [320],
    "priceBreaks": [0, 0.99, 1.99, 2.99, 3.99, 4.99, 9.99],
    "priceCounts": [15, 1, 12, 47, 23, 2],
    "nIsInKU": [91],
    "nIsNotInKU": [9],
    "nReleases": [">10000"],
    "nLastThirtyReleases": ["277"],
    "nLastNinetyReleases": ["716"],
    "nPreorders": ["142"]
  },
  {
    "currentAnalysisName": ["X0044_westerns_top100_6190489011_20191006.210155"],
    "analysisTimeString": ["20191006.210155"],
    "filenamesRoot": ["westerns_top100"],
    "categoryLabel": ["Westerns"],
    "pageLabel": ["Top 100"],
    "browseNodeID": ["6190489011"],
    "medianSalesRank": [2734],
    "medianNPages": [253],
    "priceBreaks": [0, 0.99, 1.99, 2.99, 3.99, 4.99, 8.53],
    "priceCounts": [59, 5, 8, 17, 7, 3],
    "nIsInKU": [79],
    "nIsNotInKU": [21],
    "nReleases": [">20000"],
    "nLastThirtyReleases": ["342"],
    "nLastNinetyReleases": ["907"],
    "nPreorders": ["197"]
  }
]
