[
  {
    "currentAnalysisName": ["X0041_sff_top100_668010011_20190804.062741"],
    "analysisTimeString": ["20190804.062741"],
    "filenamesRoot": ["sff_top100"],
    "categoryLabel": ["Science Fiction & Fantasy"],
    "pageLabel": ["Top 100"],
    "browseNodeID": ["668010011"],
    "medianSalesRank": [332],
    "medianNPages": [368],
    "priceBreaks": [0, 0.99, 1.99, 2.99, 3.99, 4.99, 16.99],
    "priceCounts": [10, 6, 14, 15, 28, 27],
    "nIsInKU": [87],
    "nIsNotInKU": [13],
    "nReleases": [">50000"],
    "nLastThirtyReleases": [">7000"],
    "nLastNinetyReleases": [">20000"],
    "nPreorders": [">2000"]
  },
  {
    "currentAnalysisName": ["X0041_alternative_history_top100_6157855011_20190804.062839"],
    "analysisTimeString": ["20190804.062839"],
    "filenamesRoot": ["alternative_history_top100"],
    "categoryLabel": ["Alternative History"],
    "pageLabel": ["Top 100"],
    "browseNodeID": ["6157855011"],
    "medianSalesRank": [14684],
    "medianNPages": [355],
    "priceBreaks": [0, 0.99, 1.99, 2.99, 3.99, 4.99, 14.99],
    "priceCounts": [10, 2, 22, 21, 26, 18],
    "nIsInKU": [79],
    "nIsNotInKU": [21],
    "nReleases": [">10000"],
    "nLastThirtyReleases": ["351"],
    "nLastNinetyReleases": [">1000"],
    "nPreorders": ["49"]
  },
  {
    "currentAnalysisName": ["X0041_dystopian_top100_6361470011_20190804.062938"],
    "analysisTimeString": ["20190804.062938"],
    "filenamesRoot": ["dystopian_top100"],
    "categoryLabel": ["Dystopian"],
    "pageLabel": ["Top 100"],
    "browseNodeID": ["6361470011"],
    "medianSalesRank": [2923],
    "medianNPages": [368],
    "priceBreaks": [0, 0.99, 1.99, 2.99, 3.99, 4.99, 14.99],
    "priceCounts": [14, 7, 23, 15, 15, 26],
    "nIsInKU": [82],
    "nIsNotInKU": [18],
    "nReleases": [">30000"],
    "nLastThirtyReleases": ["529"],
    "nLastNinetyReleases": [">1000"],
    "nPreorders": ["192"]
  },
  {
    "currentAnalysisName": ["X0041_fairy_tales_top100_7588857011_20190804.063034"],
    "analysisTimeString": ["20190804.063034"],
    "filenamesRoot": ["fairy_tales_top100"],
    "categoryLabel": ["Fairy Tales"],
    "pageLabel": ["Top 100"],
    "browseNodeID": ["7588857011"],
    "medianSalesRank": [7962],
    "medianNPages": [272],
    "priceBreaks": [0, 0.99, 1.99, 2.99, 3.99, 4.99, 12.99],
    "priceCounts": [12, 3, 27, 20, 25, 13],
    "nIsInKU": [87],
    "nIsNotInKU": [13],
    "nReleases": [">6000"],
    "nLastThirtyReleases": ["90"],
    "nLastNinetyReleases": ["286"],
    "nPreorders": ["43"]
  },
  {
    "currentAnalysisName": ["X0041_post_apocalyptic_top100_6361471011_20190804.063133"],
    "analysisTimeString": ["20190804.063133"],
    "filenamesRoot": ["post_apocalyptic_top100"],
    "categoryLabel": ["Post-Apocalyptic"],
    "pageLabel": ["Top 100"],
    "browseNodeID": ["6361471011"],
    "medianSalesRank": [2550],
    "medianNPages": [371],
    "priceBreaks": [0, 0.99, 1.99, 2.99, 3.99, 4.99, 14.99],
    "priceCounts": [15, 5, 21, 15, 20, 24],
    "nIsInKU": [81],
    "nIsNotInKU": [19],
    "nReleases": [">30000"],
    "nLastThirtyReleases": ["452"],
    "nLastNinetyReleases": [">1000"],
    "nPreorders": ["144"]
  },
  {
    "currentAnalysisName": ["X0041_w_and_s_top100_6401742011_20190804.063225"],
    "analysisTimeString": ["20190804.063225"],
    "filenamesRoot": ["w_and_s_top100"],
    "categoryLabel": ["Werewolves & Shifters"],
    "pageLabel": ["Top 100"],
    "browseNodeID": ["6401742011"],
    "medianSalesRank": [1867],
    "medianNPages": [278],
    "priceBreaks": [0, 0.99, 1.99, 2.99, 3.99, 4.99, 13.99],
    "priceCounts": [29, 0, 23, 19, 23, 6],
    "nIsInKU": [89],
    "nIsNotInKU": [11],
    "nReleases": [">20000"],
    "nLastThirtyReleases": ["269"],
    "nLastNinetyReleases": ["864"],
    "nPreorders": ["148"]
  },
  {
    "currentAnalysisName": ["X0041_pn_uf_top100_6157853011_20190804.063320"],
    "analysisTimeString": ["20190804.063320"],
    "filenamesRoot": ["pn_uf_top100"],
    "categoryLabel": ["Paranormal and Urban Fantasy"],
    "pageLabel": ["Top 100"],
    "browseNodeID": ["6157853011"],
    "medianSalesRank": [806],
    "medianNPages": [322],
    "priceBreaks": [0, 0.99, 1.99, 2.99, 3.99, 4.99, 13.99],
    "priceCounts": [15, 1, 10, 28, 33, 13],
    "nIsInKU": [85],
    "nIsNotInKU": [15],
    "nReleases": [">50000"],
    "nLastThirtyReleases": [">1000"],
    "nLastNinetyReleases": [">3000"],
    "nPreorders": ["641"]
  },
  {
    "currentAnalysisName": ["X0041_dark_fantasy_top100_157062011_20190804.063419"],
    "analysisTimeString": ["20190804.063419"],
    "filenamesRoot": ["dark_fantasy_top100"],
    "categoryLabel": ["Horror: Dark Fantasy"],
    "pageLabel": ["Top 100"],
    "browseNodeID": ["157062011"],
    "medianSalesRank": [2813],
    "medianNPages": [359],
    "priceBreaks": [0, 0.99, 1.99, 2.99, 3.99, 4.99, 14.99],
    "priceCounts": [14, 3, 8, 22, 32, 21],
    "nIsInKU": [92],
    "nIsNotInKU": [8],
    "nReleases": [">20000"],
    "nLastThirtyReleases": ["508"],
    "nLastNinetyReleases": [">1000"],
    "nPreorders": ["197"]
  }
]
