[
  {
    "currentAnalysisName": ["X0031_romance_top100_158566011_20190311.232452"],
    "analysisTimeString": ["20190311.232452"],
    "filenamesRoot": ["romance_top100"],
    "categoryLabel": ["Romance"],
    "pageLabel": ["Top 100"],
    "browseNodeID": ["158566011"],
    "medianSalesRank": [137],
    "medianNPages": [313],
    "priceBreaks": [0, 0.99, 1.99, 2.99, 3.99, 4.99, 14.99],
    "priceCounts": [30, 3, 22, 19, 18, 8],
    "nIsInKU": [84],
    "nIsNotInKU": [16],
    "nReleases": [">50000"],
    "nLastThirtyReleases": [">10000"],
    "nLastNinetyReleases": [">20000"],
    "nPreorders": [">3000"]
  },
  {
    "currentAnalysisName": ["X0031_african_american_top100_6190465011_20190311.232552"],
    "analysisTimeString": ["20190311.232552"],
    "filenamesRoot": ["african_american_top100"],
    "categoryLabel": ["African American"],
    "pageLabel": ["Top 100"],
    "browseNodeID": ["6190465011"],
    "medianSalesRank": [2525],
    "medianNPages": [185],
    "priceBreaks": [0, 0.99, 1.99, 2.99, 3.99, 4.99, 9.99],
    "priceCounts": [44, 2, 28, 5, 6, 15],
    "nIsInKU": [98],
    "nIsNotInKU": [2],
    "nReleases": [">10000"],
    "nLastThirtyReleases": ["389"],
    "nLastNinetyReleases": [">1000"],
    "nPreorders": ["72"]
  },
  {
    "currentAnalysisName": ["X0031_clean_and_wholesome_top100_11650867011_20190311.232650"],
    "analysisTimeString": ["20190311.232650"],
    "filenamesRoot": ["clean_and_wholesome_top100"],
    "categoryLabel": ["Clean & Wholesome"],
    "pageLabel": ["Top 100"],
    "browseNodeID": ["11650867011"],
    "medianSalesRank": [3332],
    "medianNPages": [299],
    "priceBreaks": [0, 0.99, 1.99, 2.99, 3.99, 4.99, 12.99],
    "priceCounts": [45, 4, 5, 30, 12, 4],
    "nIsInKU": [91],
    "nIsNotInKU": [9],
    "nReleases": [">7000"],
    "nLastThirtyReleases": ["139"],
    "nLastNinetyReleases": ["441"],
    "nPreorders": ["147"]
  },
  {
    "currentAnalysisName": ["X0031_contemporary_top100_158568011_20190311.232754"],
    "analysisTimeString": ["20190311.232754"],
    "filenamesRoot": ["contemporary_top100"],
    "categoryLabel": ["Contemporary"],
    "pageLabel": ["Top 100"],
    "browseNodeID": ["158568011"],
    "medianSalesRank": [261],
    "medianNPages": [292],
    "priceBreaks": [0, 0.99, 1.99, 2.99, 3.99, 4.99, 14.99],
    "priceCounts": [30, 4, 21, 26, 11, 8],
    "nIsInKU": [83],
    "nIsNotInKU": [17],
    "nReleases": [">50000"],
    "nLastThirtyReleases": [">3000"],
    "nLastNinetyReleases": [">8000"],
    "nPreorders": [">1000"]
  },
  {
    "currentAnalysisName": ["X0031_gothic_top100_6487830011_20190311.232850"],
    "analysisTimeString": ["20190311.232850"],
    "filenamesRoot": ["gothic_top100"],
    "categoryLabel": ["Gothic"],
    "pageLabel": ["Top 100"],
    "browseNodeID": ["6487830011"],
    "medianSalesRank": [5595],
    "medianNPages": [251],
    "priceBreaks": [0, 0.99, 1.99, 2.99, 3.99, 4.99, 9.99],
    "priceCounts": [19, 1, 10, 30, 33, 7],
    "nIsInKU": [87],
    "nIsNotInKU": [13],
    "nReleases": [">2000"],
    "nLastThirtyReleases": ["55"],
    "nLastNinetyReleases": ["144"],
    "nPreorders": ["                16"]
  },
  {
    "currentAnalysisName": ["X0031_historical_romance_top100_158571011_20190311.232949"],
    "analysisTimeString": ["20190311.232949"],
    "filenamesRoot": ["historical_romance_top100"],
    "categoryLabel": ["Historical Romance"],
    "pageLabel": ["Top 100"],
    "browseNodeID": ["158571011"],
    "medianSalesRank": [1517],
    "medianNPages": [316],
    "priceBreaks": [0, 0.99, 1.99, 2.99, 3.99, 4.99, 12.99],
    "priceCounts": [50, 4, 15, 6, 14, 11],
    "nIsInKU": [76],
    "nIsNotInKU": [24],
    "nReleases": [">50000"],
    "nLastThirtyReleases": ["757"],
    "nLastNinetyReleases": [">2000"],
    "nPreorders": ["393"]
  },
  {
    "currentAnalysisName": ["X0031_gay_romance_top100_6487829011_20190311.233044"],
    "analysisTimeString": ["20190311.233044"],
    "filenamesRoot": ["gay_romance_top100"],
    "categoryLabel": ["Gay Romance"],
    "pageLabel": ["Top 100"],
    "browseNodeID": ["6487829011"],
    "medianSalesRank": [2980],
    "medianNPages": [221],
    "priceBreaks": [0, 0.99, 1.99, 2.99, 3.99, 4.99, 5.99],
    "priceCounts": [10, 2, 32, 43, 12, 1],
    "nIsInKU": [95],
    "nIsNotInKU": [5],
    "nReleases": [">40000"],
    "nLastThirtyReleases": ["879"],
    "nLastNinetyReleases": [">2000"],
    "nPreorders": ["222"]
  },
  {
    "currentAnalysisName": ["X0031_lesbian_romance_top100_6487835011_20190311.233133"],
    "analysisTimeString": ["20190311.233133"],
    "filenamesRoot": ["lesbian_romance_top100"],
    "categoryLabel": ["Lesbian Romance"],
    "pageLabel": ["Top 100"],
    "browseNodeID": ["6487835011"],
    "medianSalesRank": [16975],
    "medianNPages": [214],
    "priceBreaks": [0, 0.99, 1.99, 2.99, 3.99, 4.99, 9.99],
    "priceCounts": [10, 1, 17, 19, 19, 34],
    "nIsInKU": [79],
    "nIsNotInKU": [21],
    "nReleases": [">10000"],
    "nLastThirtyReleases": ["245"],
    "nLastNinetyReleases": ["600"],
    "nPreorders": ["50"]
  },
  {
    "currentAnalysisName": ["X0031_bisexual_top100_10886542011_20190311.233227"],
    "analysisTimeString": ["20190311.233227"],
    "filenamesRoot": ["bisexual_top100"],
    "categoryLabel": ["Bisexual"],
    "pageLabel": ["Top 100"],
    "browseNodeID": ["10886542011"],
    "medianSalesRank": [11270],
    "medianNPages": [228],
    "priceBreaks": [0, 0.99, 1.99, 2.99, 3.99, 4.99, 12.99],
    "priceCounts": [12, 1, 39, 33, 11, 4],
    "nIsInKU": [90],
    "nIsNotInKU": [10],
    "nReleases": [">6000"],
    "nLastThirtyReleases": ["258"],
    "nLastNinetyReleases": ["507"],
    "nPreorders": ["43"]
  },
  {
    "currentAnalysisName": ["X0031_military_top100_6487836011_20190311.233323"],
    "analysisTimeString": ["20190311.233323"],
    "filenamesRoot": ["military_top100"],
    "categoryLabel": ["Military"],
    "pageLabel": ["Top 100"],
    "browseNodeID": ["6487836011"],
    "medianSalesRank": [1088],
    "medianNPages": [312],
    "priceBreaks": [0, 0.99, 1.99, 2.99, 3.99, 4.99, 13.99],
    "priceCounts": [33, 4, 21, 32, 7, 3],
    "nIsInKU": [83],
    "nIsNotInKU": [17],
    "nReleases": [">20000"],
    "nLastThirtyReleases": ["452"],
    "nLastNinetyReleases": [">1000"],
    "nPreorders": ["253"]
  },
  {
    "currentAnalysisName": ["X0031_mystery_and_suspense_top100_6487839011_20190311.233429"],
    "analysisTimeString": ["20190311.233429"],
    "filenamesRoot": ["mystery_and_suspense_top100"],
    "categoryLabel": ["Mystery & Suspense"],
    "pageLabel": ["Top 100"],
    "browseNodeID": ["6487839011"],
    "medianSalesRank": [542],
    "medianNPages": [322],
    "priceBreaks": [0, 0.99, 1.99, 2.99, 3.99, 4.99, 14.99],
    "priceCounts": [27, 10, 14, 22, 15, 12],
    "nIsInKU": [86],
    "nIsNotInKU": [14],
    "nReleases": [">50000"],
    "nLastThirtyReleases": [">1000"],
    "nLastNinetyReleases": [">3000"],
    "nPreorders": ["663"]
  },
  {
    "currentAnalysisName": ["X0031_new_adult_and_college_top100_6487838011_20190311.233527"],
    "analysisTimeString": ["20190311.233527"],
    "filenamesRoot": ["new_adult_and_college_top100"],
    "categoryLabel": ["New Adult & College"],
    "pageLabel": ["Top 100"],
    "browseNodeID": ["6487838011"],
    "medianSalesRank": [770],
    "medianNPages": [302],
    "priceBreaks": [0, 0.99, 1.99, 2.99, 3.99, 4.99, 11.99],
    "priceCounts": [28, 2, 25, 37, 5, 3],
    "nIsInKU": [91],
    "nIsNotInKU": [9],
    "nReleases": [">20000"],
    "nLastThirtyReleases": ["376"],
    "nLastNinetyReleases": ["969"],
    "nPreorders": ["161"]
  },
  {
    "currentAnalysisName": ["X0031_paranormal_top100_6190484011_20190311.233625"],
    "analysisTimeString": ["20190311.233625"],
    "filenamesRoot": ["paranormal_top100"],
    "categoryLabel": ["Paranormal"],
    "pageLabel": ["Top 100"],
    "browseNodeID": ["6190484011"],
    "medianSalesRank": [864],
    "medianNPages": [293],
    "priceBreaks": [0, 0.99, 1.99, 2.99, 3.99, 4.99, 14.99],
    "priceCounts": [35, 2, 22, 17, 14, 10],
    "nIsInKU": [87],
    "nIsNotInKU": [13],
    "nReleases": [">50000"],
    "nLastThirtyReleases": ["970"],
    "nLastNinetyReleases": [">2000"],
    "nPreorders": ["490"]
  },
  {
    "currentAnalysisName": ["X0031_romantic_comedy_top100_6487841011_20190311.233729"],
    "analysisTimeString": ["20190311.233729"],
    "filenamesRoot": ["romantic_comedy_top100"],
    "categoryLabel": ["Romantic Comedy"],
    "pageLabel": ["Top 100"],
    "browseNodeID": ["6487841011"],
    "medianSalesRank": [491],
    "medianNPages": [288],
    "priceBreaks": [0, 0.99, 1.99, 2.99, 3.99, 4.99, 14.99],
    "priceCounts": [32, 1, 24, 26, 11, 6],
    "nIsInKU": [84],
    "nIsNotInKU": [16],
    "nReleases": [">50000"],
    "nLastThirtyReleases": [">1000"],
    "nLastNinetyReleases": [">3000"],
    "nPreorders": ["492"]
  },
  {
    "currentAnalysisName": ["X0031_science_fiction_top100_6401744011_20190311.233821"],
    "analysisTimeString": ["20190311.233821"],
    "filenamesRoot": ["science_fiction_top100"],
    "categoryLabel": ["Science Fiction"],
    "pageLabel": ["Top 100"],
    "browseNodeID": ["6401744011"],
    "medianSalesRank": [2212],
    "medianNPages": [274],
    "priceBreaks": [0, 0.99, 1.99, 2.99, 3.99, 4.99, 14.99],
    "priceCounts": [16, 2, 25, 19, 26, 12],
    "nIsInKU": [86],
    "nIsNotInKU": [14],
    "nReleases": [">10000"],
    "nLastThirtyReleases": ["256"],
    "nLastNinetyReleases": ["693"],
    "nPreorders": ["98"]
  },
  {
    "currentAnalysisName": ["X0031_sports_top100_6487842011_20190311.233917"],
    "analysisTimeString": ["20190311.233917"],
    "filenamesRoot": ["sports_top100"],
    "categoryLabel": ["Sports"],
    "pageLabel": ["Top 100"],
    "browseNodeID": ["6487842011"],
    "medianSalesRank": [1807],
    "medianNPages": [293],
    "priceBreaks": [0, 0.99, 1.99, 2.99, 3.99, 4.99, 11.99],
    "priceCounts": [26, 0, 28, 36, 7, 3],
    "nIsInKU": [92],
    "nIsNotInKU": [8],
    "nReleases": [">10000"],
    "nLastThirtyReleases": ["338"],
    "nLastNinetyReleases": ["727"],
    "nPreorders": ["123"]
  },
  {
    "currentAnalysisName": ["X0031_westerns_top100_6190489011_20190311.234013"],
    "analysisTimeString": ["20190311.234013"],
    "filenamesRoot": ["westerns_top100"],
    "categoryLabel": ["Westerns"],
    "pageLabel": ["Top 100"],
    "browseNodeID": ["6190489011"],
    "medianSalesRank": [3433],
    "medianNPages": [264],
    "priceBreaks": [0, 0.99, 1.99, 2.99, 3.99, 4.99, 8.47],
    "priceCounts": [61, 1, 14, 11, 10, 3],
    "nIsInKU": [83],
    "nIsNotInKU": [17],
    "nReleases": [">20000"],
    "nLastThirtyReleases": ["301"],
    "nLastNinetyReleases": ["909"],
    "nPreorders": ["177"]
  }
]
