[
  {
    "currentAnalysisName": ["X0036_m_t_s_top100_157305011_20190605.001955"],
    "analysisTimeString": ["20190605.001955"],
    "filenamesRoot": ["m_t_s_top100"],
    "categoryLabel": ["Mystery, Thriller & Suspense"],
    "pageLabel": ["Top 100"],
    "browseNodeID": ["157305011"],
    "medianSalesRank": [183],
    "medianNPages": [338],
    "priceBreaks": [0, 0.99, 1.99, 2.99, 3.99, 4.99, 16.99],
    "priceCounts": [11, 16, 7, 9, 22, 35],
    "nIsInKU": [68],
    "nIsNotInKU": [32],
    "nReleases": [">50000"],
    "nLastThirtyReleases": [">5000"],
    "nLastNinetyReleases": [">10000"],
    "nPreorders": [">2000"]
  },
  {
    "currentAnalysisName": ["X0036_heist_top100_7130623011_20190605.002129"],
    "analysisTimeString": ["20190605.002129"],
    "filenamesRoot": ["heist_top100"],
    "categoryLabel": ["Heist"],
    "pageLabel": ["Top 100"],
    "browseNodeID": ["7130623011"],
    "medianSalesRank": [14644],
    "medianNPages": [292],
    "priceBreaks": [0, 0.99, 1.99, 2.99, 3.99, 4.99, 14.99],
    "priceCounts": [19, 4, 21, 25, 10, 21],
    "nIsInKU": [81],
    "nIsNotInKU": [19],
    "nReleases": [">2000"],
    "nLastThirtyReleases": ["39"],
    "nLastNinetyReleases": ["98"],
    "nPreorders": ["                9"]
  },
  {
    "currentAnalysisName": ["X0036_kidnapping_top100_7151518011_20190605.002244"],
    "analysisTimeString": ["20190605.002244"],
    "filenamesRoot": ["kidnapping_top100"],
    "categoryLabel": ["Kidnapping"],
    "pageLabel": ["Top 100"],
    "browseNodeID": ["7151518011"],
    "medianSalesRank": [5843],
    "medianNPages": [315],
    "priceBreaks": [0, 0.99, 1.99, 2.99, 3.99, 4.99, 14.99],
    "priceCounts": [14, 6, 10, 33, 25, 12],
    "nIsInKU": [94],
    "nIsNotInKU": [6],
    "nReleases": [">2000"],
    "nLastThirtyReleases": ["38"],
    "nLastNinetyReleases": ["105"],
    "nPreorders": ["28"]
  },
  {
    "currentAnalysisName": ["X0036_murder_top100_7130624011_20190605.002417"],
    "analysisTimeString": ["20190605.002417"],
    "filenamesRoot": ["murder_top100"],
    "categoryLabel": ["Murder"],
    "pageLabel": ["Top 100"],
    "browseNodeID": ["7130624011"],
    "medianSalesRank": [1109],
    "medianNPages": [338],
    "priceBreaks": [0, 0.99, 1.99, 2.99, 3.99, 4.99, 14.99],
    "priceCounts": [9, 24, 8, 7, 21, 31],
    "nIsInKU": [80],
    "nIsNotInKU": [20],
    "nReleases": [">10000"],
    "nLastThirtyReleases": ["249"],
    "nLastNinetyReleases": ["650"],
    "nPreorders": ["109"]
  },
  {
    "currentAnalysisName": ["X0036_noir_top100_7130625011_20190605.002607"],
    "analysisTimeString": ["20190605.002607"],
    "filenamesRoot": ["noir_top100"],
    "categoryLabel": ["Noir"],
    "pageLabel": ["Top 100"],
    "browseNodeID": ["7130625011"],
    "medianSalesRank": [5818],
    "medianNPages": [289],
    "priceBreaks": [0, 0.99, 1.99, 2.99, 3.99, 4.99, 14.99],
    "priceCounts": [23, 5, 26, 10, 25, 11],
    "nIsInKU": [80],
    "nIsNotInKU": [20],
    "nReleases": [">5000"],
    "nLastThirtyReleases": ["78"],
    "nLastNinetyReleases": ["223"],
    "nPreorders": ["39"]
  },
  {
    "currentAnalysisName": ["X0036_organized_crime_top100_7130626011_20190605.002827"],
    "analysisTimeString": ["20190605.002827"],
    "filenamesRoot": ["organized_crime_top100"],
    "categoryLabel": ["Organized Crime"],
    "pageLabel": ["Top 100"],
    "browseNodeID": ["7130626011"],
    "medianSalesRank": [5872],
    "medianNPages": [274],
    "priceBreaks": [0, 0.99, 1.99, 2.99, 3.99, 4.99, 14.99],
    "priceCounts": [18, 5, 16, 41, 12, 8],
    "nIsInKU": [86],
    "nIsNotInKU": [14],
    "nReleases": [">4000"],
    "nLastThirtyReleases": ["83"],
    "nLastNinetyReleases": ["230"],
    "nPreorders": ["35"]
  },
  {
    "currentAnalysisName": ["X0036_serial_killers_top100_7130627011_20190605.003032"],
    "analysisTimeString": ["20190605.003032"],
    "filenamesRoot": ["serial_killers_top100"],
    "categoryLabel": ["Serial Killers"],
    "pageLabel": ["Top 100"],
    "browseNodeID": ["7130627011"],
    "medianSalesRank": [1995],
    "medianNPages": [308],
    "priceBreaks": [0, 0.99, 1.99, 2.99, 3.99, 4.99, 14.99],
    "priceCounts": [14, 14, 20, 9, 21, 22],
    "nIsInKU": [88],
    "nIsNotInKU": [12],
    "nReleases": [">4000"],
    "nLastThirtyReleases": ["69"],
    "nLastNinetyReleases": ["199"],
    "nPreorders": ["28"]
  },
  {
    "currentAnalysisName": ["X0036_vigilante_justice_top100_7130628011_20190605.003146"],
    "analysisTimeString": ["20190605.003146"],
    "filenamesRoot": ["vigilante_justice_top100"],
    "categoryLabel": ["Vigilante Justice"],
    "pageLabel": ["Top 100"],
    "browseNodeID": ["7130628011"],
    "medianSalesRank": [5014],
    "medianNPages": [299],
    "priceBreaks": [0, 0.99, 1.99, 2.99, 3.99, 4.99, 12.99],
    "priceCounts": [11, 8, 4, 25, 30, 22],
    "nIsInKU": [94],
    "nIsNotInKU": [6],
    "nReleases": [">2000"],
    "nLastThirtyReleases": ["39"],
    "nLastNinetyReleases": ["97"],
    "nPreorders": ["22"]
  },
  {
    "currentAnalysisName": ["X0036_m_t_s_a_a_top100_6190464011_20190605.003259"],
    "analysisTimeString": ["20190605.003259"],
    "filenamesRoot": ["m_t_s_a_a_top100"],
    "categoryLabel": ["Mystery: African American"],
    "pageLabel": ["Top 100"],
    "browseNodeID": ["6190464011"],
    "medianSalesRank": [25897],
    "medianNPages": [255],
    "priceBreaks": [0, 0.99, 1.99, 2.99, 3.99, 4.99, 13.99],
    "priceCounts": [32, 9, 12, 13, 16, 18],
    "nIsInKU": [84],
    "nIsNotInKU": [16],
    "nReleases": [">2000"],
    "nLastThirtyReleases": ["50"],
    "nLastNinetyReleases": ["140"],
    "nPreorders": ["                16"]
  },
  {
    "currentAnalysisName": ["X0036_cozy_mystery_top100_6190476011_20190605.003402"],
    "analysisTimeString": ["20190605.003402"],
    "filenamesRoot": ["cozy_mystery_top100"],
    "categoryLabel": ["Mystery: Cozy"],
    "pageLabel": ["Top 100"],
    "browseNodeID": ["6190476011"],
    "medianSalesRank": [2196],
    "medianNPages": [245],
    "priceBreaks": [0, 0.99, 1.99, 2.99, 3.99, 4.99, 14.99],
    "priceCounts": [26, 7, 19, 20, 18, 10],
    "nIsInKU": [84],
    "nIsNotInKU": [16],
    "nReleases": [">20000"],
    "nLastThirtyReleases": ["481"],
    "nLastNinetyReleases": [">1000"],
    "nPreorders": ["331"]
  },
  {
    "currentAnalysisName": ["X0036_hardboiled_mystery_top100_157312011_20190605.003504"],
    "analysisTimeString": ["20190605.003504"],
    "filenamesRoot": ["hardboiled_mystery_top100"],
    "categoryLabel": ["Mystery: Hard-Boiled"],
    "pageLabel": ["Top 100"],
    "browseNodeID": ["157312011"],
    "medianSalesRank": [7694],
    "medianNPages": [334],
    "priceBreaks": [0, 0.99, 1.99, 2.99, 3.99, 4.99, 15.49],
    "priceCounts": [9, 3, 9, 12, 24, 42],
    "nIsInKU": [76],
    "nIsNotInKU": [24],
    "nReleases": [">10000"],
    "nLastThirtyReleases": ["307"],
    "nLastNinetyReleases": ["715"],
    "nPreorders": ["60"]
  },
  {
    "currentAnalysisName": ["X0036_historical_mystery_top100_157313011_20190605.003607"],
    "analysisTimeString": ["20190605.003607"],
    "filenamesRoot": ["historical_mystery_top100"],
    "categoryLabel": ["Mystery: Historical"],
    "pageLabel": ["Top 100"],
    "browseNodeID": ["157313011"],
    "medianSalesRank": [5318],
    "medianNPages": [328],
    "priceBreaks": [0, 0.99, 1.99, 2.99, 3.99, 4.99, 14.99],
    "priceCounts": [27, 8, 5, 17, 12, 31],
    "nIsInKU": [63],
    "nIsNotInKU": [37],
    "nReleases": [">10000"],
    "nLastThirtyReleases": ["189"],
    "nLastNinetyReleases": ["617"],
    "nPreorders": ["93"]
  },
  {
    "currentAnalysisName": ["X0036_international_mystery_top100_6361461011_20190605.003754"],
    "analysisTimeString": ["20190605.003754"],
    "filenamesRoot": ["international_mystery_top100"],
    "categoryLabel": ["Mystery: International"],
    "pageLabel": ["Top 100"],
    "browseNodeID": ["6361461011"],
    "medianSalesRank": [2791],
    "medianNPages": [348],
    "priceBreaks": [0, 0.99, 1.99, 2.99, 3.99, 4.99, 16.15],
    "priceCounts": [11, 9, 3, 9, 17, 50],
    "nIsInKU": [65],
    "nIsNotInKU": [35],
    "nReleases": [">10000"],
    "nLastThirtyReleases": ["194"],
    "nLastNinetyReleases": ["663"],
    "nPreorders": ["120"]
  },
  {
    "currentAnalysisName": ["X0036_lgbt_mystery_top100_7130633011_20190605.003941"],
    "analysisTimeString": ["20190605.003941"],
    "filenamesRoot": ["lgbt_mystery_top100"],
    "categoryLabel": ["Mystery: LGBT"],
    "pageLabel": ["Top 100"],
    "browseNodeID": ["7130633011"],
    "medianSalesRank": [47642],
    "medianNPages": [286],
    "priceBreaks": [0, 0.99, 1.99, 2.99, 3.99, 4.99, 16.15],
    "priceCounts": [12, 3, 13, 32, 16, 24],
    "nIsInKU": [71],
    "nIsNotInKU": [29],
    "nReleases": [">2000"],
    "nLastThirtyReleases": ["41"],
    "nLastNinetyReleases": ["103"],
    "nPreorders": ["                15"]
  },
  {
    "currentAnalysisName": ["X0036_police_procedurals_top100_157318011_20190605.004108"],
    "analysisTimeString": ["20190605.004108"],
    "filenamesRoot": ["police_procedurals_top100"],
    "categoryLabel": ["Police Procedurals"],
    "pageLabel": ["Top 100"],
    "browseNodeID": ["157318011"],
    "medianSalesRank": [917],
    "medianNPages": [338],
    "priceBreaks": [0, 0.99, 1.99, 2.99, 3.99, 4.99, 14.99],
    "priceCounts": [14, 24, 7, 10, 18, 27],
    "nIsInKU": [77],
    "nIsNotInKU": [23],
    "nReleases": [">20000"],
    "nLastThirtyReleases": ["413"],
    "nLastNinetyReleases": [">1000"],
    "nPreorders": ["183"]
  },
  {
    "currentAnalysisName": ["X0036_private_eyes_top100_6190477011_20190605.004247"],
    "analysisTimeString": ["20190605.004247"],
    "filenamesRoot": ["private_eyes_top100"],
    "categoryLabel": ["Private Investigators"],
    "pageLabel": ["Top 100"],
    "browseNodeID": ["6190477011"],
    "medianSalesRank": [3979],
    "medianNPages": [318],
    "priceBreaks": [0, 0.99, 1.99, 2.99, 3.99, 4.99, 14.99],
    "priceCounts": [12, 4, 8, 17, 18, 41],
    "nIsInKU": [57],
    "nIsNotInKU": [43],
    "nReleases": [">10000"],
    "nLastThirtyReleases": ["304"],
    "nLastNinetyReleases": ["841"],
    "nPreorders": ["103"]
  },
  {
    "currentAnalysisName": ["X0036_traditional_detectives_top100_157309011_20190605.004417"],
    "analysisTimeString": ["20190605.004417"],
    "filenamesRoot": ["traditional_detectives_top100"],
    "categoryLabel": ["Traditional Detectives"],
    "pageLabel": ["Top 100"],
    "browseNodeID": ["157309011"],
    "medianSalesRank": [5085],
    "medianNPages": [299],
    "priceBreaks": [0, 0.99, 1.99, 2.99, 3.99, 4.99, 14.99],
    "priceCounts": [8, 4, 19, 9, 22, 38],
    "nIsInKU": [61],
    "nIsNotInKU": [39],
    "nReleases": [">10000"],
    "nLastThirtyReleases": ["202"],
    "nLastNinetyReleases": ["523"],
    "nPreorders": ["75"]
  },
  {
    "currentAnalysisName": ["X0036_women_sleuths_top100_157317011_20190605.004532"],
    "analysisTimeString": ["20190605.004532"],
    "filenamesRoot": ["women_sleuths_top100"],
    "categoryLabel": ["Women Sleuths"],
    "pageLabel": ["Top 100"],
    "browseNodeID": ["157317011"],
    "medianSalesRank": [1059],
    "medianNPages": [337],
    "priceBreaks": [0, 0.99, 1.99, 2.99, 3.99, 4.99, 14.99],
    "priceCounts": [17, 18, 6, 2, 20, 37],
    "nIsInKU": [70],
    "nIsNotInKU": [30],
    "nReleases": [">30000"],
    "nLastThirtyReleases": ["512"],
    "nLastNinetyReleases": [">1000"],
    "nPreorders": ["358"]
  },
  {
    "currentAnalysisName": ["X0036_ghosts_top100_7130635011_20190605.004705"],
    "analysisTimeString": ["20190605.004705"],
    "filenamesRoot": ["ghosts_top100"],
    "categoryLabel": ["Suspense: Ghosts"],
    "pageLabel": ["Top 100"],
    "browseNodeID": ["7130635011"],
    "medianSalesRank": [10383],
    "medianNPages": [318],
    "priceBreaks": [0, 0.99, 1.99, 2.99, 3.99, 4.99, 34.99],
    "priceCounts": [13, 12, 9, 17, 19, 29],
    "nIsInKU": [67],
    "nIsNotInKU": [33],
    "nReleases": [">2000"],
    "nLastThirtyReleases": ["35"],
    "nLastNinetyReleases": ["88"],
    "nPreorders": ["                12"]
  },
  {
    "currentAnalysisName": ["X0036_suspense_horror_top100_7130636011_20190605.004831"],
    "analysisTimeString": ["20190605.004831"],
    "filenamesRoot": ["suspense_horror_top100"],
    "categoryLabel": ["Suspense: Horror"],
    "pageLabel": ["Top 100"],
    "browseNodeID": ["7130636011"],
    "medianSalesRank": [10147],
    "medianNPages": [348],
    "priceBreaks": [0, 0.99, 1.99, 2.99, 3.99, 4.99, 14.99],
    "priceCounts": [16, 1, 12, 16, 24, 31],
    "nIsInKU": [70],
    "nIsNotInKU": [30],
    "nReleases": [">6000"],
    "nLastThirtyReleases": ["77"],
    "nLastNinetyReleases": ["200"],
    "nPreorders": ["37"]
  },
  {
    "currentAnalysisName": ["X0036_suspense_occult_top100_7130637011_20190605.005023"],
    "analysisTimeString": ["20190605.005023"],
    "filenamesRoot": ["suspense_occult_top100"],
    "categoryLabel": ["Suspense: Occult"],
    "pageLabel": ["Top 100"],
    "browseNodeID": ["7130637011"],
    "medianSalesRank": [11455],
    "medianNPages": [338],
    "priceBreaks": [0, 0.99, 1.99, 2.99, 3.99, 4.99, 14.99],
    "priceCounts": [24, 8, 8, 18, 29, 13],
    "nIsInKU": [85],
    "nIsNotInKU": [15],
    "nReleases": [">2000"],
    "nLastThirtyReleases": ["40"],
    "nLastNinetyReleases": ["128"],
    "nPreorders": ["                16"]
  },
  {
    "currentAnalysisName": ["X0036_suspense_paranormal_top100_7130638011_20190605.005136"],
    "analysisTimeString": ["20190605.005136"],
    "filenamesRoot": ["suspense_paranormal_top100"],
    "categoryLabel": ["Suspense: Paranormal"],
    "pageLabel": ["Top 100"],
    "browseNodeID": ["7130638011"],
    "medianSalesRank": [2685],
    "medianNPages": [314],
    "priceBreaks": [0, 0.99, 1.99, 2.99, 3.99, 4.99, 14.99],
    "priceCounts": [20, 6, 10, 21, 25, 18],
    "nIsInKU": [76],
    "nIsNotInKU": [24],
    "nReleases": [">20000"],
    "nLastThirtyReleases": ["408"],
    "nLastNinetyReleases": [">1000"],
    "nPreorders": ["163"]
  },
  {
    "currentAnalysisName": ["X0036_suspense_political_top100_6190490011_20190605.005339"],
    "analysisTimeString": ["20190605.005339"],
    "filenamesRoot": ["suspense_political_top100"],
    "categoryLabel": ["Suspense: Political"],
    "pageLabel": ["Top 100"],
    "browseNodeID": ["6190490011"],
    "medianSalesRank": [2846],
    "medianNPages": [337],
    "priceBreaks": [0, 0.99, 1.99, 2.99, 3.99, 4.99, 15.39],
    "priceCounts": [2, 7, 5, 8, 36, 42],
    "nIsInKU": [74],
    "nIsNotInKU": [26],
    "nReleases": [">8000"],
    "nLastThirtyReleases": ["137"],
    "nLastNinetyReleases": ["341"],
    "nPreorders": ["55"]
  },
  {
    "currentAnalysisName": ["X0036_psychological_fiction_top100_6190491011_20190605.005503"],
    "analysisTimeString": ["20190605.005503"],
    "filenamesRoot": ["psychological_fiction_top100"],
    "categoryLabel": ["Psychological Fiction"],
    "pageLabel": ["Top 100"],
    "browseNodeID": ["6190491011"],
    "medianSalesRank": [1017],
    "medianNPages": [339],
    "priceBreaks": [0, 0.99, 1.99, 2.99, 3.99, 4.99, 14.99],
    "priceCounts": [7, 20, 10, 11, 15, 36],
    "nIsInKU": [52],
    "nIsNotInKU": [48],
    "nReleases": [">10000"],
    "nLastThirtyReleases": ["272"],
    "nLastNinetyReleases": ["772"],
    "nPreorders": ["200"]
  },
  {
    "currentAnalysisName": ["X0036_assassinations_top100_7130643011_20190605.005601"],
    "analysisTimeString": ["20190605.005601"],
    "filenamesRoot": ["assassinations_top100"],
    "categoryLabel": ["Thrillers: Assassinations"],
    "pageLabel": ["Top 100"],
    "browseNodeID": ["7130643011"],
    "medianSalesRank": [3067],
    "medianNPages": [336],
    "priceBreaks": [0, 0.99, 1.99, 2.99, 3.99, 4.99, 15.39],
    "priceCounts": [3, 10, 11, 10, 30, 36],
    "nIsInKU": [78],
    "nIsNotInKU": [22],
    "nReleases": [">4000"],
    "nLastThirtyReleases": ["51"],
    "nLastNinetyReleases": ["171"],
    "nPreorders": ["31"]
  },
  {
    "currentAnalysisName": ["X0036_conspiracies_top100_7130644011_20190605.005659"],
    "analysisTimeString": ["20190605.005659"],
    "filenamesRoot": ["conspiracies_top100"],
    "categoryLabel": ["Thrillers: Conspiracies"],
    "pageLabel": ["Top 100"],
    "browseNodeID": ["7130644011"],
    "medianSalesRank": [1893],
    "medianNPages": [385],
    "priceBreaks": [0, 0.99, 1.99, 2.99, 3.99, 4.99, 14.99],
    "priceCounts": [7, 11, 8, 11, 26, 37],
    "nIsInKU": [84],
    "nIsNotInKU": [16],
    "nReleases": [">6000"],
    "nLastThirtyReleases": ["63"],
    "nLastNinetyReleases": ["223"],
    "nPreorders": ["43"]
  },
  {
    "currentAnalysisName": ["X0036_thrillers_crime_top100_6361462011_20190605.005758"],
    "analysisTimeString": ["20190605.005758"],
    "filenamesRoot": ["thrillers_crime_top100"],
    "categoryLabel": ["Thrillers: Crime"],
    "pageLabel": ["Top 100"],
    "browseNodeID": ["6361462011"],
    "medianSalesRank": [772],
    "medianNPages": [334],
    "priceBreaks": [0, 0.99, 1.99, 2.99, 3.99, 4.99, 14.99],
    "priceCounts": [9, 25, 6, 12, 18, 29],
    "nIsInKU": [70],
    "nIsNotInKU": [30],
    "nReleases": [">30000"],
    "nLastThirtyReleases": ["704"],
    "nLastNinetyReleases": [">1000"],
    "nPreorders": ["312"]
  },
  {
    "currentAnalysisName": ["X0036_espionage_top100_157322011_20190605.005854"],
    "analysisTimeString": ["20190605.005854"],
    "filenamesRoot": ["espionage_top100"],
    "categoryLabel": ["Thrillers: Espionage"],
    "pageLabel": ["Top 100"],
    "browseNodeID": ["157322011"],
    "medianSalesRank": [2607],
    "medianNPages": [384],
    "priceBreaks": [0, 0.99, 1.99, 2.99, 3.99, 4.99, 69.99],
    "priceCounts": [2, 14, 4, 15, 20, 45],
    "nIsInKU": [73],
    "nIsNotInKU": [27],
    "nReleases": [">10000"],
    "nLastThirtyReleases": ["147"],
    "nLastNinetyReleases": ["438"],
    "nPreorders": ["90"]
  },
  {
    "currentAnalysisName": ["X0036_financial_top100_7130645011_20190605.005951"],
    "analysisTimeString": ["20190605.005951"],
    "filenamesRoot": ["financial_top100"],
    "categoryLabel": ["Thrillers: Financial"],
    "pageLabel": ["Top 100"],
    "browseNodeID": ["7130645011"],
    "medianSalesRank": [11774],
    "medianNPages": [330],
    "priceBreaks": [0, 0.99, 1.99, 2.99, 3.99, 4.99, 9.99],
    "priceCounts": [6, 1, 18, 25, 30, 20],
    "nIsInKU": [81],
    "nIsNotInKU": [19],
    "nReleases": [">1000"],
    "nLastThirtyReleases": ["                11"],
    "nLastNinetyReleases": ["52"],
    "nPreorders": ["                9"]
  },
  {
    "currentAnalysisName": ["X0036_thrillers_historical_top100_6361463011_20190605.010124"],
    "analysisTimeString": ["20190605.010124"],
    "filenamesRoot": ["thrillers_historical_top100"],
    "categoryLabel": ["Thrillers: Historical"],
    "pageLabel": ["Top 100"],
    "browseNodeID": ["6361463011"],
    "medianSalesRank": [8041],
    "medianNPages": [368],
    "priceBreaks": [0, 0.99, 1.99, 2.99, 3.99, 4.99, 14.99],
    "priceCounts": [19, 6, 12, 9, 17, 37],
    "nIsInKU": [56],
    "nIsNotInKU": [44],
    "nReleases": [">7000"],
    "nLastThirtyReleases": ["112"],
    "nLastNinetyReleases": ["309"],
    "nPreorders": ["49"]
  },
  {
    "currentAnalysisName": ["X0036_thrillers_legal_top100_157321011_20190605.010247"],
    "analysisTimeString": ["20190605.010247"],
    "filenamesRoot": ["thrillers_legal_top100"],
    "categoryLabel": ["Thrillers: Legal"],
    "pageLabel": ["Top 100"],
    "browseNodeID": ["157321011"],
    "medianSalesRank": [4247],
    "medianNPages": [368],
    "priceBreaks": [0, 0.99, 1.99, 2.99, 3.99, 4.99, 14.99],
    "priceCounts": [6, 11, 9, 10, 23, 41],
    "nIsInKU": [68],
    "nIsNotInKU": [32],
    "nReleases": [">6000"],
    "nLastThirtyReleases": ["108"],
    "nLastNinetyReleases": ["334"],
    "nPreorders": ["34"]
  },
  {
    "currentAnalysisName": ["X0036_thrillers_medical_top100_2225099011_20190605.010420"],
    "analysisTimeString": ["20190605.010420"],
    "filenamesRoot": ["thrillers_medical_top100"],
    "categoryLabel": ["Thrillers: Medical"],
    "pageLabel": ["Top 100"],
    "browseNodeID": ["2225099011"],
    "medianSalesRank": [13222],
    "medianNPages": [368],
    "priceBreaks": [0, 0.99, 1.99, 2.99, 3.99, 4.99, 14.99],
    "priceCounts": [3, 7, 8, 10, 32, 38],
    "nIsInKU": [68],
    "nIsNotInKU": [32],
    "nReleases": [">3000"],
    "nLastThirtyReleases": ["52"],
    "nLastNinetyReleases": ["135"],
    "nPreorders": ["21"]
  },
  {
    "currentAnalysisName": ["X0036_thrillers_military_top100_6361464011_20190605.010619"],
    "analysisTimeString": ["20190605.010619"],
    "filenamesRoot": ["thrillers_military_top100"],
    "categoryLabel": ["Thrillers: Military"],
    "pageLabel": ["Top 100"],
    "browseNodeID": ["6361464011"],
    "medianSalesRank": [4143],
    "medianNPages": [377],
    "priceBreaks": [0, 0.99, 1.99, 2.99, 3.99, 4.99, 15.39],
    "priceCounts": [13, 6, 13, 13, 14, 41],
    "nIsInKU": [64],
    "nIsNotInKU": [36],
    "nReleases": [">5000"],
    "nLastThirtyReleases": ["66"],
    "nLastNinetyReleases": ["216"],
    "nPreorders": ["47"]
  },
  {
    "currentAnalysisName": ["X0036_pulp_top100_7130646011_20190605.010744"],
    "analysisTimeString": ["20190605.010744"],
    "filenamesRoot": ["pulp_top100"],
    "categoryLabel": ["Thrillers:Pulp"],
    "pageLabel": ["Top 100"],
    "browseNodeID": ["7130646011"],
    "medianSalesRank": [5554],
    "medianNPages": [313],
    "priceBreaks": [0, 0.99, 1.99, 2.99, 3.99, 4.99, 9.99],
    "priceCounts": [12, 3, 12, 20, 36, 17],
    "nIsInKU": [97],
    "nIsNotInKU": [3],
    "nReleases": [">2000"],
    "nLastThirtyReleases": ["25"],
    "nLastNinetyReleases": ["104"],
    "nPreorders": ["24"]
  },
  {
    "currentAnalysisName": ["X0036_technothrillers_top100_157324011_20190605.010842"],
    "analysisTimeString": ["20190605.010842"],
    "filenamesRoot": ["technothrillers_top100"],
    "categoryLabel": ["Technothrillers"],
    "pageLabel": ["Top 100"],
    "browseNodeID": ["157324011"],
    "medianSalesRank": [5675],
    "medianNPages": [378],
    "priceBreaks": [0, 0.99, 1.99, 2.99, 3.99, 4.99, 16.99],
    "priceCounts": [2, 3, 7, 20, 18, 50],
    "nIsInKU": [78],
    "nIsNotInKU": [22],
    "nReleases": [">6000"],
    "nLastThirtyReleases": ["75"],
    "nLastNinetyReleases": ["215"],
    "nPreorders": ["43"]
  },
  {
    "currentAnalysisName": ["X0036_thrillers_terrorism_top100_7130647011_20190605.010944"],
    "analysisTimeString": ["20190605.010944"],
    "filenamesRoot": ["thrillers_terrorism_top100"],
    "categoryLabel": ["Thrillers:Terrorism"],
    "pageLabel": ["Top 100"],
    "browseNodeID": ["7130647011"],
    "medianSalesRank": [4922],
    "medianNPages": [378],
    "priceBreaks": [0, 0.99, 1.99, 2.99, 3.99, 4.99, 15.39],
    "priceCounts": [4, 8, 9, 10, 32, 37],
    "nIsInKU": [71],
    "nIsNotInKU": [29],
    "nReleases": [">5000"],
    "nLastThirtyReleases": ["46"],
    "nLastNinetyReleases": ["163"],
    "nPreorders": ["51"]
  }
]
