[
  {
    "currentAnalysisName": ["X0043_romance_top100_158566011_20190903.055208"],
    "analysisTimeString": ["20190903.055208"],
    "filenamesRoot": ["romance_top100"],
    "categoryLabel": ["Romance"],
    "pageLabel": ["Top 100"],
    "browseNodeID": ["158566011"],
    "medianSalesRank": [108],
    "medianNPages": [339],
    "priceBreaks": [0, 0.99, 1.99, 2.99, 3.99, 4.99, 14.99],
    "priceCounts": [88, 5, 1, 0, 1, 5],
    "nIsInKU": [86],
    "nIsNotInKU": [14],
    "nReleases": [">50000"],
    "nLastThirtyReleases": [">10000"],
    "nLastNinetyReleases": [">30000"],
    "nPreorders": [">4000"]
  },
  {
    "currentAnalysisName": ["X0043_african_american_top100_6190465011_20190903.055301"],
    "analysisTimeString": ["20190903.055301"],
    "filenamesRoot": ["african_american_top100"],
    "categoryLabel": ["African American"],
    "pageLabel": ["Top 100"],
    "browseNodeID": ["6190465011"],
    "medianSalesRank": [2904],
    "medianNPages": [206],
    "priceBreaks": [0, 0.99, 1.99, 2.99, 3.99, 4.99, 7.99],
    "priceCounts": [98, 0, 0, 0, 1, 1],
    "nIsInKU": [98],
    "nIsNotInKU": [2],
    "nReleases": [">10000"],
    "nLastThirtyReleases": ["288"],
    "nLastNinetyReleases": ["855"],
    "nPreorders": ["67"]
  },
  {
    "currentAnalysisName": ["X0043_clean_and_wholesome_top100_11650867011_20190903.055352"],
    "analysisTimeString": ["20190903.055352"],
    "filenamesRoot": ["clean_and_wholesome_top100"],
    "categoryLabel": ["Clean & Wholesome"],
    "pageLabel": ["Top 100"],
    "browseNodeID": ["11650867011"],
    "medianSalesRank": [3149],
    "medianNPages": [299],
    "priceBreaks": [0, 0.99, 1.99, 2.99, 3.99, 4.99, 12.99],
    "priceCounts": [37, 3, 14, 23, 6, 17],
    "nIsInKU": [86],
    "nIsNotInKU": [14],
    "nReleases": [">8000"],
    "nLastThirtyReleases": ["173"],
    "nLastNinetyReleases": ["537"],
    "nPreorders": ["165"]
  },
  {
    "currentAnalysisName": ["X0043_contemporary_top100_158568011_20190903.055445"],
    "analysisTimeString": ["20190903.055445"],
    "filenamesRoot": ["contemporary_top100"],
    "categoryLabel": ["Contemporary"],
    "pageLabel": ["Top 100"],
    "browseNodeID": ["158568011"],
    "medianSalesRank": [230],
    "medianNPages": [312],
    "priceBreaks": [0, 0.99, 1.99, 2.99, 3.99, 4.99, 14.99],
    "priceCounts": [88, 6, 0, 2, 1, 3],
    "nIsInKU": [88],
    "nIsNotInKU": [12],
    "nReleases": [">50000"],
    "nLastThirtyReleases": [">2000"],
    "nLastNinetyReleases": [">8000"],
    "nPreorders": [">1000"]
  },
  {
    "currentAnalysisName": ["X0043_gothic_top100_6487830011_20190903.055535"],
    "analysisTimeString": ["20190903.055535"],
    "filenamesRoot": ["gothic_top100"],
    "categoryLabel": ["Gothic"],
    "pageLabel": ["Top 100"],
    "browseNodeID": ["6487830011"],
    "medianSalesRank": [5124],
    "medianNPages": [266],
    "priceBreaks": [0, 0.99, 1.99, 2.99, 3.99, 4.99, 10.99],
    "priceCounts": [83, 0, 4, 3, 4, 6],
    "nIsInKU": [81],
    "nIsNotInKU": [19],
    "nReleases": [">3000"],
    "nLastThirtyReleases": ["65"],
    "nLastNinetyReleases": ["225"],
    "nPreorders": ["26"]
  },
  {
    "currentAnalysisName": ["X0043_historical_romance_top100_158571011_20190903.055628"],
    "analysisTimeString": ["20190903.055628"],
    "filenamesRoot": ["historical_romance_top100"],
    "categoryLabel": ["Historical Romance"],
    "pageLabel": ["Top 100"],
    "browseNodeID": ["158571011"],
    "medianSalesRank": [1663],
    "medianNPages": [350],
    "priceBreaks": [0, 0.99, 1.99, 2.99, 3.99, 4.99, 11.99],
    "priceCounts": [49, 9, 10, 14, 9, 9],
    "nIsInKU": [75],
    "nIsNotInKU": [25],
    "nReleases": [">50000"],
    "nLastThirtyReleases": ["922"],
    "nLastNinetyReleases": [">2000"],
    "nPreorders": ["453"]
  },
  {
    "currentAnalysisName": ["X0043_gay_romance_top100_6487829011_20190903.055720"],
    "analysisTimeString": ["20190903.055720"],
    "filenamesRoot": ["gay_romance_top100"],
    "categoryLabel": ["Gay Romance"],
    "pageLabel": ["Top 100"],
    "browseNodeID": ["6487829011"],
    "medianSalesRank": [3596],
    "medianNPages": [238],
    "priceBreaks": [0, 0.99, 1.99, 2.99, 3.99, 4.99, 9.99],
    "priceCounts": [3, 0, 20, 49, 26, 2],
    "nIsInKU": [93],
    "nIsNotInKU": [7],
    "nReleases": [">40000"],
    "nLastThirtyReleases": ["966"],
    "nLastNinetyReleases": [">2000"],
    "nPreorders": ["238"]
  },
  {
    "currentAnalysisName": ["X0043_lesbian_romance_top100_6487835011_20190903.055808"],
    "analysisTimeString": ["20190903.055808"],
    "filenamesRoot": ["lesbian_romance_top100"],
    "categoryLabel": ["Lesbian Romance"],
    "pageLabel": ["Top 100"],
    "browseNodeID": ["6487835011"],
    "medianSalesRank": [14342],
    "medianNPages": [244],
    "priceBreaks": [0, 0.99, 1.99, 2.99, 3.99, 4.99, 13.99],
    "priceCounts": [84, 1, 1, 2, 1, 11],
    "nIsInKU": [82],
    "nIsNotInKU": [18],
    "nReleases": [">10000"],
    "nLastThirtyReleases": ["390"],
    "nLastNinetyReleases": ["763"],
    "nPreorders": ["53"]
  },
  {
    "currentAnalysisName": ["X0043_bisexual_top100_10886542011_20190903.055858"],
    "analysisTimeString": ["20190903.055858"],
    "filenamesRoot": ["bisexual_top100"],
    "categoryLabel": ["Bisexual"],
    "pageLabel": ["Top 100"],
    "browseNodeID": ["10886542011"],
    "medianSalesRank": [10494],
    "medianNPages": [275],
    "priceBreaks": [0, 0.99, 1.99, 2.99, 3.99, 4.99, 12.99],
    "priceCounts": [14, 0, 22, 39, 20, 5],
    "nIsInKU": [87],
    "nIsNotInKU": [13],
    "nReleases": [">6000"],
    "nLastThirtyReleases": ["261"],
    "nLastNinetyReleases": ["572"],
    "nPreorders": ["57"]
  },
  {
    "currentAnalysisName": ["X0043_military_top100_6487836011_20190903.060125"],
    "analysisTimeString": ["20190903.060125"],
    "filenamesRoot": ["military_top100"],
    "categoryLabel": ["Military"],
    "pageLabel": ["Top 100"],
    "browseNodeID": ["6487836011"],
    "medianSalesRank": [1225],
    "medianNPages": [290],
    "priceBreaks": [0, 0.99, 1.99, 2.99, 3.99, 4.99, 9.99],
    "priceCounts": [26, 7, 22, 29, 11, 5],
    "nIsInKU": [84],
    "nIsNotInKU": [16],
    "nReleases": [">20000"],
    "nLastThirtyReleases": ["440"],
    "nLastNinetyReleases": [">1000"],
    "nPreorders": ["294"]
  },
  {
    "currentAnalysisName": ["X0043_mystery_and_suspense_top100_6487839011_20190903.060458"],
    "analysisTimeString": ["20190903.060458"],
    "filenamesRoot": ["mystery_and_suspense_top100"],
    "categoryLabel": ["Mystery & Suspense"],
    "pageLabel": ["Top 100"],
    "browseNodeID": ["6487839011"],
    "medianSalesRank": [465],
    "medianNPages": [321],
    "priceBreaks": [0, 0.99, 1.99, 2.99, 3.99, 4.99, 14.99],
    "priceCounts": [84, 2, 2, 0, 6, 6],
    "nIsInKU": [80],
    "nIsNotInKU": [20],
    "nReleases": [">50000"],
    "nLastThirtyReleases": [">1000"],
    "nLastNinetyReleases": [">3000"],
    "nPreorders": ["691"]
  },
  {
    "currentAnalysisName": ["X0043_new_adult_and_college_top100_6487838011_20190903.060548"],
    "analysisTimeString": ["20190903.060548"],
    "filenamesRoot": ["new_adult_and_college_top100"],
    "categoryLabel": ["New Adult & College"],
    "pageLabel": ["Top 100"],
    "browseNodeID": ["6487838011"],
    "medianSalesRank": [623],
    "medianNPages": [314],
    "priceBreaks": [0, 0.99, 1.99, 2.99, 3.99, 4.99, 9.99],
    "priceCounts": [98, 0, 0, 1, 0, 1],
    "nIsInKU": [97],
    "nIsNotInKU": [3],
    "nReleases": [">20000"],
    "nLastThirtyReleases": ["369"],
    "nLastNinetyReleases": [">1000"],
    "nPreorders": ["196"]
  },
  {
    "currentAnalysisName": ["X0043_paranormal_top100_6190484011_20190903.060753"],
    "analysisTimeString": ["20190903.060753"],
    "filenamesRoot": ["paranormal_top100"],
    "categoryLabel": ["Paranormal"],
    "pageLabel": ["Top 100"],
    "browseNodeID": ["6190484011"],
    "medianSalesRank": [658],
    "medianNPages": [292],
    "priceBreaks": [0, 0.99, 1.99, 2.99, 3.99, 4.99, 13.99],
    "priceCounts": [91, 0, 1, 2, 1, 5],
    "nIsInKU": [89],
    "nIsNotInKU": [11],
    "nReleases": [">50000"],
    "nLastThirtyReleases": ["873"],
    "nLastNinetyReleases": [">2000"],
    "nPreorders": ["615"]
  },
  {
    "currentAnalysisName": ["X0043_romantic_comedy_top100_6487841011_20190903.061119"],
    "analysisTimeString": ["20190903.061119"],
    "filenamesRoot": ["romantic_comedy_top100"],
    "categoryLabel": ["Romantic Comedy"],
    "pageLabel": ["Top 100"],
    "browseNodeID": ["6487841011"],
    "medianSalesRank": [442],
    "medianNPages": [320],
    "priceBreaks": [0, 0.99, 1.99, 2.99, 3.99, 4.99, 13.99],
    "priceCounts": [90, 2, 2, 2, 1, 3],
    "nIsInKU": [86],
    "nIsNotInKU": [14],
    "nReleases": [">50000"],
    "nLastThirtyReleases": [">1000"],
    "nLastNinetyReleases": [">3000"],
    "nPreorders": ["561"]
  },
  {
    "currentAnalysisName": ["X0043_science_fiction_top100_6401744011_20190903.061844"],
    "analysisTimeString": ["20190903.061844"],
    "filenamesRoot": ["science_fiction_top100"],
    "categoryLabel": ["Science Fiction"],
    "pageLabel": ["Top 100"],
    "browseNodeID": ["6401744011"],
    "medianSalesRank": [1703],
    "medianNPages": [289],
    "priceBreaks": [0, 0.99, 1.99, 2.99, 3.99, 4.99, 14.99],
    "priceCounts": [83, 3, 2, 2, 3, 7],
    "nIsInKU": [82],
    "nIsNotInKU": [18],
    "nReleases": [">10000"],
    "nLastThirtyReleases": ["280"],
    "nLastNinetyReleases": ["737"],
    "nPreorders": ["147"]
  },
  {
    "currentAnalysisName": ["X0043_sports_top100_6487842011_20190903.062144"],
    "analysisTimeString": ["20190903.062144"],
    "filenamesRoot": ["sports_top100"],
    "categoryLabel": ["Sports"],
    "pageLabel": ["Top 100"],
    "browseNodeID": ["6487842011"],
    "medianSalesRank": [795],
    "medianNPages": [306],
    "priceBreaks": [0, 0.99, 1.99, 2.99, 3.99, 4.99, 9.99],
    "priceCounts": [24, 2, 16, 38, 18, 2],
    "nIsInKU": [92],
    "nIsNotInKU": [8],
    "nReleases": [">10000"],
    "nLastThirtyReleases": ["293"],
    "nLastNinetyReleases": ["756"],
    "nPreorders": ["139"]
  },
  {
    "currentAnalysisName": ["X0043_westerns_top100_6190489011_20190903.062231"],
    "analysisTimeString": ["20190903.062231"],
    "filenamesRoot": ["westerns_top100"],
    "categoryLabel": ["Westerns"],
    "pageLabel": ["Top 100"],
    "browseNodeID": ["6190489011"],
    "medianSalesRank": [2761],
    "medianNPages": [267],
    "priceBreaks": [0, 0.99, 1.99, 2.99, 3.99, 4.99, 6.99],
    "priceCounts": [88, 4, 0, 4, 3, 1],
    "nIsInKU": [86],
    "nIsNotInKU": [14],
    "nReleases": [">20000"],
    "nLastThirtyReleases": ["308"],
    "nLastNinetyReleases": ["899"],
    "nPreorders": ["203"]
  }
]
