[
  {
    "currentAnalysisName": ["X0027_m_t_s_top100_157305011_20190104.022812"],
    "analysisTimeString": ["20190104.022812"],
    "filenamesRoot": ["m_t_s_top100"],
    "categoryLabel": ["Mystery, Thriller & Suspense"],
    "pageLabel": ["Top 100"],
    "browseNodeID": ["157305011"],
    "medianSalesRank": [178],
    "medianNPages": [354],
    "priceBreaks": [0, 0.99, 1.99, 2.99, 3.99, 4.99, 14.99],
    "priceCounts": [14, 26, 9, 14, 13, 24],
    "nIsInKU": [57],
    "nIsNotInKU": [43],
    "nReleases": [">50000"],
    "nLastThirtyReleases": [">6000"],
    "nLastNinetyReleases": [">10000"],
    "nPreorders": [">1000"]
  },
  {
    "currentAnalysisName": ["X0027_heist_top100_7130623011_20190104.023034"],
    "analysisTimeString": ["20190104.023034"],
    "filenamesRoot": ["heist_top100"],
    "categoryLabel": ["Heist"],
    "pageLabel": ["Top 100"],
    "browseNodeID": ["7130623011"],
    "medianSalesRank": [11901],
    "medianNPages": [262],
    "priceBreaks": [0, 0.99, 1.99, 2.99, 3.99, 4.99, 12.99],
    "priceCounts": [11, 2, 29, 33, 11, 14],
    "nIsInKU": [85],
    "nIsNotInKU": [15],
    "nReleases": [">2000"],
    "nLastThirtyReleases": ["27"],
    "nLastNinetyReleases": ["108"],
    "nPreorders": ["12"]
  },
  {
    "currentAnalysisName": ["X0027_kidnapping_top100_7151518011_20190104.023222"],
    "analysisTimeString": ["20190104.023222"],
    "filenamesRoot": ["kidnapping_top100"],
    "categoryLabel": ["Kidnapping"],
    "pageLabel": ["Top 100"],
    "browseNodeID": ["7151518011"],
    "medianSalesRank": [4972],
    "medianNPages": [310],
    "priceBreaks": [0, 0.99, 1.99, 2.99, 3.99, 4.99, 14.99],
    "priceCounts": [18, 5, 14, 28, 23, 12],
    "nIsInKU": [93],
    "nIsNotInKU": [7],
    "nReleases": [">2000"],
    "nLastThirtyReleases": ["31"],
    "nLastNinetyReleases": ["107"],
    "nPreorders": ["20"]
  },
  {
    "currentAnalysisName": ["X0027_murder_top100_7130624011_20190104.023345"],
    "analysisTimeString": ["20190104.023345"],
    "filenamesRoot": ["murder_top100"],
    "categoryLabel": ["Murder"],
    "pageLabel": ["Top 100"],
    "browseNodeID": ["7130624011"],
    "medianSalesRank": [1209],
    "medianNPages": [336],
    "priceBreaks": [0, 0.99, 1.99, 2.99, 3.99, 4.99, 14.99],
    "priceCounts": [16, 9, 11, 13, 28, 23],
    "nIsInKU": [76],
    "nIsNotInKU": [24],
    "nReleases": [">10000"],
    "nLastThirtyReleases": ["191"],
    "nLastNinetyReleases": ["637"],
    "nPreorders": ["93"]
  },
  {
    "currentAnalysisName": ["X0027_noir_top100_7130625011_20190104.023710"],
    "analysisTimeString": ["20190104.023710"],
    "filenamesRoot": ["noir_top100"],
    "categoryLabel": ["Noir"],
    "pageLabel": ["Top 100"],
    "browseNodeID": ["7130625011"],
    "medianSalesRank": [7083],
    "medianNPages": [300],
    "priceBreaks": [0, 0.99, 1.99, 2.99, 3.99, 4.99, 14.99],
    "priceCounts": [21, 5, 19, 14, 30, 11],
    "nIsInKU": [74],
    "nIsNotInKU": [26],
    "nReleases": [">4000"],
    "nLastThirtyReleases": ["58"],
    "nLastNinetyReleases": ["221"],
    "nPreorders": ["36"]
  },
  {
    "currentAnalysisName": ["X0027_organized_crime_top100_7130626011_20190104.023908"],
    "analysisTimeString": ["20190104.023908"],
    "filenamesRoot": ["organized_crime_top100"],
    "categoryLabel": ["Organized Crime"],
    "pageLabel": ["Top 100"],
    "browseNodeID": ["7130626011"],
    "medianSalesRank": [7944],
    "medianNPages": [272],
    "priceBreaks": [0, 0.99, 1.99, 2.99, 3.99, 4.99, 9.99],
    "priceCounts": [16, 2, 26, 31, 14, 11],
    "nIsInKU": [81],
    "nIsNotInKU": [19],
    "nReleases": [">3000"],
    "nLastThirtyReleases": ["59"],
    "nLastNinetyReleases": ["190"],
    "nPreorders": ["31"]
  },
  {
    "currentAnalysisName": ["X0027_serial_killers_top100_7130627011_20190104.024158"],
    "analysisTimeString": ["20190104.024158"],
    "filenamesRoot": ["serial_killers_top100"],
    "categoryLabel": ["Serial Killers"],
    "pageLabel": ["Top 100"],
    "browseNodeID": ["7130627011"],
    "medianSalesRank": [2438],
    "medianNPages": [315],
    "priceBreaks": [0, 0.99, 1.99, 2.99, 3.99, 4.99, 14.99],
    "priceCounts": [23, 9, 14, 11, 24, 19],
    "nIsInKU": [86],
    "nIsNotInKU": [14],
    "nReleases": [">3000"],
    "nLastThirtyReleases": ["58"],
    "nLastNinetyReleases": ["179"],
    "nPreorders": ["37"]
  },
  {
    "currentAnalysisName": ["X0027_vigilante_justice_top100_7130628011_20190104.024325"],
    "analysisTimeString": ["20190104.024325"],
    "filenamesRoot": ["vigilante_justice_top100"],
    "categoryLabel": ["Vigilante Justice"],
    "pageLabel": ["Top 100"],
    "browseNodeID": ["7130628011"],
    "medianSalesRank": [4091],
    "medianNPages": [300],
    "priceBreaks": [0, 0.99, 1.99, 2.99, 3.99, 4.99, 9.99],
    "priceCounts": [14, 1, 9, 20, 45, 11],
    "nIsInKU": [92],
    "nIsNotInKU": [8],
    "nReleases": [">1000"],
    "nLastThirtyReleases": ["38"],
    "nLastNinetyReleases": ["129"],
    "nPreorders": ["20"]
  },
  {
    "currentAnalysisName": ["X0027_m_t_s_a_a_top100_6190464011_20190104.024657"],
    "analysisTimeString": ["20190104.024657"],
    "filenamesRoot": ["m_t_s_a_a_top100"],
    "categoryLabel": ["Mystery: African American"],
    "pageLabel": ["Top 100"],
    "browseNodeID": ["6190464011"],
    "medianSalesRank": [21706],
    "medianNPages": [255],
    "priceBreaks": [0, 0.99, 1.99, 2.99, 3.99, 4.99, 13.99],
    "priceCounts": [34, 5, 19, 21, 7, 14],
    "nIsInKU": [83],
    "nIsNotInKU": [17],
    "nReleases": [">2000"],
    "nLastThirtyReleases": ["62"],
    "nLastNinetyReleases": ["211"],
    "nPreorders": ["12"]
  },
  {
    "currentAnalysisName": ["X0027_cozy_mystery_top100_6190476011_20190104.024813"],
    "analysisTimeString": ["20190104.024813"],
    "filenamesRoot": ["cozy_mystery_top100"],
    "categoryLabel": ["Mystery: Cozy"],
    "pageLabel": ["Top 100"],
    "browseNodeID": ["6190476011"],
    "medianSalesRank": [2389],
    "medianNPages": [258],
    "priceBreaks": [0, 0.99, 1.99, 2.99, 3.99, 4.99, 14.99],
    "priceCounts": [31, 10, 20, 17, 13, 9],
    "nIsInKU": [85],
    "nIsNotInKU": [15],
    "nReleases": [">20000"],
    "nLastThirtyReleases": ["408"],
    "nLastNinetyReleases": [">1000"],
    "nPreorders": ["239"]
  },
  {
    "currentAnalysisName": ["X0027_hardboiled_mystery_top100_157312011_20190104.024955"],
    "analysisTimeString": ["20190104.024955"],
    "filenamesRoot": ["hardboiled_mystery_top100"],
    "categoryLabel": ["Mystery: Hard-Boiled"],
    "pageLabel": ["Top 100"],
    "browseNodeID": ["157312011"],
    "medianSalesRank": [7278],
    "medianNPages": [316],
    "priceBreaks": [0, 0.99, 1.99, 2.99, 3.99, 4.99, 13.99],
    "priceCounts": [14, 1, 6, 18, 41, 20],
    "nIsInKU": [80],
    "nIsNotInKU": [20],
    "nReleases": [">10000"],
    "nLastThirtyReleases": ["229"],
    "nLastNinetyReleases": ["749"],
    "nPreorders": ["63"]
  },
  {
    "currentAnalysisName": ["X0027_historical_mystery_top100_157313011_20190104.025221"],
    "analysisTimeString": ["20190104.025221"],
    "filenamesRoot": ["historical_mystery_top100"],
    "categoryLabel": ["Mystery: Historical"],
    "pageLabel": ["Top 100"],
    "browseNodeID": ["157313011"],
    "medianSalesRank": [6507],
    "medianNPages": [313],
    "priceBreaks": [0, 0.99, 1.99, 2.99, 3.99, 4.99, 15.99],
    "priceCounts": [11, 20, 12, 7, 24, 26],
    "nIsInKU": [63],
    "nIsNotInKU": [37],
    "nReleases": [">10000"],
    "nLastThirtyReleases": ["234"],
    "nLastNinetyReleases": ["660"],
    "nPreorders": ["80"]
  },
  {
    "currentAnalysisName": ["X0027_international_mystery_top100_6361461011_20190104.025350"],
    "analysisTimeString": ["20190104.025350"],
    "filenamesRoot": ["international_mystery_top100"],
    "categoryLabel": ["Mystery: International"],
    "pageLabel": ["Top 100"],
    "browseNodeID": ["6361461011"],
    "medianSalesRank": [2706],
    "medianNPages": [357],
    "priceBreaks": [0, 0.99, 1.99, 2.99, 3.99, 4.99, 14.99],
    "priceCounts": [12, 7, 5, 9, 28, 39],
    "nIsInKU": [64],
    "nIsNotInKU": [36],
    "nReleases": [">10000"],
    "nLastThirtyReleases": ["207"],
    "nLastNinetyReleases": ["762"],
    "nPreorders": ["95"]
  },
  {
    "currentAnalysisName": ["X0027_lgbt_mystery_top100_7130633011_20190104.025550"],
    "analysisTimeString": ["20190104.025550"],
    "filenamesRoot": ["lgbt_mystery_top100"],
    "categoryLabel": ["Mystery: LGBT"],
    "pageLabel": ["Top 100"],
    "browseNodeID": ["7130633011"],
    "medianSalesRank": [68082],
    "medianNPages": [260],
    "priceBreaks": [0, 0.99, 1.99, 2.99, 3.99, 4.99, 12.99],
    "priceCounts": [8, 0, 27, 26, 6, 33],
    "nIsInKU": [62],
    "nIsNotInKU": [38],
    "nReleases": [">2000"],
    "nLastThirtyReleases": ["20"],
    "nLastNinetyReleases": ["81"],
    "nPreorders": ["5"]
  },
  {
    "currentAnalysisName": ["X0027_police_procedurals_top100_157318011_20190104.025710"],
    "analysisTimeString": ["20190104.025710"],
    "filenamesRoot": ["police_procedurals_top100"],
    "categoryLabel": ["Police Procedurals"],
    "pageLabel": ["Top 100"],
    "browseNodeID": ["157318011"],
    "medianSalesRank": [863],
    "medianNPages": [344],
    "priceBreaks": [0, 0.99, 1.99, 2.99, 3.99, 4.99, 14.99],
    "priceCounts": [12, 22, 16, 14, 15, 21],
    "nIsInKU": [75],
    "nIsNotInKU": [25],
    "nReleases": [">20000"],
    "nLastThirtyReleases": ["322"],
    "nLastNinetyReleases": [">1000"],
    "nPreorders": ["167"]
  },
  {
    "currentAnalysisName": ["X0027_private_eyes_top100_6190477011_20190104.030027"],
    "analysisTimeString": ["20190104.030027"],
    "filenamesRoot": ["private_eyes_top100"],
    "categoryLabel": ["Private Investigators"],
    "pageLabel": ["Top 100"],
    "browseNodeID": ["6190477011"],
    "medianSalesRank": [4454],
    "medianNPages": [317],
    "priceBreaks": [0, 0.99, 1.99, 2.99, 3.99, 4.99, 14.99],
    "priceCounts": [10, 8, 9, 13, 15, 44],
    "nIsInKU": [61],
    "nIsNotInKU": [39],
    "nReleases": [">10000"],
    "nLastThirtyReleases": ["267"],
    "nLastNinetyReleases": ["874"],
    "nPreorders": ["78"]
  },
  {
    "currentAnalysisName": ["X0027_traditional_detectives_top100_157309011_20190104.030209"],
    "analysisTimeString": ["20190104.030209"],
    "filenamesRoot": ["traditional_detectives_top100"],
    "categoryLabel": ["Traditional Detectives"],
    "pageLabel": ["Top 100"],
    "browseNodeID": ["157309011"],
    "medianSalesRank": [4881],
    "medianNPages": [270],
    "priceBreaks": [0, 0.99, 1.99, 2.99, 3.99, 4.99, 14.99],
    "priceCounts": [16, 15, 20, 10, 17, 22],
    "nIsInKU": [61],
    "nIsNotInKU": [39],
    "nReleases": [">10000"],
    "nLastThirtyReleases": ["164"],
    "nLastNinetyReleases": ["512"],
    "nPreorders": ["55"]
  },
  {
    "currentAnalysisName": ["X0027_women_sleuths_top100_157317011_20190104.030744"],
    "analysisTimeString": ["20190104.030744"],
    "filenamesRoot": ["women_sleuths_top100"],
    "categoryLabel": ["Women Sleuths"],
    "pageLabel": ["Top 100"],
    "browseNodeID": ["157317011"],
    "medianSalesRank": [960],
    "medianNPages": [334],
    "priceBreaks": [0, 0.99, 1.99, 2.99, 3.99, 4.99, 14.99],
    "priceCounts": [14, 28, 11, 13, 11, 23],
    "nIsInKU": [84],
    "nIsNotInKU": [16],
    "nReleases": [">30000"],
    "nLastThirtyReleases": ["357"],
    "nLastNinetyReleases": [">1000"],
    "nPreorders": ["284"]
  },
  {
    "currentAnalysisName": ["X0027_ghosts_top100_7130635011_20190104.030914"],
    "analysisTimeString": ["20190104.030914"],
    "filenamesRoot": ["ghosts_top100"],
    "categoryLabel": ["Suspense: Ghosts"],
    "pageLabel": ["Top 100"],
    "browseNodeID": ["7130635011"],
    "medianSalesRank": [12282],
    "medianNPages": [320],
    "priceBreaks": [0, 0.99, 1.99, 2.99, 3.99, 4.99, 14.99],
    "priceCounts": [14, 5, 11, 22, 20, 27],
    "nIsInKU": [72],
    "nIsNotInKU": [28],
    "nReleases": [">2000"],
    "nLastThirtyReleases": ["34"],
    "nLastNinetyReleases": ["92"],
    "nPreorders": ["10"]
  },
  {
    "currentAnalysisName": ["X0027_suspense_horror_top100_7130636011_20190104.031120"],
    "analysisTimeString": ["20190104.031120"],
    "filenamesRoot": ["suspense_horror_top100"],
    "categoryLabel": ["Suspense: Horror"],
    "pageLabel": ["Top 100"],
    "browseNodeID": ["7130636011"],
    "medianSalesRank": [8168],
    "medianNPages": [346],
    "priceBreaks": [0, 0.99, 1.99, 2.99, 3.99, 4.99, 14.99],
    "priceCounts": [14, 8, 14, 20, 18, 26],
    "nIsInKU": [68],
    "nIsNotInKU": [32],
    "nReleases": [">5000"],
    "nLastThirtyReleases": ["96"],
    "nLastNinetyReleases": ["291"],
    "nPreorders": ["25"]
  },
  {
    "currentAnalysisName": ["X0027_suspense_occult_top100_7130637011_20190104.031313"],
    "analysisTimeString": ["20190104.031313"],
    "filenamesRoot": ["suspense_occult_top100"],
    "categoryLabel": ["Suspense: Occult"],
    "pageLabel": ["Top 100"],
    "browseNodeID": ["7130637011"],
    "medianSalesRank": [11312],
    "medianNPages": [339],
    "priceBreaks": [0, 0.99, 1.99, 2.99, 3.99, 4.99, 14.99],
    "priceCounts": [12, 8, 10, 18, 29, 23],
    "nIsInKU": [80],
    "nIsNotInKU": [20],
    "nReleases": [">2000"],
    "nLastThirtyReleases": ["39"],
    "nLastNinetyReleases": ["126"],
    "nPreorders": ["21"]
  },
  {
    "currentAnalysisName": ["X0027_suspense_paranormal_top100_7130638011_20190104.031458"],
    "analysisTimeString": ["20190104.031458"],
    "filenamesRoot": ["suspense_paranormal_top100"],
    "categoryLabel": ["Suspense: Paranormal"],
    "pageLabel": ["Top 100"],
    "browseNodeID": ["7130638011"],
    "medianSalesRank": [2101],
    "medianNPages": [321],
    "priceBreaks": [0, 0.99, 1.99, 2.99, 3.99, 4.99, 14.99],
    "priceCounts": [24, 10, 10, 30, 13, 13],
    "nIsInKU": [82],
    "nIsNotInKU": [18],
    "nReleases": [">10000"],
    "nLastThirtyReleases": ["375"],
    "nLastNinetyReleases": [">1000"],
    "nPreorders": ["137"]
  },
  {
    "currentAnalysisName": ["X0027_suspense_political_top100_6190490011_20190104.031623"],
    "analysisTimeString": ["20190104.031623"],
    "filenamesRoot": ["suspense_political_top100"],
    "categoryLabel": ["Suspense: Political"],
    "pageLabel": ["Top 100"],
    "browseNodeID": ["6190490011"],
    "medianSalesRank": [3250],
    "medianNPages": [348],
    "priceBreaks": [0, 0.99, 1.99, 2.99, 3.99, 4.99, 14.99],
    "priceCounts": [7, 5, 6, 9, 43, 30],
    "nIsInKU": [78],
    "nIsNotInKU": [22],
    "nReleases": [">7000"],
    "nLastThirtyReleases": ["107"],
    "nLastNinetyReleases": ["358"],
    "nPreorders": ["53"]
  },
  {
    "currentAnalysisName": ["X0027_psychological_fiction_top100_6190491011_20190104.031957"],
    "analysisTimeString": ["20190104.031957"],
    "filenamesRoot": ["psychological_fiction_top100"],
    "categoryLabel": ["Psychological Fiction"],
    "pageLabel": ["Top 100"],
    "browseNodeID": ["6190491011"],
    "medianSalesRank": [1078],
    "medianNPages": [337],
    "priceBreaks": [0, 0.99, 1.99, 2.99, 3.99, 4.99, 14.99],
    "priceCounts": [11, 22, 7, 12, 12, 35],
    "nIsInKU": [50],
    "nIsNotInKU": [50],
    "nReleases": [">10000"],
    "nLastThirtyReleases": ["167"],
    "nLastNinetyReleases": ["636"],
    "nPreorders": ["154"]
  },
  {
    "currentAnalysisName": ["X0027_assassinations_top100_7130643011_20190104.032122"],
    "analysisTimeString": ["20190104.032122"],
    "filenamesRoot": ["assassinations_top100"],
    "categoryLabel": ["Thrillers: Assassinations"],
    "pageLabel": ["Top 100"],
    "browseNodeID": ["7130643011"],
    "medianSalesRank": [4446],
    "medianNPages": [358],
    "priceBreaks": [0, 0.99, 1.99, 2.99, 3.99, 4.99, 14.99],
    "priceCounts": [8, 2, 6, 7, 45, 32],
    "nIsInKU": [68],
    "nIsNotInKU": [32],
    "nReleases": [">4000"],
    "nLastThirtyReleases": ["35"],
    "nLastNinetyReleases": ["151"],
    "nPreorders": ["37"]
  },
  {
    "currentAnalysisName": ["X0027_conspiracies_top100_7130644011_20190104.032248"],
    "analysisTimeString": ["20190104.032248"],
    "filenamesRoot": ["conspiracies_top100"],
    "categoryLabel": ["Thrillers: Conspiracies"],
    "pageLabel": ["Top 100"],
    "browseNodeID": ["7130644011"],
    "medianSalesRank": [2346],
    "medianNPages": [350],
    "priceBreaks": [0, 0.99, 1.99, 2.99, 3.99, 4.99, 14.99],
    "priceCounts": [9, 3, 8, 14, 37, 29],
    "nIsInKU": [83],
    "nIsNotInKU": [17],
    "nReleases": [">5000"],
    "nLastThirtyReleases": ["50"],
    "nLastNinetyReleases": ["207"],
    "nPreorders": ["37"]
  },
  {
    "currentAnalysisName": ["X0027_thrillers_crime_top100_6361462011_20190104.032432"],
    "analysisTimeString": ["20190104.032432"],
    "filenamesRoot": ["thrillers_crime_top100"],
    "categoryLabel": ["Thrillers: Crime"],
    "pageLabel": ["Top 100"],
    "browseNodeID": ["6361462011"],
    "medianSalesRank": [865],
    "medianNPages": [348],
    "priceBreaks": [0, 0.99, 1.99, 2.99, 3.99, 4.99, 14.99],
    "priceCounts": [12, 13, 9, 17, 22, 26],
    "nIsInKU": [69],
    "nIsNotInKU": [31],
    "nReleases": [">30000"],
    "nLastThirtyReleases": ["546"],
    "nLastNinetyReleases": [">1000"],
    "nPreorders": ["295"]
  },
  {
    "currentAnalysisName": ["X0027_espionage_top100_157322011_20190104.032647"],
    "analysisTimeString": ["20190104.032647"],
    "filenamesRoot": ["espionage_top100"],
    "categoryLabel": ["Thrillers: Espionage"],
    "pageLabel": ["Top 100"],
    "browseNodeID": ["157322011"],
    "medianSalesRank": [3173],
    "medianNPages": [356],
    "priceBreaks": [0, 0.99, 1.99, 2.99, 3.99, 4.99, 14.99],
    "priceCounts": [5, 5, 7, 19, 29, 35],
    "nIsInKU": [72],
    "nIsNotInKU": [28],
    "nReleases": [">10000"],
    "nLastThirtyReleases": ["165"],
    "nLastNinetyReleases": ["493"],
    "nPreorders": ["58"]
  },
  {
    "currentAnalysisName": ["X0027_financial_top100_7130645011_20190104.032812"],
    "analysisTimeString": ["20190104.032812"],
    "filenamesRoot": ["financial_top100"],
    "categoryLabel": ["Thrillers: Financial"],
    "pageLabel": ["Top 100"],
    "browseNodeID": ["7130645011"],
    "medianSalesRank": [10931],
    "medianNPages": [332],
    "priceBreaks": [0, 0.99, 1.99, 2.99, 3.99, 4.99, 9.99],
    "priceCounts": [6, 3, 25, 14, 40, 12],
    "nIsInKU": [72],
    "nIsNotInKU": [28],
    "nReleases": [">1000"],
    "nLastThirtyReleases": ["17"],
    "nLastNinetyReleases": ["57"],
    "nPreorders": ["6"]
  },
  {
    "currentAnalysisName": ["X0027_thrillers_historical_top100_6361463011_20190104.033007"],
    "analysisTimeString": ["20190104.033007"],
    "filenamesRoot": ["thrillers_historical_top100"],
    "categoryLabel": ["Thrillers: Historical"],
    "pageLabel": ["Top 100"],
    "browseNodeID": ["6361463011"],
    "medianSalesRank": [10646],
    "medianNPages": [353],
    "priceBreaks": [0, 0.99, 1.99, 2.99, 3.99, 4.99, 15.99],
    "priceCounts": [9, 11, 18, 4, 15, 42],
    "nIsInKU": [53],
    "nIsNotInKU": [47],
    "nReleases": [">7000"],
    "nLastThirtyReleases": ["96"],
    "nLastNinetyReleases": ["371"],
    "nPreorders": ["36"]
  },
  {
    "currentAnalysisName": ["X0027_thrillers_legal_top100_157321011_20190104.033135"],
    "analysisTimeString": ["20190104.033135"],
    "filenamesRoot": ["thrillers_legal_top100"],
    "categoryLabel": ["Thrillers: Legal"],
    "pageLabel": ["Top 100"],
    "browseNodeID": ["157321011"],
    "medianSalesRank": [4105],
    "medianNPages": [342],
    "priceBreaks": [0, 0.99, 1.99, 2.99, 3.99, 4.99, 14.99],
    "priceCounts": [11, 13, 14, 8, 28, 25],
    "nIsInKU": [74],
    "nIsNotInKU": [26],
    "nReleases": [">6000"],
    "nLastThirtyReleases": ["155"],
    "nLastNinetyReleases": ["789"],
    "nPreorders": ["23"]
  },
  {
    "currentAnalysisName": ["X0027_thrillers_medical_top100_2225099011_20190104.033253"],
    "analysisTimeString": ["20190104.033253"],
    "filenamesRoot": ["thrillers_medical_top100"],
    "categoryLabel": ["Thrillers: Medical"],
    "pageLabel": ["Top 100"],
    "browseNodeID": ["2225099011"],
    "medianSalesRank": [15008],
    "medianNPages": [355],
    "priceBreaks": [0, 0.99, 1.99, 2.99, 3.99, 4.99, 14.99],
    "priceCounts": [4, 8, 17, 15, 18, 37],
    "nIsInKU": [57],
    "nIsNotInKU": [43],
    "nReleases": [">3000"],
    "nLastThirtyReleases": ["30"],
    "nLastNinetyReleases": ["119"],
    "nPreorders": ["29"]
  },
  {
    "currentAnalysisName": ["X0027_thrillers_military_top100_6361464011_20190104.033418"],
    "analysisTimeString": ["20190104.033418"],
    "filenamesRoot": ["thrillers_military_top100"],
    "categoryLabel": ["Thrillers: Military"],
    "pageLabel": ["Top 100"],
    "browseNodeID": ["6361464011"],
    "medianSalesRank": [4383],
    "medianNPages": [348],
    "priceBreaks": [0, 0.99, 1.99, 2.99, 3.99, 4.99, 14.99],
    "priceCounts": [9, 4, 6, 14, 28, 39],
    "nIsInKU": [66],
    "nIsNotInKU": [34],
    "nReleases": [">5000"],
    "nLastThirtyReleases": ["59"],
    "nLastNinetyReleases": ["213"],
    "nPreorders": ["36"]
  },
  {
    "currentAnalysisName": ["X0027_pulp_top100_7130646011_20190104.033636"],
    "analysisTimeString": ["20190104.033636"],
    "filenamesRoot": ["pulp_top100"],
    "categoryLabel": ["Thrillers:Pulp"],
    "pageLabel": ["Top 100"],
    "browseNodeID": ["7130646011"],
    "medianSalesRank": [5445],
    "medianNPages": [314],
    "priceBreaks": [0, 0.99, 1.99, 2.99, 3.99, 4.99, 9.99],
    "priceCounts": [13, 1, 13, 14, 52, 7],
    "nIsInKU": [95],
    "nIsNotInKU": [5],
    "nReleases": [">2000"],
    "nLastThirtyReleases": ["34"],
    "nLastNinetyReleases": ["109"],
    "nPreorders": ["14"]
  },
  {
    "currentAnalysisName": ["X0027_technothrillers_top100_157324011_20190104.033842"],
    "analysisTimeString": ["20190104.033842"],
    "filenamesRoot": ["technothrillers_top100"],
    "categoryLabel": ["Technothrillers"],
    "pageLabel": ["Top 100"],
    "browseNodeID": ["157324011"],
    "medianSalesRank": [3984],
    "medianNPages": [376],
    "priceBreaks": [0, 0.99, 1.99, 2.99, 3.99, 4.99, 16.99],
    "priceCounts": [10, 11, 10, 16, 13, 39],
    "nIsInKU": [73],
    "nIsNotInKU": [27],
    "nReleases": [">6000"],
    "nLastThirtyReleases": ["74"],
    "nLastNinetyReleases": ["236"],
    "nPreorders": ["19"]
  },
  {
    "currentAnalysisName": ["X0027_thrillers_terrorism_top100_7130647011_20190104.034046"],
    "analysisTimeString": ["20190104.034046"],
    "filenamesRoot": ["thrillers_terrorism_top100"],
    "categoryLabel": ["Thrillers:Terrorism"],
    "pageLabel": ["Top 100"],
    "browseNodeID": ["7130647011"],
    "medianSalesRank": [5275],
    "medianNPages": [369],
    "priceBreaks": [0, 0.99, 1.99, 2.99, 3.99, 4.99, 14.99],
    "priceCounts": [6, 6, 9, 9, 32, 38],
    "nIsInKU": [64],
    "nIsNotInKU": [36],
    "nReleases": [">5000"],
    "nLastThirtyReleases": ["67"],
    "nLastNinetyReleases": ["211"],
    "nPreorders": ["36"]
  }
]
