[
  {
    "currentAnalysisName": ["X0043_erotica_top100_157057011_20190903.020228"],
    "analysisTimeString": ["20190903.020228"],
    "filenamesRoot": ["erotica_top100"],
    "categoryLabel": ["Erotica"],
    "pageLabel": ["Top 100"],
    "browseNodeID": ["157057011"],
    "medianSalesRank": [6935],
    "medianNPages": [232],
    "priceBreaks": [0, 0.99, 1.99, 2.99, 3.99, 4.99, 9.99],
    "priceCounts": [25, 3, 37, 17, 8, 10],
    "nIsInKU": [91],
    "nIsNotInKU": [9],
    "nReleases": [">50000"],
    "nLastThirtyReleases": [">50000"],
    "nLastNinetyReleases": [">50000"],
    "nPreorders": [">50000"]
  },
  {
    "currentAnalysisName": ["X0043_e_action_adventure_top100_7620210011_20190903.020326"],
    "analysisTimeString": ["20190903.020326"],
    "filenamesRoot": ["e_action_adventure_top100"],
    "categoryLabel": ["Erotica: Action and Adventure"],
    "pageLabel": ["Top 100"],
    "browseNodeID": ["7620210011"],
    "medianSalesRank": [31137],
    "medianNPages": [207],
    "priceBreaks": [0, 0.99, 1.99, 2.99, 3.99, 4.99, 11.99],
    "priceCounts": [92, 0, 2, 2, 2, 1],
    "nIsInKU": [92],
    "nIsNotInKU": [8],
    "nReleases": [">20000"],
    "nLastThirtyReleases": [">20000"],
    "nLastNinetyReleases": [">20000"],
    "nPreorders": [">20000"]
  },
  {
    "currentAnalysisName": ["X0043_e_african_american_top100_6190461011_20190903.020426"],
    "analysisTimeString": ["20190903.020426"],
    "filenamesRoot": ["e_african_american_top100"],
    "categoryLabel": ["Erotica: African American"],
    "pageLabel": ["Top 100"],
    "browseNodeID": ["6190461011"],
    "medianSalesRank": [117783],
    "medianNPages": [180],
    "priceBreaks": [0, 0.99, 1.99, 2.99, 3.99, 4.99, 12.99],
    "priceCounts": [87, 2, 5, 1, 0, 5],
    "nIsInKU": [85],
    "nIsNotInKU": [15],
    "nReleases": [">3000"],
    "nLastThirtyReleases": [">3000"],
    "nLastNinetyReleases": [">3000"],
    "nPreorders": [">3000"]
  },
  {
    "currentAnalysisName": ["X0043_e_bdsm_top100_7620212011_20190903.020529"],
    "analysisTimeString": ["20190903.020529"],
    "filenamesRoot": ["e_bdsm_top100"],
    "categoryLabel": ["Erotica: BDSM"],
    "pageLabel": ["Top 100"],
    "browseNodeID": ["7620212011"],
    "medianSalesRank": [16112],
    "medianNPages": [165],
    "priceBreaks": [0, 0.99, 1.99, 2.99, 3.99, 4.99, 6.99],
    "priceCounts": [92, 0, 1, 3, 1, 3],
    "nIsInKU": [91],
    "nIsNotInKU": [9],
    "nReleases": [">50000"],
    "nLastThirtyReleases": [">50000"],
    "nLastNinetyReleases": [">50000"],
    "nPreorders": [">50000"]
  },
  {
    "currentAnalysisName": ["X0043_e_historical_top100_7620218011_20190903.020624"],
    "analysisTimeString": ["20190903.020624"],
    "filenamesRoot": ["e_historical_top100"],
    "categoryLabel": ["Erotica: Historical"],
    "pageLabel": ["Top 100"],
    "browseNodeID": ["7620218011"],
    "medianSalesRank": [50401],
    "medianNPages": [333],
    "priceBreaks": [0, 0.99, 1.99, 2.99, 3.99, 4.99, 11.99],
    "priceCounts": [69, 1, 3, 10, 2, 13],
    "nIsInKU": [68],
    "nIsNotInKU": [32],
    "nReleases": [">10000"],
    "nLastThirtyReleases": [">10000"],
    "nLastNinetyReleases": [">10000"],
    "nPreorders": [">10000"]
  },
  {
    "currentAnalysisName": ["X0043_e_horror_top100_7620219011_20190903.020721"],
    "analysisTimeString": ["20190903.020721"],
    "filenamesRoot": ["e_horror_top100"],
    "categoryLabel": ["Erotica: Horror"],
    "pageLabel": ["Top 100"],
    "browseNodeID": ["7620219011"],
    "medianSalesRank": [38371],
    "medianNPages": [61],
    "priceBreaks": [0, 0.99, 1.99, 2.99, 3.99, 4.99, 9.99],
    "priceCounts": [94, 0, 0, 1, 0, 3],
    "nIsInKU": [94],
    "nIsNotInKU": [6],
    "nReleases": [">9000"],
    "nLastThirtyReleases": [">9000"],
    "nLastNinetyReleases": [">9000"],
    "nPreorders": [">9000"]
  },
  {
    "currentAnalysisName": ["X0043_e_humorous_top100_7620220011_20190903.021202"],
    "analysisTimeString": ["20190903.021202"],
    "filenamesRoot": ["e_humorous_top100"],
    "categoryLabel": ["Erotica: Humorous"],
    "pageLabel": ["Top 100"],
    "browseNodeID": ["7620220011"],
    "medianSalesRank": [21625],
    "medianNPages": [219],
    "priceBreaks": [0, 0.99, 1.99, 2.99, 3.99, 4.99, 9.99],
    "priceCounts": [10, 0, 39, 24, 8, 15],
    "nIsInKU": [85],
    "nIsNotInKU": [15],
    "nReleases": [">10000"],
    "nLastThirtyReleases": [">10000"],
    "nLastNinetyReleases": [">10000"],
    "nPreorders": [">10000"]
  },
  {
    "currentAnalysisName": ["X0043_e_interracial_top100_7620221011_20190903.021336"],
    "analysisTimeString": ["20190903.021336"],
    "filenamesRoot": ["e_interracial_top100"],
    "categoryLabel": ["Erotica: Interracial"],
    "pageLabel": ["Top 100"],
    "browseNodeID": ["7620221011"],
    "medianSalesRank": [35025],
    "medianNPages": [171],
    "priceBreaks": [0, 0.99, 1.99, 2.99, 3.99, 4.99, 6.99],
    "priceCounts": [93, 0, 1, 1, 1, 3],
    "nIsInKU": [91],
    "nIsNotInKU": [9],
    "nReleases": [">20000"],
    "nLastThirtyReleases": [">20000"],
    "nLastNinetyReleases": [">20000"],
    "nPreorders": [">20000"]
  },
  {
    "currentAnalysisName": ["X0043_e_lgbt_top100_7620213011_20190903.021853"],
    "analysisTimeString": ["20190903.021853"],
    "filenamesRoot": ["e_lgbt_top100"],
    "categoryLabel": ["Erotica: LGBT"],
    "pageLabel": ["Top 100"],
    "browseNodeID": ["7620213011"],
    "medianSalesRank": [16147],
    "medianNPages": [244],
    "priceBreaks": [0, 0.99, 1.99, 2.99, 3.99, 4.99, 9.99],
    "priceCounts": [5, 1, 36, 17, 17, 21],
    "nIsInKU": [86],
    "nIsNotInKU": [14],
    "nReleases": [">50000"],
    "nLastThirtyReleases": [">50000"],
    "nLastNinetyReleases": [">50000"],
    "nPreorders": [">50000"]
  },
  {
    "currentAnalysisName": ["X0043_e_mystery_top100_7620222011_20190903.022742"],
    "analysisTimeString": ["20190903.022742"],
    "filenamesRoot": ["e_mystery_top100"],
    "categoryLabel": ["Erotica: Mystery"],
    "pageLabel": ["Top 100"],
    "browseNodeID": ["7620222011"],
    "medianSalesRank": [43829],
    "medianNPages": [235],
    "priceBreaks": [0, 0.99, 1.99, 2.99, 3.99, 4.99, 9.99],
    "priceCounts": [10, 1, 31, 16, 5, 31],
    "nIsInKU": [81],
    "nIsNotInKU": [19],
    "nReleases": [">10000"],
    "nLastThirtyReleases": [">10000"],
    "nLastNinetyReleases": ["                6"],
    "nPreorders": [">10000"]
  },
  {
    "currentAnalysisName": ["X0043_e_paranormal_top100_7620223011_20190903.023356"],
    "analysisTimeString": ["20190903.023356"],
    "filenamesRoot": ["e_paranormal_top100"],
    "categoryLabel": ["Erotica: Paranormal"],
    "pageLabel": ["Top 100"],
    "browseNodeID": ["7620223011"],
    "medianSalesRank": [38330],
    "medianNPages": [216],
    "priceBreaks": [0, 0.99, 1.99, 2.99, 3.99, 4.99, 7.99],
    "priceCounts": [85, 1, 1, 2, 5, 4],
    "nIsInKU": [84],
    "nIsNotInKU": [16],
    "nReleases": [">20000"],
    "nLastThirtyReleases": [">20000"],
    "nLastNinetyReleases": [">20000"],
    "nPreorders": [">20000"]
  },
  {
    "currentAnalysisName": ["X0043_e_romantic_top100_7620225011_20190903.023754"],
    "analysisTimeString": ["20190903.023754"],
    "filenamesRoot": ["e_romantic_top100"],
    "categoryLabel": ["Erotica: Romantic Erotica"],
    "pageLabel": ["Top 100"],
    "browseNodeID": ["7620225011"],
    "medianSalesRank": [20750],
    "medianNPages": [256],
    "priceBreaks": [0, 0.99, 1.99, 2.99, 3.99, 4.99, 7.99],
    "priceCounts": [73, 4, 3, 8, 3, 9],
    "nIsInKU": [70],
    "nIsNotInKU": [30],
    "nReleases": [">40000"],
    "nLastThirtyReleases": [">40000"],
    "nLastNinetyReleases": [">40000"],
    "nPreorders": [">40000"]
  },
  {
    "currentAnalysisName": ["X0043_e_scifi_top100_7620226011_20190903.023913"],
    "analysisTimeString": ["20190903.023913"],
    "filenamesRoot": ["e_scifi_top100"],
    "categoryLabel": ["Erotica: Science Fiction"],
    "pageLabel": ["Top 100"],
    "browseNodeID": ["7620226011"],
    "medianSalesRank": [38766],
    "medianNPages": [118],
    "priceBreaks": [0, 0.99, 1.99, 2.99, 3.99, 4.99, 11.99],
    "priceCounts": [78, 1, 1, 3, 4, 7],
    "nIsInKU": [78],
    "nIsNotInKU": [22],
    "nReleases": [">10000"],
    "nLastThirtyReleases": [">10000"],
    "nLastNinetyReleases": [">10000"],
    "nPreorders": [">10000"]
  },
  {
    "currentAnalysisName": ["X0043_e_suspense_top100_7620227011_20190903.024629"],
    "analysisTimeString": ["20190903.024629"],
    "filenamesRoot": ["e_suspense_top100"],
    "categoryLabel": ["Erotica: Suspense"],
    "pageLabel": ["Top 100"],
    "browseNodeID": ["7620227011"],
    "medianSalesRank": [31031],
    "medianNPages": [308],
    "priceBreaks": [0, 0.99, 1.99, 2.99, 3.99, 4.99, 9.99],
    "priceCounts": [16, 0, 25, 22, 7, 26],
    "nIsInKU": [79],
    "nIsNotInKU": [21],
    "nReleases": [">10000"],
    "nLastThirtyReleases": [">10000"],
    "nLastNinetyReleases": [">10000"],
    "nPreorders": [">10000"]
  },
  {
    "currentAnalysisName": ["X0043_e_thrillers_top100_7620228011_20190903.025352"],
    "analysisTimeString": ["20190903.025352"],
    "filenamesRoot": ["e_thrillers_top100"],
    "categoryLabel": ["Erotica: Thrillers"],
    "pageLabel": ["Top 100"],
    "browseNodeID": ["7620228011"],
    "medianSalesRank": [38264],
    "medianNPages": [214],
    "priceBreaks": [0, 0.99, 1.99, 2.99, 3.99, 4.99, 7.99],
    "priceCounts": [90, 0, 1, 1, 0, 3],
    "nIsInKU": [90],
    "nIsNotInKU": [10],
    "nReleases": [">10000"],
    "nLastThirtyReleases": [">10000"],
    "nLastNinetyReleases": [">10000"],
    "nPreorders": [">10000"]
  },
  {
    "currentAnalysisName": ["X0043_e_urban_top100_7620229011_20190903.025443"],
    "analysisTimeString": ["20190903.025443"],
    "filenamesRoot": ["e_urban_top100"],
    "categoryLabel": ["Erotica: Urban"],
    "pageLabel": ["Top 100"],
    "browseNodeID": ["7620229011"],
    "medianSalesRank": [26655],
    "medianNPages": [107],
    "priceBreaks": [0, 0.99, 1.99, 2.99, 3.99, 4.99, 9.99],
    "priceCounts": [8, 0, 59, 15, 2, 15],
    "nIsInKU": [95],
    "nIsNotInKU": [5],
    "nReleases": [">20000"],
    "nLastThirtyReleases": [">20000"],
    "nLastNinetyReleases": [">20000"],
    "nPreorders": [">20000"]
  },
  {
    "currentAnalysisName": ["X0043_e_victorian_top100_7620230011_20190903.030123"],
    "analysisTimeString": ["20190903.030123"],
    "filenamesRoot": ["e_victorian_top100"],
    "categoryLabel": ["Erotica: Victorian"],
    "pageLabel": ["Top 100"],
    "browseNodeID": ["7620230011"],
    "medianSalesRank": [41040],
    "medianNPages": [126],
    "priceBreaks": [0, 0.99, 1.99, 2.99, 3.99, 4.99, 9.99],
    "priceCounts": [3, 0, 45, 8, 14, 25],
    "nIsInKU": [94],
    "nIsNotInKU": [6],
    "nReleases": [">5000"],
    "nLastThirtyReleases": [">5000"],
    "nLastNinetyReleases": [">5000"],
    "nPreorders": [">5000"]
  },
  {
    "currentAnalysisName": ["X0043_e_westerns_top100_7620231011_20190903.030800"],
    "analysisTimeString": ["20190903.030800"],
    "filenamesRoot": ["e_westerns_top100"],
    "categoryLabel": ["Erotica: Westerns"],
    "pageLabel": ["Top 100"],
    "browseNodeID": ["7620231011"],
    "medianSalesRank": [39091],
    "medianNPages": [234],
    "priceBreaks": [0, 0.99, 1.99, 2.99, 3.99, 4.99, 9.99],
    "priceCounts": [10, 2, 35, 12, 10, 26],
    "nIsInKU": [87],
    "nIsNotInKU": [13],
    "nReleases": [">5000"],
    "nLastThirtyReleases": [">5000"],
    "nLastNinetyReleases": [">5000"],
    "nPreorders": [">5000"]
  }
]
