[
  {
    "currentAnalysisName": ["X0039_m_t_s_top100_157305011_20190703.002918"],
    "analysisTimeString": ["20190703.002918"],
    "filenamesRoot": ["m_t_s_top100"],
    "categoryLabel": ["Mystery, Thriller & Suspense"],
    "pageLabel": ["Top 100"],
    "browseNodeID": ["157305011"],
    "medianSalesRank": [157],
    "medianNPages": [347],
    "priceBreaks": [0, 0.99, 1.99, 2.99, 3.99, 4.99, 14.99],
    "priceCounts": [7, 20, 8, 8, 21, 36],
    "nIsInKU": [59],
    "nIsNotInKU": [41],
    "nReleases": [">50000"],
    "nLastThirtyReleases": [">5000"],
    "nLastNinetyReleases": [">10000"],
    "nPreorders": [">2000"]
  },
  {
    "currentAnalysisName": ["X0039_heist_top100_7130623011_20190703.003122"],
    "analysisTimeString": ["20190703.003122"],
    "filenamesRoot": ["heist_top100"],
    "categoryLabel": ["Heist"],
    "pageLabel": ["Top 100"],
    "browseNodeID": ["7130623011"],
    "medianSalesRank": [9623],
    "medianNPages": [262],
    "priceBreaks": [0, 0.99, 1.99, 2.99, 3.99, 4.99, 9.99],
    "priceCounts": [26, 1, 22, 24, 11, 16],
    "nIsInKU": [87],
    "nIsNotInKU": [13],
    "nReleases": [">2000"],
    "nLastThirtyReleases": ["45"],
    "nLastNinetyReleases": ["116"],
    "nPreorders": ["                6"]
  },
  {
    "currentAnalysisName": ["X0039_kidnapping_top100_7151518011_20190703.003310"],
    "analysisTimeString": ["20190703.003310"],
    "filenamesRoot": ["kidnapping_top100"],
    "categoryLabel": ["Kidnapping"],
    "pageLabel": ["Top 100"],
    "browseNodeID": ["7151518011"],
    "medianSalesRank": [4658],
    "medianNPages": [316],
    "priceBreaks": [0, 0.99, 1.99, 2.99, 3.99, 4.99, 14.99],
    "priceCounts": [19, 5, 10, 25, 26, 15],
    "nIsInKU": [92],
    "nIsNotInKU": [8],
    "nReleases": [">2000"],
    "nLastThirtyReleases": ["60"],
    "nLastNinetyReleases": ["132"],
    "nPreorders": ["19"]
  },
  {
    "currentAnalysisName": ["X0039_murder_top100_7130624011_20190703.003508"],
    "analysisTimeString": ["20190703.003508"],
    "filenamesRoot": ["murder_top100"],
    "categoryLabel": ["Murder"],
    "pageLabel": ["Top 100"],
    "browseNodeID": ["7130624011"],
    "medianSalesRank": [969],
    "medianNPages": [337],
    "priceBreaks": [0, 0.99, 1.99, 2.99, 3.99, 4.99, 14.99],
    "priceCounts": [11, 16, 9, 11, 23, 30],
    "nIsInKU": [78],
    "nIsNotInKU": [22],
    "nReleases": [">10000"],
    "nLastThirtyReleases": ["264"],
    "nLastNinetyReleases": ["715"],
    "nPreorders": ["112"]
  },
  {
    "currentAnalysisName": ["X0039_noir_top100_7130625011_20190703.003635"],
    "analysisTimeString": ["20190703.003635"],
    "filenamesRoot": ["noir_top100"],
    "categoryLabel": ["Noir"],
    "pageLabel": ["Top 100"],
    "browseNodeID": ["7130625011"],
    "medianSalesRank": [5636],
    "medianNPages": [287],
    "priceBreaks": [0, 0.99, 1.99, 2.99, 3.99, 4.99, 13.99],
    "priceCounts": [23, 6, 22, 11, 26, 12],
    "nIsInKU": [80],
    "nIsNotInKU": [20],
    "nReleases": [">5000"],
    "nLastThirtyReleases": ["80"],
    "nLastNinetyReleases": ["232"],
    "nPreorders": ["43"]
  },
  {
    "currentAnalysisName": ["X0039_organized_crime_top100_7130626011_20190703.003838"],
    "analysisTimeString": ["20190703.003838"],
    "filenamesRoot": ["organized_crime_top100"],
    "categoryLabel": ["Organized Crime"],
    "pageLabel": ["Top 100"],
    "browseNodeID": ["7130626011"],
    "medianSalesRank": [5034],
    "medianNPages": [292],
    "priceBreaks": [0, 0.99, 1.99, 2.99, 3.99, 4.99, 14.99],
    "priceCounts": [15, 2, 12, 43, 15, 13],
    "nIsInKU": [81],
    "nIsNotInKU": [19],
    "nReleases": [">4000"],
    "nLastThirtyReleases": ["87"],
    "nLastNinetyReleases": ["236"],
    "nPreorders": ["30"]
  },
  {
    "currentAnalysisName": ["X0039_serial_killers_top100_7130627011_20190703.003943"],
    "analysisTimeString": ["20190703.003943"],
    "filenamesRoot": ["serial_killers_top100"],
    "categoryLabel": ["Serial Killers"],
    "pageLabel": ["Top 100"],
    "browseNodeID": ["7130627011"],
    "medianSalesRank": [2032],
    "medianNPages": [318],
    "priceBreaks": [0, 0.99, 1.99, 2.99, 3.99, 4.99, 14.99],
    "priceCounts": [15, 11, 20, 3, 25, 26],
    "nIsInKU": [89],
    "nIsNotInKU": [11],
    "nReleases": [">4000"],
    "nLastThirtyReleases": ["53"],
    "nLastNinetyReleases": ["190"],
    "nPreorders": ["30"]
  },
  {
    "currentAnalysisName": ["X0039_vigilante_justice_top100_7130628011_20190703.004053"],
    "analysisTimeString": ["20190703.004053"],
    "filenamesRoot": ["vigilante_justice_top100"],
    "categoryLabel": ["Vigilante Justice"],
    "pageLabel": ["Top 100"],
    "browseNodeID": ["7130628011"],
    "medianSalesRank": [4630],
    "medianNPages": [304],
    "priceBreaks": [0, 0.99, 1.99, 2.99, 3.99, 4.99, 9.99],
    "priceCounts": [14, 4, 4, 23, 33, 22],
    "nIsInKU": [96],
    "nIsNotInKU": [4],
    "nReleases": [">2000"],
    "nLastThirtyReleases": ["42"],
    "nLastNinetyReleases": ["111"],
    "nPreorders": ["21"]
  },
  {
    "currentAnalysisName": ["X0039_m_t_s_a_a_top100_6190464011_20190703.004159"],
    "analysisTimeString": ["20190703.004159"],
    "filenamesRoot": ["m_t_s_a_a_top100"],
    "categoryLabel": ["Mystery: African American"],
    "pageLabel": ["Top 100"],
    "browseNodeID": ["6190464011"],
    "medianSalesRank": [23712],
    "medianNPages": [250],
    "priceBreaks": [0, 0.99, 1.99, 2.99, 3.99, 4.99, 13.99],
    "priceCounts": [41, 13, 13, 10, 10, 13],
    "nIsInKU": [86],
    "nIsNotInKU": [14],
    "nReleases": [">2000"],
    "nLastThirtyReleases": ["51"],
    "nLastNinetyReleases": ["141"],
    "nPreorders": ["17"]
  },
  {
    "currentAnalysisName": ["X0039_cozy_mystery_top100_6190476011_20190703.004301"],
    "analysisTimeString": ["20190703.004301"],
    "filenamesRoot": ["cozy_mystery_top100"],
    "categoryLabel": ["Mystery: Cozy"],
    "pageLabel": ["Top 100"],
    "browseNodeID": ["6190476011"],
    "medianSalesRank": [2339],
    "medianNPages": [239],
    "priceBreaks": [0, 0.99, 1.99, 2.99, 3.99, 4.99, 13.99],
    "priceCounts": [23, 8, 24, 16, 20, 9],
    "nIsInKU": [82],
    "nIsNotInKU": [18],
    "nReleases": [">20000"],
    "nLastThirtyReleases": ["466"],
    "nLastNinetyReleases": [">1000"],
    "nPreorders": ["320"]
  },
  {
    "currentAnalysisName": ["X0039_hardboiled_mystery_top100_157312011_20190703.004421"],
    "analysisTimeString": ["20190703.004421"],
    "filenamesRoot": ["hardboiled_mystery_top100"],
    "categoryLabel": ["Mystery: Hard-Boiled"],
    "pageLabel": ["Top 100"],
    "browseNodeID": ["157312011"],
    "medianSalesRank": [6375],
    "medianNPages": [305],
    "priceBreaks": [0, 0.99, 1.99, 2.99, 3.99, 4.99, 14.99],
    "priceCounts": [15, 3, 5, 11, 36, 30],
    "nIsInKU": [84],
    "nIsNotInKU": [16],
    "nReleases": [">10000"],
    "nLastThirtyReleases": ["273"],
    "nLastNinetyReleases": ["787"],
    "nPreorders": ["65"]
  },
  {
    "currentAnalysisName": ["X0039_historical_mystery_top100_157313011_20190703.004526"],
    "analysisTimeString": ["20190703.004526"],
    "filenamesRoot": ["historical_mystery_top100"],
    "categoryLabel": ["Mystery: Historical"],
    "pageLabel": ["Top 100"],
    "browseNodeID": ["157313011"],
    "medianSalesRank": [5645],
    "medianNPages": [336],
    "priceBreaks": [0, 0.99, 1.99, 2.99, 3.99, 4.99, 14.99],
    "priceCounts": [10, 10, 5, 14, 21, 40],
    "nIsInKU": [59],
    "nIsNotInKU": [41],
    "nReleases": [">10000"],
    "nLastThirtyReleases": ["213"],
    "nLastNinetyReleases": ["606"],
    "nPreorders": ["106"]
  },
  {
    "currentAnalysisName": ["X0039_international_mystery_top100_6361461011_20190703.004632"],
    "analysisTimeString": ["20190703.004632"],
    "filenamesRoot": ["international_mystery_top100"],
    "categoryLabel": ["Mystery: International"],
    "pageLabel": ["Top 100"],
    "browseNodeID": ["6361461011"],
    "medianSalesRank": [2448],
    "medianNPages": [355],
    "priceBreaks": [0, 0.99, 1.99, 2.99, 3.99, 4.99, 14.99],
    "priceCounts": [9, 9, 9, 9, 15, 48],
    "nIsInKU": [58],
    "nIsNotInKU": [42],
    "nReleases": [">10000"],
    "nLastThirtyReleases": ["223"],
    "nLastNinetyReleases": ["664"],
    "nPreorders": ["112"]
  },
  {
    "currentAnalysisName": ["X0039_lgbt_mystery_top100_7130633011_20190703.004731"],
    "analysisTimeString": ["20190703.004731"],
    "filenamesRoot": ["lgbt_mystery_top100"],
    "categoryLabel": ["Mystery: LGBT"],
    "pageLabel": ["Top 100"],
    "browseNodeID": ["7130633011"],
    "medianSalesRank": [50665],
    "medianNPages": [266],
    "priceBreaks": [0, 0.99, 1.99, 2.99, 3.99, 4.99, 9.99],
    "priceCounts": [12, 5, 14, 33, 19, 17],
    "nIsInKU": [73],
    "nIsNotInKU": [27],
    "nReleases": [">2000"],
    "nLastThirtyReleases": ["28"],
    "nLastNinetyReleases": ["100"],
    "nPreorders": ["18"]
  },
  {
    "currentAnalysisName": ["X0039_police_procedurals_top100_157318011_20190703.004836"],
    "analysisTimeString": ["20190703.004836"],
    "filenamesRoot": ["police_procedurals_top100"],
    "categoryLabel": ["Police Procedurals"],
    "pageLabel": ["Top 100"],
    "browseNodeID": ["157318011"],
    "medianSalesRank": [744],
    "medianNPages": [341],
    "priceBreaks": [0, 0.99, 1.99, 2.99, 3.99, 4.99, 14.99],
    "priceCounts": [12, 20, 6, 11, 27, 24],
    "nIsInKU": [74],
    "nIsNotInKU": [26],
    "nReleases": [">20000"],
    "nLastThirtyReleases": ["404"],
    "nLastNinetyReleases": [">1000"],
    "nPreorders": ["183"]
  },
  {
    "currentAnalysisName": ["X0039_private_eyes_top100_6190477011_20190703.004943"],
    "analysisTimeString": ["20190703.004943"],
    "filenamesRoot": ["private_eyes_top100"],
    "categoryLabel": ["Private Investigators"],
    "pageLabel": ["Top 100"],
    "browseNodeID": ["6190477011"],
    "medianSalesRank": [3532],
    "medianNPages": [321],
    "priceBreaks": [0, 0.99, 1.99, 2.99, 3.99, 4.99, 14.99],
    "priceCounts": [12, 15, 5, 18, 15, 34],
    "nIsInKU": [56],
    "nIsNotInKU": [44],
    "nReleases": [">10000"],
    "nLastThirtyReleases": ["250"],
    "nLastNinetyReleases": ["788"],
    "nPreorders": ["115"]
  },
  {
    "currentAnalysisName": ["X0039_traditional_detectives_top100_157309011_20190703.005104"],
    "analysisTimeString": ["20190703.005104"],
    "filenamesRoot": ["traditional_detectives_top100"],
    "categoryLabel": ["Traditional Detectives"],
    "pageLabel": ["Top 100"],
    "browseNodeID": ["157309011"],
    "medianSalesRank": [5602],
    "medianNPages": [286],
    "priceBreaks": [0, 0.99, 1.99, 2.99, 3.99, 4.99, 14.99],
    "priceCounts": [7, 13, 23, 9, 18, 29],
    "nIsInKU": [63],
    "nIsNotInKU": [37],
    "nReleases": [">10000"],
    "nLastThirtyReleases": ["169"],
    "nLastNinetyReleases": ["517"],
    "nPreorders": ["82"]
  },
  {
    "currentAnalysisName": ["X0039_women_sleuths_top100_157317011_20190703.005228"],
    "analysisTimeString": ["20190703.005228"],
    "filenamesRoot": ["women_sleuths_top100"],
    "categoryLabel": ["Women Sleuths"],
    "pageLabel": ["Top 100"],
    "browseNodeID": ["157317011"],
    "medianSalesRank": [948],
    "medianNPages": [344],
    "priceBreaks": [0, 0.99, 1.99, 2.99, 3.99, 4.99, 14.99],
    "priceCounts": [11, 19, 5, 8, 28, 29],
    "nIsInKU": [70],
    "nIsNotInKU": [30],
    "nReleases": [">30000"],
    "nLastThirtyReleases": ["480"],
    "nLastNinetyReleases": [">1000"],
    "nPreorders": ["402"]
  },
  {
    "currentAnalysisName": ["X0039_ghosts_top100_7130635011_20190703.005330"],
    "analysisTimeString": ["20190703.005330"],
    "filenamesRoot": ["ghosts_top100"],
    "categoryLabel": ["Suspense: Ghosts"],
    "pageLabel": ["Top 100"],
    "browseNodeID": ["7130635011"],
    "medianSalesRank": [10302],
    "medianNPages": [315],
    "priceBreaks": [0, 0.99, 1.99, 2.99, 3.99, 4.99, 34.99],
    "priceCounts": [15, 5, 6, 23, 18, 32],
    "nIsInKU": [71],
    "nIsNotInKU": [29],
    "nReleases": [">2000"],
    "nLastThirtyReleases": ["37"],
    "nLastNinetyReleases": ["94"],
    "nPreorders": ["18"]
  },
  {
    "currentAnalysisName": ["X0039_suspense_horror_top100_7130636011_20190703.005431"],
    "analysisTimeString": ["20190703.005431"],
    "filenamesRoot": ["suspense_horror_top100"],
    "categoryLabel": ["Suspense: Horror"],
    "pageLabel": ["Top 100"],
    "browseNodeID": ["7130636011"],
    "medianSalesRank": [9240],
    "medianNPages": [377],
    "priceBreaks": [0, 0.99, 1.99, 2.99, 3.99, 4.99, 14.99],
    "priceCounts": [17, 4, 14, 15, 18, 32],
    "nIsInKU": [71],
    "nIsNotInKU": [29],
    "nReleases": [">6000"],
    "nLastThirtyReleases": ["108"],
    "nLastNinetyReleases": ["244"],
    "nPreorders": ["48"]
  },
  {
    "currentAnalysisName": ["X0039_suspense_occult_top100_7130637011_20190703.005528"],
    "analysisTimeString": ["20190703.005528"],
    "filenamesRoot": ["suspense_occult_top100"],
    "categoryLabel": ["Suspense: Occult"],
    "pageLabel": ["Top 100"],
    "browseNodeID": ["7130637011"],
    "medianSalesRank": [11277],
    "medianNPages": [328],
    "priceBreaks": [0, 0.99, 1.99, 2.99, 3.99, 4.99, 14.99],
    "priceCounts": [16, 2, 12, 20, 31, 19],
    "nIsInKU": [94],
    "nIsNotInKU": [6],
    "nReleases": [">2000"],
    "nLastThirtyReleases": ["44"],
    "nLastNinetyReleases": ["132"],
    "nPreorders": ["25"]
  },
  {
    "currentAnalysisName": ["X0039_suspense_paranormal_top100_7130638011_20190703.005624"],
    "analysisTimeString": ["20190703.005624"],
    "filenamesRoot": ["suspense_paranormal_top100"],
    "categoryLabel": ["Suspense: Paranormal"],
    "pageLabel": ["Top 100"],
    "browseNodeID": ["7130638011"],
    "medianSalesRank": [2043],
    "medianNPages": [360],
    "priceBreaks": [0, 0.99, 1.99, 2.99, 3.99, 4.99, 14.99],
    "priceCounts": [21, 9, 9, 23, 21, 17],
    "nIsInKU": [75],
    "nIsNotInKU": [25],
    "nReleases": [">20000"],
    "nLastThirtyReleases": ["387"],
    "nLastNinetyReleases": [">1000"],
    "nPreorders": ["158"]
  },
  {
    "currentAnalysisName": ["X0039_suspense_political_top100_6190490011_20190703.005719"],
    "analysisTimeString": ["20190703.005719"],
    "filenamesRoot": ["suspense_political_top100"],
    "categoryLabel": ["Suspense: Political"],
    "pageLabel": ["Top 100"],
    "browseNodeID": ["6190490011"],
    "medianSalesRank": [2581],
    "medianNPages": [369],
    "priceBreaks": [0, 0.99, 1.99, 2.99, 3.99, 4.99, 15.39],
    "priceCounts": [2, 6, 6, 11, 29, 46],
    "nIsInKU": [67],
    "nIsNotInKU": [33],
    "nReleases": [">8000"],
    "nLastThirtyReleases": ["108"],
    "nLastNinetyReleases": ["329"],
    "nPreorders": ["60"]
  },
  {
    "currentAnalysisName": ["X0039_psychological_fiction_top100_6190491011_20190703.005833"],
    "analysisTimeString": ["20190703.005833"],
    "filenamesRoot": ["psychological_fiction_top100"],
    "categoryLabel": ["Psychological Fiction"],
    "pageLabel": ["Top 100"],
    "browseNodeID": ["6190491011"],
    "medianSalesRank": [963],
    "medianNPages": [345],
    "priceBreaks": [0, 0.99, 1.99, 2.99, 3.99, 4.99, 14.99],
    "priceCounts": [18, 13, 3, 8, 18, 39],
    "nIsInKU": [57],
    "nIsNotInKU": [43],
    "nReleases": [">10000"],
    "nLastThirtyReleases": ["301"],
    "nLastNinetyReleases": ["811"],
    "nPreorders": ["172"]
  },
  {
    "currentAnalysisName": ["X0039_assassinations_top100_7130643011_20190703.010000"],
    "analysisTimeString": ["20190703.010000"],
    "filenamesRoot": ["assassinations_top100"],
    "categoryLabel": ["Thrillers: Assassinations"],
    "pageLabel": ["Top 100"],
    "browseNodeID": ["7130643011"],
    "medianSalesRank": [3558],
    "medianNPages": [336],
    "priceBreaks": [0, 0.99, 1.99, 2.99, 3.99, 4.99, 15.39],
    "priceCounts": [0, 0, 9, 9, 33, 49],
    "nIsInKU": [74],
    "nIsNotInKU": [26],
    "nReleases": [">4000"],
    "nLastThirtyReleases": ["50"],
    "nLastNinetyReleases": ["158"],
    "nPreorders": ["35"]
  },
  {
    "currentAnalysisName": ["X0039_conspiracies_top100_7130644011_20190703.010128"],
    "analysisTimeString": ["20190703.010128"],
    "filenamesRoot": ["conspiracies_top100"],
    "categoryLabel": ["Thrillers: Conspiracies"],
    "pageLabel": ["Top 100"],
    "browseNodeID": ["7130644011"],
    "medianSalesRank": [1919],
    "medianNPages": [370],
    "priceBreaks": [0, 0.99, 1.99, 2.99, 3.99, 4.99, 14.99],
    "priceCounts": [3, 9, 9, 16, 25, 38],
    "nIsInKU": [81],
    "nIsNotInKU": [19],
    "nReleases": [">6000"],
    "nLastThirtyReleases": ["72"],
    "nLastNinetyReleases": ["208"],
    "nPreorders": ["51"]
  },
  {
    "currentAnalysisName": ["X0039_thrillers_crime_top100_6361462011_20190703.010257"],
    "analysisTimeString": ["20190703.010257"],
    "filenamesRoot": ["thrillers_crime_top100"],
    "categoryLabel": ["Thrillers: Crime"],
    "pageLabel": ["Top 100"],
    "browseNodeID": ["6361462011"],
    "medianSalesRank": [572],
    "medianNPages": [344],
    "priceBreaks": [0, 0.99, 1.99, 2.99, 3.99, 4.99, 14.99],
    "priceCounts": [10, 15, 2, 14, 27, 31],
    "nIsInKU": [71],
    "nIsNotInKU": [29],
    "nReleases": [">30000"],
    "nLastThirtyReleases": ["667"],
    "nLastNinetyReleases": [">1000"],
    "nPreorders": ["294"]
  },
  {
    "currentAnalysisName": ["X0039_espionage_top100_157322011_20190703.010349"],
    "analysisTimeString": ["20190703.010349"],
    "filenamesRoot": ["espionage_top100"],
    "categoryLabel": ["Thrillers: Espionage"],
    "pageLabel": ["Top 100"],
    "browseNodeID": ["157322011"],
    "medianSalesRank": [2486],
    "medianNPages": [392],
    "priceBreaks": [0, 0.99, 1.99, 2.99, 3.99, 4.99, 69.99],
    "priceCounts": [4, 4, 7, 17, 21, 47],
    "nIsInKU": [69],
    "nIsNotInKU": [31],
    "nReleases": [">10000"],
    "nLastThirtyReleases": ["177"],
    "nLastNinetyReleases": ["467"],
    "nPreorders": ["75"]
  },
  {
    "currentAnalysisName": ["X0039_financial_top100_7130645011_20190703.010444"],
    "analysisTimeString": ["20190703.010444"],
    "filenamesRoot": ["financial_top100"],
    "categoryLabel": ["Thrillers: Financial"],
    "pageLabel": ["Top 100"],
    "browseNodeID": ["7130645011"],
    "medianSalesRank": [9636],
    "medianNPages": [333],
    "priceBreaks": [0, 0.99, 1.99, 2.99, 3.99, 4.99, 9.99],
    "priceCounts": [13, 1, 16, 24, 28, 18],
    "nIsInKU": [86],
    "nIsNotInKU": [14],
    "nReleases": [">1000"],
    "nLastThirtyReleases": ["25"],
    "nLastNinetyReleases": ["62"],
    "nPreorders": ["                13"]
  },
  {
    "currentAnalysisName": ["X0039_thrillers_historical_top100_6361463011_20190703.010614"],
    "analysisTimeString": ["20190703.010614"],
    "filenamesRoot": ["thrillers_historical_top100"],
    "categoryLabel": ["Thrillers: Historical"],
    "pageLabel": ["Top 100"],
    "browseNodeID": ["6361463011"],
    "medianSalesRank": [11205],
    "medianNPages": [364],
    "priceBreaks": [0, 0.99, 1.99, 2.99, 3.99, 4.99, 14.99],
    "priceCounts": [9, 7, 16, 6, 19, 43],
    "nIsInKU": [53],
    "nIsNotInKU": [47],
    "nReleases": [">7000"],
    "nLastThirtyReleases": ["135"],
    "nLastNinetyReleases": ["372"],
    "nPreorders": ["55"]
  },
  {
    "currentAnalysisName": ["X0039_thrillers_legal_top100_157321011_20190703.010821"],
    "analysisTimeString": ["20190703.010821"],
    "filenamesRoot": ["thrillers_legal_top100"],
    "categoryLabel": ["Thrillers: Legal"],
    "pageLabel": ["Top 100"],
    "browseNodeID": ["157321011"],
    "medianSalesRank": [3304],
    "medianNPages": [351],
    "priceBreaks": [0, 0.99, 1.99, 2.99, 3.99, 4.99, 14.99],
    "priceCounts": [4, 12, 6, 12, 29, 37],
    "nIsInKU": [70],
    "nIsNotInKU": [30],
    "nReleases": [">6000"],
    "nLastThirtyReleases": ["87"],
    "nLastNinetyReleases": ["303"],
    "nPreorders": ["21"]
  },
  {
    "currentAnalysisName": ["X0039_thrillers_medical_top100_2225099011_20190703.010942"],
    "analysisTimeString": ["20190703.010942"],
    "filenamesRoot": ["thrillers_medical_top100"],
    "categoryLabel": ["Thrillers: Medical"],
    "pageLabel": ["Top 100"],
    "browseNodeID": ["2225099011"],
    "medianSalesRank": [10794],
    "medianNPages": [362],
    "priceBreaks": [0, 0.99, 1.99, 2.99, 3.99, 4.99, 13.99],
    "priceCounts": [7, 8, 8, 13, 25, 36],
    "nIsInKU": [65],
    "nIsNotInKU": [35],
    "nReleases": [">3000"],
    "nLastThirtyReleases": ["52"],
    "nLastNinetyReleases": ["137"],
    "nPreorders": ["35"]
  },
  {
    "currentAnalysisName": ["X0039_thrillers_military_top100_6361464011_20190703.011101"],
    "analysisTimeString": ["20190703.011101"],
    "filenamesRoot": ["thrillers_military_top100"],
    "categoryLabel": ["Thrillers: Military"],
    "pageLabel": ["Top 100"],
    "browseNodeID": ["6361464011"],
    "medianSalesRank": [3534],
    "medianNPages": [371],
    "priceBreaks": [0, 0.99, 1.99, 2.99, 3.99, 4.99, 15.39],
    "priceCounts": [10, 5, 8, 14, 17, 46],
    "nIsInKU": [71],
    "nIsNotInKU": [29],
    "nReleases": [">5000"],
    "nLastThirtyReleases": ["66"],
    "nLastNinetyReleases": ["209"],
    "nPreorders": ["39"]
  },
  {
    "currentAnalysisName": ["X0039_pulp_top100_7130646011_20190703.011227"],
    "analysisTimeString": ["20190703.011227"],
    "filenamesRoot": ["pulp_top100"],
    "categoryLabel": ["Thrillers:Pulp"],
    "pageLabel": ["Top 100"],
    "browseNodeID": ["7130646011"],
    "medianSalesRank": [5022],
    "medianNPages": [290],
    "priceBreaks": [0, 0.99, 1.99, 2.99, 3.99, 4.99, 9.99],
    "priceCounts": [18, 2, 12, 21, 32, 15],
    "nIsInKU": [97],
    "nIsNotInKU": [3],
    "nReleases": [">3000"],
    "nLastThirtyReleases": ["42"],
    "nLastNinetyReleases": ["109"],
    "nPreorders": ["18"]
  },
  {
    "currentAnalysisName": ["X0039_technothrillers_top100_157324011_20190703.011338"],
    "analysisTimeString": ["20190703.011338"],
    "filenamesRoot": ["technothrillers_top100"],
    "categoryLabel": ["Technothrillers"],
    "pageLabel": ["Top 100"],
    "browseNodeID": ["157324011"],
    "medianSalesRank": [4949],
    "medianNPages": [370],
    "priceBreaks": [0, 0.99, 1.99, 2.99, 3.99, 4.99, 16.99],
    "priceCounts": [4, 5, 13, 15, 18, 45],
    "nIsInKU": [74],
    "nIsNotInKU": [26],
    "nReleases": [">7000"],
    "nLastThirtyReleases": ["62"],
    "nLastNinetyReleases": ["207"],
    "nPreorders": ["42"]
  },
  {
    "currentAnalysisName": ["X0039_thrillers_terrorism_top100_7130647011_20190703.011455"],
    "analysisTimeString": ["20190703.011455"],
    "filenamesRoot": ["thrillers_terrorism_top100"],
    "categoryLabel": ["Thrillers:Terrorism"],
    "pageLabel": ["Top 100"],
    "browseNodeID": ["7130647011"],
    "medianSalesRank": [4483],
    "medianNPages": [383],
    "priceBreaks": [0, 0.99, 1.99, 2.99, 3.99, 4.99, 15.39],
    "priceCounts": [6, 3, 7, 12, 26, 46],
    "nIsInKU": [64],
    "nIsNotInKU": [36],
    "nReleases": [">5000"],
    "nLastThirtyReleases": ["63"],
    "nLastNinetyReleases": ["170"],
    "nPreorders": ["47"]
  }
]
