[
  {
    "currentAnalysisName": ["X0035_m_t_s_top100_157305011_20190506.000428"],
    "analysisTimeString": ["20190506.000428"],
    "filenamesRoot": ["m_t_s_top100"],
    "categoryLabel": ["Mystery, Thriller & Suspense"],
    "pageLabel": ["Top 100"],
    "browseNodeID": ["157305011"],
    "medianSalesRank": [204],
    "medianNPages": [345],
    "priceBreaks": [0, 0.99, 1.99, 2.99, 3.99, 4.99, 14.99],
    "priceCounts": [11, 22, 11, 10, 19, 27],
    "nIsInKU": [58],
    "nIsNotInKU": [42],
    "nReleases": [">50000"],
    "nLastThirtyReleases": [">5000"],
    "nLastNinetyReleases": [">10000"],
    "nPreorders": [">2000"]
  },
  {
    "currentAnalysisName": ["X0035_heist_top100_7130623011_20190506.000530"],
    "analysisTimeString": ["20190506.000530"],
    "filenamesRoot": ["heist_top100"],
    "categoryLabel": ["Heist"],
    "pageLabel": ["Top 100"],
    "browseNodeID": ["7130623011"],
    "medianSalesRank": [12512],
    "medianNPages": [280],
    "priceBreaks": [0, 0.99, 1.99, 2.99, 3.99, 4.99, 12.99],
    "priceCounts": [17, 5, 18, 24, 11, 25],
    "nIsInKU": [84],
    "nIsNotInKU": [16],
    "nReleases": [">2000"],
    "nLastThirtyReleases": ["30"],
    "nLastNinetyReleases": ["105"],
    "nPreorders": ["                13"]
  },
  {
    "currentAnalysisName": ["X0035_kidnapping_top100_7151518011_20190506.000635"],
    "analysisTimeString": ["20190506.000635"],
    "filenamesRoot": ["kidnapping_top100"],
    "categoryLabel": ["Kidnapping"],
    "pageLabel": ["Top 100"],
    "browseNodeID": ["7151518011"],
    "medianSalesRank": [5122],
    "medianNPages": [317],
    "priceBreaks": [0, 0.99, 1.99, 2.99, 3.99, 4.99, 14.99],
    "priceCounts": [13, 3, 10, 30, 30, 14],
    "nIsInKU": [90],
    "nIsNotInKU": [10],
    "nReleases": [">2000"],
    "nLastThirtyReleases": ["34"],
    "nLastNinetyReleases": ["120"],
    "nPreorders": ["30"]
  },
  {
    "currentAnalysisName": ["X0035_murder_top100_7130624011_20190506.000737"],
    "analysisTimeString": ["20190506.000737"],
    "filenamesRoot": ["murder_top100"],
    "categoryLabel": ["Murder"],
    "pageLabel": ["Top 100"],
    "browseNodeID": ["7130624011"],
    "medianSalesRank": [1083],
    "medianNPages": [336],
    "priceBreaks": [0, 0.99, 1.99, 2.99, 3.99, 4.99, 14.99],
    "priceCounts": [9, 11, 14, 13, 22, 31],
    "nIsInKU": [77],
    "nIsNotInKU": [23],
    "nReleases": [">10000"],
    "nLastThirtyReleases": ["211"],
    "nLastNinetyReleases": ["693"],
    "nPreorders": ["93"]
  },
  {
    "currentAnalysisName": ["X0035_noir_top100_7130625011_20190506.000836"],
    "analysisTimeString": ["20190506.000836"],
    "filenamesRoot": ["noir_top100"],
    "categoryLabel": ["Noir"],
    "pageLabel": ["Top 100"],
    "browseNodeID": ["7130625011"],
    "medianSalesRank": [4682],
    "medianNPages": [291],
    "priceBreaks": [0, 0.99, 1.99, 2.99, 3.99, 4.99, 14.99],
    "priceCounts": [24, 3, 28, 10, 23, 11],
    "nIsInKU": [77],
    "nIsNotInKU": [23],
    "nReleases": [">5000"],
    "nLastThirtyReleases": ["71"],
    "nLastNinetyReleases": ["267"],
    "nPreorders": ["45"]
  },
  {
    "currentAnalysisName": ["X0035_organized_crime_top100_7130626011_20190506.000934"],
    "analysisTimeString": ["20190506.000934"],
    "filenamesRoot": ["organized_crime_top100"],
    "categoryLabel": ["Organized Crime"],
    "pageLabel": ["Top 100"],
    "browseNodeID": ["7130626011"],
    "medianSalesRank": [6129],
    "medianNPages": [300],
    "priceBreaks": [0, 0.99, 1.99, 2.99, 3.99, 4.99, 14.99],
    "priceCounts": [15, 3, 12, 43, 13, 14],
    "nIsInKU": [80],
    "nIsNotInKU": [20],
    "nReleases": [">4000"],
    "nLastThirtyReleases": ["68"],
    "nLastNinetyReleases": ["250"],
    "nPreorders": ["35"]
  },
  {
    "currentAnalysisName": ["X0035_serial_killers_top100_7130627011_20190506.001032"],
    "analysisTimeString": ["20190506.001032"],
    "filenamesRoot": ["serial_killers_top100"],
    "categoryLabel": ["Serial Killers"],
    "pageLabel": ["Top 100"],
    "browseNodeID": ["7130627011"],
    "medianSalesRank": [2171],
    "medianNPages": [310],
    "priceBreaks": [0, 0.99, 1.99, 2.99, 3.99, 4.99, 14.99],
    "priceCounts": [12, 10, 28, 10, 23, 17],
    "nIsInKU": [88],
    "nIsNotInKU": [12],
    "nReleases": [">4000"],
    "nLastThirtyReleases": ["66"],
    "nLastNinetyReleases": ["202"],
    "nPreorders": ["45"]
  },
  {
    "currentAnalysisName": ["X0035_vigilante_justice_top100_7130628011_20190506.001129"],
    "analysisTimeString": ["20190506.001129"],
    "filenamesRoot": ["vigilante_justice_top100"],
    "categoryLabel": ["Vigilante Justice"],
    "pageLabel": ["Top 100"],
    "browseNodeID": ["7130628011"],
    "medianSalesRank": [4428],
    "medianNPages": [302],
    "priceBreaks": [0, 0.99, 1.99, 2.99, 3.99, 4.99, 9.99],
    "priceCounts": [13, 6, 5, 22, 33, 21],
    "nIsInKU": [94],
    "nIsNotInKU": [6],
    "nReleases": [">2000"],
    "nLastThirtyReleases": ["35"],
    "nLastNinetyReleases": ["118"],
    "nPreorders": ["19"]
  },
  {
    "currentAnalysisName": ["X0035_m_t_s_a_a_top100_6190464011_20190506.001224"],
    "analysisTimeString": ["20190506.001224"],
    "filenamesRoot": ["m_t_s_a_a_top100"],
    "categoryLabel": ["Mystery: African American"],
    "pageLabel": ["Top 100"],
    "browseNodeID": ["6190464011"],
    "medianSalesRank": [23498],
    "medianNPages": [270],
    "priceBreaks": [0, 0.99, 1.99, 2.99, 3.99, 4.99, 13.99],
    "priceCounts": [39, 3, 17, 10, 13, 18],
    "nIsInKU": [80],
    "nIsNotInKU": [20],
    "nReleases": [">2000"],
    "nLastThirtyReleases": ["36"],
    "nLastNinetyReleases": ["149"],
    "nPreorders": ["                11"]
  },
  {
    "currentAnalysisName": ["X0035_cozy_mystery_top100_6190476011_20190506.001327"],
    "analysisTimeString": ["20190506.001327"],
    "filenamesRoot": ["cozy_mystery_top100"],
    "categoryLabel": ["Mystery: Cozy"],
    "pageLabel": ["Top 100"],
    "browseNodeID": ["6190476011"],
    "medianSalesRank": [2310],
    "medianNPages": [259],
    "priceBreaks": [0, 0.99, 1.99, 2.99, 3.99, 4.99, 14.99],
    "priceCounts": [30, 6, 18, 15, 25, 6],
    "nIsInKU": [77],
    "nIsNotInKU": [23],
    "nReleases": [">20000"],
    "nLastThirtyReleases": ["469"],
    "nLastNinetyReleases": [">1000"],
    "nPreorders": ["342"]
  },
  {
    "currentAnalysisName": ["X0035_hardboiled_mystery_top100_157312011_20190506.001432"],
    "analysisTimeString": ["20190506.001432"],
    "filenamesRoot": ["hardboiled_mystery_top100"],
    "categoryLabel": ["Mystery: Hard-Boiled"],
    "pageLabel": ["Top 100"],
    "browseNodeID": ["157312011"],
    "medianSalesRank": [7906],
    "medianNPages": [321],
    "priceBreaks": [0, 0.99, 1.99, 2.99, 3.99, 4.99, 15.49],
    "priceCounts": [7, 2, 8, 17, 34, 31],
    "nIsInKU": [77],
    "nIsNotInKU": [23],
    "nReleases": [">10000"],
    "nLastThirtyReleases": ["255"],
    "nLastNinetyReleases": ["654"],
    "nPreorders": ["70"]
  },
  {
    "currentAnalysisName": ["X0035_historical_mystery_top100_157313011_20190506.001533"],
    "analysisTimeString": ["20190506.001533"],
    "filenamesRoot": ["historical_mystery_top100"],
    "categoryLabel": ["Mystery: Historical"],
    "pageLabel": ["Top 100"],
    "browseNodeID": ["157313011"],
    "medianSalesRank": [5345],
    "medianNPages": [317],
    "priceBreaks": [0, 0.99, 1.99, 2.99, 3.99, 4.99, 16.22],
    "priceCounts": [11, 19, 3, 10, 29, 28],
    "nIsInKU": [55],
    "nIsNotInKU": [45],
    "nReleases": [">10000"],
    "nLastThirtyReleases": ["208"],
    "nLastNinetyReleases": ["631"],
    "nPreorders": ["102"]
  },
  {
    "currentAnalysisName": ["X0035_international_mystery_top100_6361461011_20190506.001634"],
    "analysisTimeString": ["20190506.001634"],
    "filenamesRoot": ["international_mystery_top100"],
    "categoryLabel": ["Mystery: International"],
    "pageLabel": ["Top 100"],
    "browseNodeID": ["6361461011"],
    "medianSalesRank": [2350],
    "medianNPages": [346],
    "priceBreaks": [0, 0.99, 1.99, 2.99, 3.99, 4.99, 16.99],
    "priceCounts": [8, 16, 3, 10, 12, 50],
    "nIsInKU": [64],
    "nIsNotInKU": [36],
    "nReleases": [">10000"],
    "nLastThirtyReleases": ["259"],
    "nLastNinetyReleases": ["745"],
    "nPreorders": ["110"]
  },
  {
    "currentAnalysisName": ["X0035_lgbt_mystery_top100_7130633011_20190506.001734"],
    "analysisTimeString": ["20190506.001734"],
    "filenamesRoot": ["lgbt_mystery_top100"],
    "categoryLabel": ["Mystery: LGBT"],
    "pageLabel": ["Top 100"],
    "browseNodeID": ["7130633011"],
    "medianSalesRank": [76212],
    "medianNPages": [272],
    "priceBreaks": [0, 0.99, 1.99, 2.99, 3.99, 4.99, 11.99],
    "priceCounts": [8, 1, 18, 33, 8, 32],
    "nIsInKU": [65],
    "nIsNotInKU": [35],
    "nReleases": [">2000"],
    "nLastThirtyReleases": ["25"],
    "nLastNinetyReleases": ["85"],
    "nPreorders": ["                12"]
  },
  {
    "currentAnalysisName": ["X0035_police_procedurals_top100_157318011_20190506.001837"],
    "analysisTimeString": ["20190506.001837"],
    "filenamesRoot": ["police_procedurals_top100"],
    "categoryLabel": ["Police Procedurals"],
    "pageLabel": ["Top 100"],
    "browseNodeID": ["157318011"],
    "medianSalesRank": [836],
    "medianNPages": [344],
    "priceBreaks": [0, 0.99, 1.99, 2.99, 3.99, 4.99, 14.99],
    "priceCounts": [7, 11, 10, 20, 22, 30],
    "nIsInKU": [70],
    "nIsNotInKU": [30],
    "nReleases": [">20000"],
    "nLastThirtyReleases": ["387"],
    "nLastNinetyReleases": [">1000"],
    "nPreorders": ["209"]
  },
  {
    "currentAnalysisName": ["X0035_private_eyes_top100_6190477011_20190506.001933"],
    "analysisTimeString": ["20190506.001933"],
    "filenamesRoot": ["private_eyes_top100"],
    "categoryLabel": ["Private Investigators"],
    "pageLabel": ["Top 100"],
    "browseNodeID": ["6190477011"],
    "medianSalesRank": [4222],
    "medianNPages": [320],
    "priceBreaks": [0, 0.99, 1.99, 2.99, 3.99, 4.99, 15.49],
    "priceCounts": [8, 9, 11, 11, 16, 44],
    "nIsInKU": [53],
    "nIsNotInKU": [47],
    "nReleases": [">10000"],
    "nLastThirtyReleases": ["257"],
    "nLastNinetyReleases": ["835"],
    "nPreorders": ["109"]
  },
  {
    "currentAnalysisName": ["X0035_traditional_detectives_top100_157309011_20190506.002031"],
    "analysisTimeString": ["20190506.002031"],
    "filenamesRoot": ["traditional_detectives_top100"],
    "categoryLabel": ["Traditional Detectives"],
    "pageLabel": ["Top 100"],
    "browseNodeID": ["157309011"],
    "medianSalesRank": [4892],
    "medianNPages": [292],
    "priceBreaks": [0, 0.99, 1.99, 2.99, 3.99, 4.99, 14.99],
    "priceCounts": [13, 11, 14, 12, 20, 30],
    "nIsInKU": [65],
    "nIsNotInKU": [35],
    "nReleases": [">10000"],
    "nLastThirtyReleases": ["164"],
    "nLastNinetyReleases": ["510"],
    "nPreorders": ["82"]
  },
  {
    "currentAnalysisName": ["X0035_women_sleuths_top100_157317011_20190506.002127"],
    "analysisTimeString": ["20190506.002127"],
    "filenamesRoot": ["women_sleuths_top100"],
    "categoryLabel": ["Women Sleuths"],
    "pageLabel": ["Top 100"],
    "browseNodeID": ["157317011"],
    "medianSalesRank": [871],
    "medianNPages": [336],
    "priceBreaks": [0, 0.99, 1.99, 2.99, 3.99, 4.99, 14.99],
    "priceCounts": [9, 16, 7, 11, 23, 34],
    "nIsInKU": [73],
    "nIsNotInKU": [27],
    "nReleases": [">30000"],
    "nLastThirtyReleases": ["431"],
    "nLastNinetyReleases": [">1000"],
    "nPreorders": ["392"]
  },
  {
    "currentAnalysisName": ["X0035_ghosts_top100_7130635011_20190506.002220"],
    "analysisTimeString": ["20190506.002220"],
    "filenamesRoot": ["ghosts_top100"],
    "categoryLabel": ["Suspense: Ghosts"],
    "pageLabel": ["Top 100"],
    "browseNodeID": ["7130635011"],
    "medianSalesRank": [12102],
    "medianNPages": [310],
    "priceBreaks": [0, 0.99, 1.99, 2.99, 3.99, 4.99, 34.99],
    "priceCounts": [19, 5, 4, 25, 23, 21],
    "nIsInKU": [74],
    "nIsNotInKU": [26],
    "nReleases": [">2000"],
    "nLastThirtyReleases": ["21"],
    "nLastNinetyReleases": ["76"],
    "nPreorders": ["                12"]
  },
  {
    "currentAnalysisName": ["X0035_suspense_horror_top100_7130636011_20190506.002323"],
    "analysisTimeString": ["20190506.002323"],
    "filenamesRoot": ["suspense_horror_top100"],
    "categoryLabel": ["Suspense: Horror"],
    "pageLabel": ["Top 100"],
    "browseNodeID": ["7130636011"],
    "medianSalesRank": [8769],
    "medianNPages": [348],
    "priceBreaks": [0, 0.99, 1.99, 2.99, 3.99, 4.99, 14.99],
    "priceCounts": [21, 4, 10, 18, 22, 25],
    "nIsInKU": [74],
    "nIsNotInKU": [26],
    "nReleases": [">6000"],
    "nLastThirtyReleases": ["71"],
    "nLastNinetyReleases": ["239"],
    "nPreorders": ["35"]
  },
  {
    "currentAnalysisName": ["X0035_suspense_occult_top100_7130637011_20190506.002423"],
    "analysisTimeString": ["20190506.002423"],
    "filenamesRoot": ["suspense_occult_top100"],
    "categoryLabel": ["Suspense: Occult"],
    "pageLabel": ["Top 100"],
    "browseNodeID": ["7130637011"],
    "medianSalesRank": [13302],
    "medianNPages": [335],
    "priceBreaks": [0, 0.99, 1.99, 2.99, 3.99, 4.99, 14.99],
    "priceCounts": [21, 3, 9, 24, 28, 15],
    "nIsInKU": [89],
    "nIsNotInKU": [11],
    "nReleases": [">2000"],
    "nLastThirtyReleases": ["37"],
    "nLastNinetyReleases": ["124"],
    "nPreorders": ["19"]
  },
  {
    "currentAnalysisName": ["X0035_suspense_paranormal_top100_7130638011_20190506.002522"],
    "analysisTimeString": ["20190506.002522"],
    "filenamesRoot": ["suspense_paranormal_top100"],
    "categoryLabel": ["Suspense: Paranormal"],
    "pageLabel": ["Top 100"],
    "browseNodeID": ["7130638011"],
    "medianSalesRank": [2202],
    "medianNPages": [309],
    "priceBreaks": [0, 0.99, 1.99, 2.99, 3.99, 4.99, 14.99],
    "priceCounts": [15, 4, 12, 27, 28, 14],
    "nIsInKU": [86],
    "nIsNotInKU": [14],
    "nReleases": [">20000"],
    "nLastThirtyReleases": ["361"],
    "nLastNinetyReleases": [">1000"],
    "nPreorders": ["180"]
  },
  {
    "currentAnalysisName": ["X0035_suspense_political_top100_6190490011_20190506.002627"],
    "analysisTimeString": ["20190506.002627"],
    "filenamesRoot": ["suspense_political_top100"],
    "categoryLabel": ["Suspense: Political"],
    "pageLabel": ["Top 100"],
    "browseNodeID": ["6190490011"],
    "medianSalesRank": [2520],
    "medianNPages": [368],
    "priceBreaks": [0, 0.99, 1.99, 2.99, 3.99, 4.99, 16.99],
    "priceCounts": [7, 10, 4, 10, 26, 43],
    "nIsInKU": [72],
    "nIsNotInKU": [28],
    "nReleases": [">8000"],
    "nLastThirtyReleases": ["99"],
    "nLastNinetyReleases": ["332"],
    "nPreorders": ["56"]
  },
  {
    "currentAnalysisName": ["X0035_psychological_fiction_top100_6190491011_20190506.002727"],
    "analysisTimeString": ["20190506.002727"],
    "filenamesRoot": ["psychological_fiction_top100"],
    "categoryLabel": ["Psychological Fiction"],
    "pageLabel": ["Top 100"],
    "browseNodeID": ["6190491011"],
    "medianSalesRank": [1272],
    "medianNPages": [338],
    "priceBreaks": [0, 0.99, 1.99, 2.99, 3.99, 4.99, 14.99],
    "priceCounts": [9, 17, 12, 12, 13, 36],
    "nIsInKU": [53],
    "nIsNotInKU": [47],
    "nReleases": [">10000"],
    "nLastThirtyReleases": ["263"],
    "nLastNinetyReleases": ["752"],
    "nPreorders": ["211"]
  },
  {
    "currentAnalysisName": ["X0035_assassinations_top100_7130643011_20190506.002825"],
    "analysisTimeString": ["20190506.002825"],
    "filenamesRoot": ["assassinations_top100"],
    "categoryLabel": ["Thrillers: Assassinations"],
    "pageLabel": ["Top 100"],
    "browseNodeID": ["7130643011"],
    "medianSalesRank": [2817],
    "medianNPages": [348],
    "priceBreaks": [0, 0.99, 1.99, 2.99, 3.99, 4.99, 14.99],
    "priceCounts": [4, 15, 7, 8, 34, 32],
    "nIsInKU": [81],
    "nIsNotInKU": [19],
    "nReleases": [">4000"],
    "nLastThirtyReleases": ["57"],
    "nLastNinetyReleases": ["208"],
    "nPreorders": ["27"]
  },
  {
    "currentAnalysisName": ["X0035_conspiracies_top100_7130644011_20190506.002922"],
    "analysisTimeString": ["20190506.002922"],
    "filenamesRoot": ["conspiracies_top100"],
    "categoryLabel": ["Thrillers: Conspiracies"],
    "pageLabel": ["Top 100"],
    "browseNodeID": ["7130644011"],
    "medianSalesRank": [1845],
    "medianNPages": [377],
    "priceBreaks": [0, 0.99, 1.99, 2.99, 3.99, 4.99, 14.99],
    "priceCounts": [7, 6, 9, 16, 24, 38],
    "nIsInKU": [88],
    "nIsNotInKU": [12],
    "nReleases": [">6000"],
    "nLastThirtyReleases": ["72"],
    "nLastNinetyReleases": ["258"],
    "nPreorders": ["41"]
  },
  {
    "currentAnalysisName": ["X0035_thrillers_crime_top100_6361462011_20190506.003020"],
    "analysisTimeString": ["20190506.003020"],
    "filenamesRoot": ["thrillers_crime_top100"],
    "categoryLabel": ["Thrillers: Crime"],
    "pageLabel": ["Top 100"],
    "browseNodeID": ["6361462011"],
    "medianSalesRank": [794],
    "medianNPages": [348],
    "priceBreaks": [0, 0.99, 1.99, 2.99, 3.99, 4.99, 14.99],
    "priceCounts": [8, 11, 7, 16, 21, 36],
    "nIsInKU": [60],
    "nIsNotInKU": [40],
    "nReleases": [">30000"],
    "nLastThirtyReleases": ["628"],
    "nLastNinetyReleases": [">1000"],
    "nPreorders": ["284"]
  },
  {
    "currentAnalysisName": ["X0035_espionage_top100_157322011_20190506.003113"],
    "analysisTimeString": ["20190506.003113"],
    "filenamesRoot": ["espionage_top100"],
    "categoryLabel": ["Thrillers: Espionage"],
    "pageLabel": ["Top 100"],
    "browseNodeID": ["157322011"],
    "medianSalesRank": [2435],
    "medianNPages": [358],
    "priceBreaks": [0, 0.99, 1.99, 2.99, 3.99, 4.99, 69.99],
    "priceCounts": [6, 20, 5, 14, 18, 37],
    "nIsInKU": [72],
    "nIsNotInKU": [28],
    "nReleases": [">10000"],
    "nLastThirtyReleases": ["141"],
    "nLastNinetyReleases": ["474"],
    "nPreorders": ["78"]
  },
  {
    "currentAnalysisName": ["X0035_financial_top100_7130645011_20190506.003212"],
    "analysisTimeString": ["20190506.003212"],
    "filenamesRoot": ["financial_top100"],
    "categoryLabel": ["Thrillers: Financial"],
    "pageLabel": ["Top 100"],
    "browseNodeID": ["7130645011"],
    "medianSalesRank": [9245],
    "medianNPages": [331],
    "priceBreaks": [0, 0.99, 1.99, 2.99, 3.99, 4.99, 9.99],
    "priceCounts": [9, 0, 22, 19, 29, 21],
    "nIsInKU": [81],
    "nIsNotInKU": [19],
    "nReleases": [">1000"],
    "nLastThirtyReleases": ["23"],
    "nLastNinetyReleases": ["61"],
    "nPreorders": ["                11"]
  },
  {
    "currentAnalysisName": ["X0035_thrillers_historical_top100_6361463011_20190506.003314"],
    "analysisTimeString": ["20190506.003314"],
    "filenamesRoot": ["thrillers_historical_top100"],
    "categoryLabel": ["Thrillers: Historical"],
    "pageLabel": ["Top 100"],
    "browseNodeID": ["6361463011"],
    "medianSalesRank": [10142],
    "medianNPages": [349],
    "priceBreaks": [0, 0.99, 1.99, 2.99, 3.99, 4.99, 14.99],
    "priceCounts": [8, 13, 19, 5, 24, 31],
    "nIsInKU": [57],
    "nIsNotInKU": [43],
    "nReleases": [">7000"],
    "nLastThirtyReleases": ["123"],
    "nLastNinetyReleases": ["290"],
    "nPreorders": ["48"]
  },
  {
    "currentAnalysisName": ["X0035_thrillers_legal_top100_157321011_20190506.003414"],
    "analysisTimeString": ["20190506.003414"],
    "filenamesRoot": ["thrillers_legal_top100"],
    "categoryLabel": ["Thrillers: Legal"],
    "pageLabel": ["Top 100"],
    "browseNodeID": ["157321011"],
    "medianSalesRank": [3014],
    "medianNPages": [353],
    "priceBreaks": [0, 0.99, 1.99, 2.99, 3.99, 4.99, 14.99],
    "priceCounts": [8, 6, 11, 12, 28, 35],
    "nIsInKU": [69],
    "nIsNotInKU": [31],
    "nReleases": [">6000"],
    "nLastThirtyReleases": ["107"],
    "nLastNinetyReleases": ["458"],
    "nPreorders": ["25"]
  },
  {
    "currentAnalysisName": ["X0035_thrillers_medical_top100_2225099011_20190506.003535"],
    "analysisTimeString": ["20190506.003535"],
    "filenamesRoot": ["thrillers_medical_top100"],
    "categoryLabel": ["Thrillers: Medical"],
    "pageLabel": ["Top 100"],
    "browseNodeID": ["2225099011"],
    "medianSalesRank": [13681],
    "medianNPages": [360],
    "priceBreaks": [0, 0.99, 1.99, 2.99, 3.99, 4.99, 16.22],
    "priceCounts": [7, 7, 8, 15, 28, 34],
    "nIsInKU": [71],
    "nIsNotInKU": [29],
    "nReleases": [">3000"],
    "nLastThirtyReleases": ["44"],
    "nLastNinetyReleases": ["144"],
    "nPreorders": ["26"]
  },
  {
    "currentAnalysisName": ["X0035_thrillers_military_top100_6361464011_20190506.003638"],
    "analysisTimeString": ["20190506.003638"],
    "filenamesRoot": ["thrillers_military_top100"],
    "categoryLabel": ["Thrillers: Military"],
    "pageLabel": ["Top 100"],
    "browseNodeID": ["6361464011"],
    "medianSalesRank": [3508],
    "medianNPages": [360],
    "priceBreaks": [0, 0.99, 1.99, 2.99, 3.99, 4.99, 14.99],
    "priceCounts": [17, 4, 13, 11, 21, 34],
    "nIsInKU": [68],
    "nIsNotInKU": [32],
    "nReleases": [">5000"],
    "nLastThirtyReleases": ["84"],
    "nLastNinetyReleases": ["229"],
    "nPreorders": ["39"]
  },
  {
    "currentAnalysisName": ["X0035_pulp_top100_7130646011_20190506.003736"],
    "analysisTimeString": ["20190506.003736"],
    "filenamesRoot": ["pulp_top100"],
    "categoryLabel": ["Thrillers:Pulp"],
    "pageLabel": ["Top 100"],
    "browseNodeID": ["7130646011"],
    "medianSalesRank": [3807],
    "medianNPages": [302],
    "priceBreaks": [0, 0.99, 1.99, 2.99, 3.99, 4.99, 9.99],
    "priceCounts": [18, 0, 12, 17, 38, 15],
    "nIsInKU": [97],
    "nIsNotInKU": [3],
    "nReleases": [">2000"],
    "nLastThirtyReleases": ["37"],
    "nLastNinetyReleases": ["137"],
    "nPreorders": ["19"]
  },
  {
    "currentAnalysisName": ["X0035_technothrillers_top100_157324011_20190506.003836"],
    "analysisTimeString": ["20190506.003836"],
    "filenamesRoot": ["technothrillers_top100"],
    "categoryLabel": ["Technothrillers"],
    "pageLabel": ["Top 100"],
    "browseNodeID": ["157324011"],
    "medianSalesRank": [5560],
    "medianNPages": [371],
    "priceBreaks": [0, 0.99, 1.99, 2.99, 3.99, 4.99, 16.99],
    "priceCounts": [13, 9, 7, 16, 15, 40],
    "nIsInKU": [78],
    "nIsNotInKU": [22],
    "nReleases": [">6000"],
    "nLastThirtyReleases": ["72"],
    "nLastNinetyReleases": ["217"],
    "nPreorders": ["40"]
  },
  {
    "currentAnalysisName": ["X0035_thrillers_terrorism_top100_7130647011_20190506.004003"],
    "analysisTimeString": ["20190506.004003"],
    "filenamesRoot": ["thrillers_terrorism_top100"],
    "categoryLabel": ["Thrillers:Terrorism"],
    "pageLabel": ["Top 100"],
    "browseNodeID": ["7130647011"],
    "medianSalesRank": [4246],
    "medianNPages": [368],
    "priceBreaks": [0, 0.99, 1.99, 2.99, 3.99, 4.99, 16.09],
    "priceCounts": [4, 6, 5, 14, 33, 38],
    "nIsInKU": [74],
    "nIsNotInKU": [26],
    "nReleases": [">5000"],
    "nLastThirtyReleases": ["59"],
    "nLastNinetyReleases": ["201"],
    "nPreorders": ["37"]
  }
]
