[
  {
    "currentAnalysisName": ["X0027_sff_top100_668010011_20190104.053749"],
    "analysisTimeString": ["20190104.053749"],
    "filenamesRoot": ["sff_top100"],
    "categoryLabel": ["Science Fiction & Fantasy"],
    "pageLabel": ["Top 100"],
    "browseNodeID": ["668010011"],
    "medianSalesRank": [426],
    "medianNPages": [337],
    "priceBreaks": [0, 0.99, 1.99, 2.99, 3.99, 4.99, 15.99],
    "priceCounts": [11, 11, 17, 20, 15, 26],
    "nIsInKU": [75],
    "nIsNotInKU": [25],
    "nReleases": [">50000"],
    "nLastThirtyReleases": [">8000"],
    "nLastNinetyReleases": [">20000"],
    "nPreorders": [">1000"]
  },
  {
    "currentAnalysisName": ["X0027_alternative_history_top100_6157855011_20190104.054114"],
    "analysisTimeString": ["20190104.054114"],
    "filenamesRoot": ["alternative_history_top100"],
    "categoryLabel": ["Alternative History"],
    "pageLabel": ["Top 100"],
    "browseNodeID": ["6157855011"],
    "medianSalesRank": [17704],
    "medianNPages": [352],
    "priceBreaks": [0, 0.99, 1.99, 2.99, 3.99, 4.99, 14.99],
    "priceCounts": [11, 3, 27, 25, 14, 20],
    "nIsInKU": [74],
    "nIsNotInKU": [26],
    "nReleases": [">10000"],
    "nLastThirtyReleases": ["931"],
    "nLastNinetyReleases": [">2000"],
    "nPreorders": ["14"]
  },
  {
    "currentAnalysisName": ["X0027_dystopian_top100_6361470011_20190104.054306"],
    "analysisTimeString": ["20190104.054306"],
    "filenamesRoot": ["dystopian_top100"],
    "categoryLabel": ["Dystopian"],
    "pageLabel": ["Top 100"],
    "browseNodeID": ["6361470011"],
    "medianSalesRank": [2651],
    "medianNPages": [360],
    "priceBreaks": [0, 0.99, 1.99, 2.99, 3.99, 4.99, 14.99],
    "priceCounts": [12, 13, 20, 13, 17, 25],
    "nIsInKU": [74],
    "nIsNotInKU": [26],
    "nReleases": [">20000"],
    "nLastThirtyReleases": ["641"],
    "nLastNinetyReleases": [">2000"],
    "nPreorders": ["173"]
  },
  {
    "currentAnalysisName": ["X0027_fairy_tales_top100_7588857011_20190104.054522"],
    "analysisTimeString": ["20190104.054522"],
    "filenamesRoot": ["fairy_tales_top100"],
    "categoryLabel": ["Fairy Tales"],
    "pageLabel": ["Top 100"],
    "browseNodeID": ["7588857011"],
    "medianSalesRank": [10515],
    "medianNPages": [294],
    "priceBreaks": [0, 0.99, 1.99, 2.99, 3.99, 4.99, 12.99],
    "priceCounts": [13, 2, 26, 26, 26, 7],
    "nIsInKU": [91],
    "nIsNotInKU": [9],
    "nReleases": [">6000"],
    "nLastThirtyReleases": ["120"],
    "nLastNinetyReleases": ["374"],
    "nPreorders": ["31"]
  },
  {
    "currentAnalysisName": ["X0027_post_apocalyptic_top100_6361471011_20190104.054705"],
    "analysisTimeString": ["20190104.054705"],
    "filenamesRoot": ["post_apocalyptic_top100"],
    "categoryLabel": ["Post-Apocalyptic"],
    "pageLabel": ["Top 100"],
    "browseNodeID": ["6361471011"],
    "medianSalesRank": [2795],
    "medianNPages": [349],
    "priceBreaks": [0, 0.99, 1.99, 2.99, 3.99, 4.99, 14.99],
    "priceCounts": [14, 9, 24, 18, 14, 21],
    "nIsInKU": [78],
    "nIsNotInKU": [22],
    "nReleases": [">20000"],
    "nLastThirtyReleases": ["459"],
    "nLastNinetyReleases": [">1000"],
    "nPreorders": ["138"]
  },
  {
    "currentAnalysisName": ["X0027_w_and_s_top100_6401742011_20190104.054918"],
    "analysisTimeString": ["20190104.054918"],
    "filenamesRoot": ["w_and_s_top100"],
    "categoryLabel": ["Werewolves & Shifters"],
    "pageLabel": ["Top 100"],
    "browseNodeID": ["6401742011"],
    "medianSalesRank": [1615],
    "medianNPages": [284],
    "priceBreaks": [0, 0.99, 1.99, 2.99, 3.99, 4.99, 9.99],
    "priceCounts": [37, 1, 24, 27, 10, 1],
    "nIsInKU": [97],
    "nIsNotInKU": [3],
    "nReleases": [">20000"],
    "nLastThirtyReleases": ["324"],
    "nLastNinetyReleases": ["922"],
    "nPreorders": ["110"]
  },
  {
    "currentAnalysisName": ["X0027_pn_uf_top100_7006662011_20190104.055117"],
    "analysisTimeString": ["20190104.055117"],
    "filenamesRoot": ["pn_uf_top100"],
    "categoryLabel": ["Paranormal and Urban Fantasy"],
    "pageLabel": ["Top 100"],
    "browseNodeID": ["7006662011"],
    "medianSalesRank": [3485],
    "medianNPages": [294],
    "priceBreaks": [0, 0.99, 1.99, 2.99, 3.99, 4.99, 12.99],
    "priceCounts": [11, 2, 20, 40, 16, 11],
    "nIsInKU": [89],
    "nIsNotInKU": [11],
    "nReleases": [">10000"],
    "nLastThirtyReleases": ["136"],
    "nLastNinetyReleases": ["476"],
    "nPreorders": ["73"]
  },
  {
    "currentAnalysisName": ["X0027_dark_fantasy_top100_157062011_20190104.055314"],
    "analysisTimeString": ["20190104.055314"],
    "filenamesRoot": ["dark_fantasy_top100"],
    "categoryLabel": ["Horror: Dark Fantasy"],
    "pageLabel": ["Top 100"],
    "browseNodeID": ["157062011"],
    "medianSalesRank": [2682],
    "medianNPages": [325],
    "priceBreaks": [0, 0.99, 1.99, 2.99, 3.99, 4.99, 13.99],
    "priceCounts": [13, 2, 15, 26, 33, 11],
    "nIsInKU": [94],
    "nIsNotInKU": [6],
    "nReleases": [">20000"],
    "nLastThirtyReleases": ["467"],
    "nLastNinetyReleases": [">1000"],
    "nPreorders": ["150"]
  }
]
