[
  {
    "currentAnalysisName": ["X0041_m_t_s_top100_157305011_20190804.050320"],
    "analysisTimeString": ["20190804.050320"],
    "filenamesRoot": ["m_t_s_top100"],
    "categoryLabel": ["Mystery, Thriller & Suspense"],
    "pageLabel": ["Top 100"],
    "browseNodeID": ["157305011"],
    "medianSalesRank": [140],
    "medianNPages": [339],
    "priceBreaks": [0, 0.99, 1.99, 2.99, 3.99, 4.99, 14.99],
    "priceCounts": [11, 21, 4, 15, 21, 28],
    "nIsInKU": [62],
    "nIsNotInKU": [38],
    "nReleases": [">50000"],
    "nLastThirtyReleases": [">5000"],
    "nLastNinetyReleases": [">10000"],
    "nPreorders": [">2000"]
  },
  {
    "currentAnalysisName": ["X0041_heist_top100_7130623011_20190804.050423"],
    "analysisTimeString": ["20190804.050423"],
    "filenamesRoot": ["heist_top100"],
    "categoryLabel": ["Heist"],
    "pageLabel": ["Top 100"],
    "browseNodeID": ["7130623011"],
    "medianSalesRank": [8015],
    "medianNPages": [256],
    "priceBreaks": [0, 0.99, 1.99, 2.99, 3.99, 4.99, 9.99],
    "priceCounts": [18, 2, 27, 24, 13, 16],
    "nIsInKU": [88],
    "nIsNotInKU": [12],
    "nReleases": [">2000"],
    "nLastThirtyReleases": ["38"],
    "nLastNinetyReleases": ["126"],
    "nPreorders": ["                11"]
  },
  {
    "currentAnalysisName": ["X0041_kidnapping_top100_7151518011_20190804.050528"],
    "analysisTimeString": ["20190804.050528"],
    "filenamesRoot": ["kidnapping_top100"],
    "categoryLabel": ["Kidnapping"],
    "pageLabel": ["Top 100"],
    "browseNodeID": ["7151518011"],
    "medianSalesRank": [4663],
    "medianNPages": [314],
    "priceBreaks": [0, 0.99, 1.99, 2.99, 3.99, 4.99, 14.99],
    "priceCounts": [15, 5, 14, 19, 33, 14],
    "nIsInKU": [91],
    "nIsNotInKU": [9],
    "nReleases": [">2000"],
    "nLastThirtyReleases": ["47"],
    "nLastNinetyReleases": ["154"],
    "nPreorders": ["24"]
  },
  {
    "currentAnalysisName": ["X0041_murder_top100_7130624011_20190804.050629"],
    "analysisTimeString": ["20190804.050629"],
    "filenamesRoot": ["murder_top100"],
    "categoryLabel": ["Murder"],
    "pageLabel": ["Top 100"],
    "browseNodeID": ["7130624011"],
    "medianSalesRank": [1247],
    "medianNPages": [339],
    "priceBreaks": [0, 0.99, 1.99, 2.99, 3.99, 4.99, 14.99],
    "priceCounts": [10, 5, 13, 11, 28, 33],
    "nIsInKU": [84],
    "nIsNotInKU": [16],
    "nReleases": [">10000"],
    "nLastThirtyReleases": ["220"],
    "nLastNinetyReleases": ["721"],
    "nPreorders": ["120"]
  },
  {
    "currentAnalysisName": ["X0041_noir_top100_7130625011_20190804.050728"],
    "analysisTimeString": ["20190804.050728"],
    "filenamesRoot": ["noir_top100"],
    "categoryLabel": ["Noir"],
    "pageLabel": ["Top 100"],
    "browseNodeID": ["7130625011"],
    "medianSalesRank": [4741],
    "medianNPages": [257],
    "priceBreaks": [0, 0.99, 1.99, 2.99, 3.99, 4.99, 13.99],
    "priceCounts": [20, 4, 31, 9, 26, 10],
    "nIsInKU": [84],
    "nIsNotInKU": [16],
    "nReleases": [">5000"],
    "nLastThirtyReleases": ["86"],
    "nLastNinetyReleases": ["256"],
    "nPreorders": ["48"]
  },
  {
    "currentAnalysisName": ["X0041_organized_crime_top100_7130626011_20190804.050826"],
    "analysisTimeString": ["20190804.050826"],
    "filenamesRoot": ["organized_crime_top100"],
    "categoryLabel": ["Organized Crime"],
    "pageLabel": ["Top 100"],
    "browseNodeID": ["7130626011"],
    "medianSalesRank": [4709],
    "medianNPages": [284],
    "priceBreaks": [0, 0.99, 1.99, 2.99, 3.99, 4.99, 14.99],
    "priceCounts": [13, 2, 14, 45, 16, 10],
    "nIsInKU": [88],
    "nIsNotInKU": [12],
    "nReleases": [">4000"],
    "nLastThirtyReleases": ["82"],
    "nLastNinetyReleases": ["259"],
    "nPreorders": ["39"]
  },
  {
    "currentAnalysisName": ["X0041_serial_killers_top100_7130627011_20190804.050925"],
    "analysisTimeString": ["20190804.050925"],
    "filenamesRoot": ["serial_killers_top100"],
    "categoryLabel": ["Serial Killers"],
    "pageLabel": ["Top 100"],
    "browseNodeID": ["7130627011"],
    "medianSalesRank": [1807],
    "medianNPages": [322],
    "priceBreaks": [0, 0.99, 1.99, 2.99, 3.99, 4.99, 14.99],
    "priceCounts": [11, 7, 25, 4, 26, 27],
    "nIsInKU": [88],
    "nIsNotInKU": [12],
    "nReleases": [">4000"],
    "nLastThirtyReleases": ["66"],
    "nLastNinetyReleases": ["185"],
    "nPreorders": ["32"]
  },
  {
    "currentAnalysisName": ["X0041_vigilante_justice_top100_7130628011_20190804.051021"],
    "analysisTimeString": ["20190804.051021"],
    "filenamesRoot": ["vigilante_justice_top100"],
    "categoryLabel": ["Vigilante Justice"],
    "pageLabel": ["Top 100"],
    "browseNodeID": ["7130628011"],
    "medianSalesRank": [3503],
    "medianNPages": [297],
    "priceBreaks": [0, 0.99, 1.99, 2.99, 3.99, 4.99, 9.99],
    "priceCounts": [12, 4, 4, 24, 34, 22],
    "nIsInKU": [96],
    "nIsNotInKU": [4],
    "nReleases": [">2000"],
    "nLastThirtyReleases": ["29"],
    "nLastNinetyReleases": ["117"],
    "nPreorders": ["26"]
  },
  {
    "currentAnalysisName": ["X0041_m_t_s_a_a_top100_6190464011_20190804.051116"],
    "analysisTimeString": ["20190804.051116"],
    "filenamesRoot": ["m_t_s_a_a_top100"],
    "categoryLabel": ["Mystery: African American"],
    "pageLabel": ["Top 100"],
    "browseNodeID": ["6190464011"],
    "medianSalesRank": [27633],
    "medianNPages": [255],
    "priceBreaks": [0, 0.99, 1.99, 2.99, 3.99, 4.99, 13.99],
    "priceCounts": [36, 12, 16, 13, 8, 15],
    "nIsInKU": [89],
    "nIsNotInKU": [11],
    "nReleases": [">2000"],
    "nLastThirtyReleases": ["44"],
    "nLastNinetyReleases": ["147"],
    "nPreorders": ["                16"]
  },
  {
    "currentAnalysisName": ["X0041_cozy_mystery_top100_6190476011_20190804.051218"],
    "analysisTimeString": ["20190804.051218"],
    "filenamesRoot": ["cozy_mystery_top100"],
    "categoryLabel": ["Mystery: Cozy"],
    "pageLabel": ["Top 100"],
    "browseNodeID": ["6190476011"],
    "medianSalesRank": [2249],
    "medianNPages": [241],
    "priceBreaks": [0, 0.99, 1.99, 2.99, 3.99, 4.99, 9.99],
    "priceCounts": [26, 14, 23, 9, 18, 10],
    "nIsInKU": [85],
    "nIsNotInKU": [15],
    "nReleases": [">20000"],
    "nLastThirtyReleases": ["401"],
    "nLastNinetyReleases": [">1000"],
    "nPreorders": ["363"]
  },
  {
    "currentAnalysisName": ["X0041_hardboiled_mystery_top100_157312011_20190804.051318"],
    "analysisTimeString": ["20190804.051318"],
    "filenamesRoot": ["hardboiled_mystery_top100"],
    "categoryLabel": ["Mystery: Hard-Boiled"],
    "pageLabel": ["Top 100"],
    "browseNodeID": ["157312011"],
    "medianSalesRank": [5607],
    "medianNPages": [306],
    "priceBreaks": [0, 0.99, 1.99, 2.99, 3.99, 4.99, 12.99],
    "priceCounts": [5, 7, 6, 11, 35, 35],
    "nIsInKU": [80],
    "nIsNotInKU": [20],
    "nReleases": [">10000"],
    "nLastThirtyReleases": ["216"],
    "nLastNinetyReleases": ["757"],
    "nPreorders": ["62"]
  },
  {
    "currentAnalysisName": ["X0041_historical_mystery_top100_157313011_20190804.051418"],
    "analysisTimeString": ["20190804.051418"],
    "filenamesRoot": ["historical_mystery_top100"],
    "categoryLabel": ["Mystery: Historical"],
    "pageLabel": ["Top 100"],
    "browseNodeID": ["157313011"],
    "medianSalesRank": [5535],
    "medianNPages": [305],
    "priceBreaks": [0, 0.99, 1.99, 2.99, 3.99, 4.99, 14.99],
    "priceCounts": [8, 15, 7, 11, 21, 37],
    "nIsInKU": [56],
    "nIsNotInKU": [44],
    "nReleases": [">10000"],
    "nLastThirtyReleases": ["161"],
    "nLastNinetyReleases": ["555"],
    "nPreorders": ["122"]
  },
  {
    "currentAnalysisName": ["X0041_international_mystery_top100_6361461011_20190804.051517"],
    "analysisTimeString": ["20190804.051517"],
    "filenamesRoot": ["international_mystery_top100"],
    "categoryLabel": ["Mystery: International"],
    "pageLabel": ["Top 100"],
    "browseNodeID": ["6361461011"],
    "medianSalesRank": [2326],
    "medianNPages": [343],
    "priceBreaks": [0, 0.99, 1.99, 2.99, 3.99, 4.99, 14.99],
    "priceCounts": [3, 19, 9, 7, 16, 45],
    "nIsInKU": [61],
    "nIsNotInKU": [39],
    "nReleases": [">10000"],
    "nLastThirtyReleases": ["196"],
    "nLastNinetyReleases": ["610"],
    "nPreorders": ["101"]
  },
  {
    "currentAnalysisName": ["X0041_lgbt_mystery_top100_7130633011_20190804.051615"],
    "analysisTimeString": ["20190804.051615"],
    "filenamesRoot": ["lgbt_mystery_top100"],
    "categoryLabel": ["Mystery: LGBT"],
    "pageLabel": ["Top 100"],
    "browseNodeID": ["7130633011"],
    "medianSalesRank": [61171],
    "medianNPages": [272],
    "priceBreaks": [0, 0.99, 1.99, 2.99, 3.99, 4.99, 12.49],
    "priceCounts": [11, 0, 15, 34, 19, 21],
    "nIsInKU": [72],
    "nIsNotInKU": [28],
    "nReleases": [">2000"],
    "nLastThirtyReleases": ["28"],
    "nLastNinetyReleases": ["95"],
    "nPreorders": ["19"]
  },
  {
    "currentAnalysisName": ["X0041_police_procedurals_top100_157318011_20190804.051716"],
    "analysisTimeString": ["20190804.051716"],
    "filenamesRoot": ["police_procedurals_top100"],
    "categoryLabel": ["Police Procedurals"],
    "pageLabel": ["Top 100"],
    "browseNodeID": ["157318011"],
    "medianSalesRank": [760],
    "medianNPages": [338],
    "priceBreaks": [0, 0.99, 1.99, 2.99, 3.99, 4.99, 14.99],
    "priceCounts": [6, 14, 9, 9, 29, 33],
    "nIsInKU": [71],
    "nIsNotInKU": [29],
    "nReleases": [">20000"],
    "nLastThirtyReleases": ["308"],
    "nLastNinetyReleases": [">1000"],
    "nPreorders": ["192"]
  },
  {
    "currentAnalysisName": ["X0041_private_eyes_top100_6190477011_20190804.051812"],
    "analysisTimeString": ["20190804.051812"],
    "filenamesRoot": ["private_eyes_top100"],
    "categoryLabel": ["Private Investigators"],
    "pageLabel": ["Top 100"],
    "browseNodeID": ["6190477011"],
    "medianSalesRank": [4090],
    "medianNPages": [317],
    "priceBreaks": [0, 0.99, 1.99, 2.99, 3.99, 4.99, 14.99],
    "priceCounts": [11, 11, 8, 8, 14, 48],
    "nIsInKU": [53],
    "nIsNotInKU": [47],
    "nReleases": [">10000"],
    "nLastThirtyReleases": ["241"],
    "nLastNinetyReleases": ["745"],
    "nPreorders": ["102"]
  },
  {
    "currentAnalysisName": ["X0041_traditional_detectives_top100_157309011_20190804.051909"],
    "analysisTimeString": ["20190804.051909"],
    "filenamesRoot": ["traditional_detectives_top100"],
    "categoryLabel": ["Traditional Detectives"],
    "pageLabel": ["Top 100"],
    "browseNodeID": ["157309011"],
    "medianSalesRank": [5226],
    "medianNPages": [289],
    "priceBreaks": [0, 0.99, 1.99, 2.99, 3.99, 4.99, 14.99],
    "priceCounts": [6, 8, 23, 6, 16, 40],
    "nIsInKU": [61],
    "nIsNotInKU": [39],
    "nReleases": [">10000"],
    "nLastThirtyReleases": ["124"],
    "nLastNinetyReleases": ["481"],
    "nPreorders": ["93"]
  },
  {
    "currentAnalysisName": ["X0041_women_sleuths_top100_157317011_20190804.052418"],
    "analysisTimeString": ["20190804.052418"],
    "filenamesRoot": ["women_sleuths_top100"],
    "categoryLabel": ["Women Sleuths"],
    "pageLabel": ["Top 100"],
    "browseNodeID": ["157317011"],
    "medianSalesRank": [917],
    "medianNPages": [337],
    "priceBreaks": [0, 0.99, 1.99, 2.99, 3.99, 4.99, 14.99],
    "priceCounts": [6, 8, 4, 14, 31, 37],
    "nIsInKU": [80],
    "nIsNotInKU": [20],
    "nReleases": [">30000"],
    "nLastThirtyReleases": ["399"],
    "nLastNinetyReleases": [">1000"],
    "nPreorders": ["433"]
  },
  {
    "currentAnalysisName": ["X0041_ghosts_top100_7130635011_20190804.053140"],
    "analysisTimeString": ["20190804.053140"],
    "filenamesRoot": ["ghosts_top100"],
    "categoryLabel": ["Suspense: Ghosts"],
    "pageLabel": ["Top 100"],
    "browseNodeID": ["7130635011"],
    "medianSalesRank": [9756],
    "medianNPages": [318],
    "priceBreaks": [0, 0.99, 1.99, 2.99, 3.99, 4.99, 34.99],
    "priceCounts": [15, 2, 9, 22, 22, 29],
    "nIsInKU": [79],
    "nIsNotInKU": [21],
    "nReleases": [">2000"],
    "nLastThirtyReleases": ["43"],
    "nLastNinetyReleases": ["114"],
    "nPreorders": ["                13"]
  },
  {
    "currentAnalysisName": ["X0041_suspense_horror_top100_7130636011_20190804.053758"],
    "analysisTimeString": ["20190804.053758"],
    "filenamesRoot": ["suspense_horror_top100"],
    "categoryLabel": ["Suspense: Horror"],
    "pageLabel": ["Top 100"],
    "browseNodeID": ["7130636011"],
    "medianSalesRank": [7353],
    "medianNPages": [389],
    "priceBreaks": [0, 0.99, 1.99, 2.99, 3.99, 4.99, 14.99],
    "priceCounts": [20, 2, 13, 11, 20, 34],
    "nIsInKU": [69],
    "nIsNotInKU": [31],
    "nReleases": [">6000"],
    "nLastThirtyReleases": ["107"],
    "nLastNinetyReleases": ["281"],
    "nPreorders": ["52"]
  },
  {
    "currentAnalysisName": ["X0041_suspense_occult_top100_7130637011_20190804.054253"],
    "analysisTimeString": ["20190804.054253"],
    "filenamesRoot": ["suspense_occult_top100"],
    "categoryLabel": ["Suspense: Occult"],
    "pageLabel": ["Top 100"],
    "browseNodeID": ["7130637011"],
    "medianSalesRank": [9897],
    "medianNPages": [338],
    "priceBreaks": [0, 0.99, 1.99, 2.99, 3.99, 4.99, 13.99],
    "priceCounts": [12, 1, 12, 14, 35, 26],
    "nIsInKU": [92],
    "nIsNotInKU": [8],
    "nReleases": [">2000"],
    "nLastThirtyReleases": ["48"],
    "nLastNinetyReleases": ["132"],
    "nPreorders": ["28"]
  },
  {
    "currentAnalysisName": ["X0041_suspense_paranormal_top100_7130638011_20190804.054723"],
    "analysisTimeString": ["20190804.054723"],
    "filenamesRoot": ["suspense_paranormal_top100"],
    "categoryLabel": ["Suspense: Paranormal"],
    "pageLabel": ["Top 100"],
    "browseNodeID": ["7130638011"],
    "medianSalesRank": [2219],
    "medianNPages": [358],
    "priceBreaks": [0, 0.99, 1.99, 2.99, 3.99, 4.99, 14.99],
    "priceCounts": [17, 3, 8, 20, 33, 19],
    "nIsInKU": [82],
    "nIsNotInKU": [18],
    "nReleases": [">20000"],
    "nLastThirtyReleases": ["362"],
    "nLastNinetyReleases": [">1000"],
    "nPreorders": ["175"]
  },
  {
    "currentAnalysisName": ["X0041_suspense_political_top100_6190490011_20190804.055143"],
    "analysisTimeString": ["20190804.055143"],
    "filenamesRoot": ["suspense_political_top100"],
    "categoryLabel": ["Suspense: Political"],
    "pageLabel": ["Top 100"],
    "browseNodeID": ["6190490011"],
    "medianSalesRank": [2202],
    "medianNPages": [346],
    "priceBreaks": [0, 0.99, 1.99, 2.99, 3.99, 4.99, 14.99],
    "priceCounts": [7, 9, 5, 8, 29, 42],
    "nIsInKU": [75],
    "nIsNotInKU": [25],
    "nReleases": [">8000"],
    "nLastThirtyReleases": ["116"],
    "nLastNinetyReleases": ["347"],
    "nPreorders": ["51"]
  },
  {
    "currentAnalysisName": ["X0041_psychological_fiction_top100_6190491011_20190804.055424"],
    "analysisTimeString": ["20190804.055424"],
    "filenamesRoot": ["psychological_fiction_top100"],
    "categoryLabel": ["Psychological Fiction"],
    "pageLabel": ["Top 100"],
    "browseNodeID": ["6190491011"],
    "medianSalesRank": [983],
    "medianNPages": [347],
    "priceBreaks": [0, 0.99, 1.99, 2.99, 3.99, 4.99, 14.99],
    "priceCounts": [15, 10, 4, 13, 20, 37],
    "nIsInKU": [61],
    "nIsNotInKU": [39],
    "nReleases": [">10000"],
    "nLastThirtyReleases": ["269"],
    "nLastNinetyReleases": ["820"],
    "nPreorders": ["173"]
  },
  {
    "currentAnalysisName": ["X0041_assassinations_top100_7130643011_20190804.055556"],
    "analysisTimeString": ["20190804.055556"],
    "filenamesRoot": ["assassinations_top100"],
    "categoryLabel": ["Thrillers: Assassinations"],
    "pageLabel": ["Top 100"],
    "browseNodeID": ["7130643011"],
    "medianSalesRank": [3091],
    "medianNPages": [345],
    "priceBreaks": [0, 0.99, 1.99, 2.99, 3.99, 4.99, 14.99],
    "priceCounts": [3, 12, 10, 8, 28, 39],
    "nIsInKU": [76],
    "nIsNotInKU": [24],
    "nReleases": [">4000"],
    "nLastThirtyReleases": ["56"],
    "nLastNinetyReleases": ["160"],
    "nPreorders": ["40"]
  },
  {
    "currentAnalysisName": ["X0041_conspiracies_top100_7130644011_20190804.055651"],
    "analysisTimeString": ["20190804.055651"],
    "filenamesRoot": ["conspiracies_top100"],
    "categoryLabel": ["Thrillers: Conspiracies"],
    "pageLabel": ["Top 100"],
    "browseNodeID": ["7130644011"],
    "medianSalesRank": [2013],
    "medianNPages": [375],
    "priceBreaks": [0, 0.99, 1.99, 2.99, 3.99, 4.99, 14.99],
    "priceCounts": [3, 7, 10, 11, 24, 45],
    "nIsInKU": [82],
    "nIsNotInKU": [18],
    "nReleases": [">6000"],
    "nLastThirtyReleases": ["61"],
    "nLastNinetyReleases": ["190"],
    "nPreorders": ["48"]
  },
  {
    "currentAnalysisName": ["X0041_thrillers_crime_top100_6361462011_20190804.055749"],
    "analysisTimeString": ["20190804.055749"],
    "filenamesRoot": ["thrillers_crime_top100"],
    "categoryLabel": ["Thrillers: Crime"],
    "pageLabel": ["Top 100"],
    "browseNodeID": ["6361462011"],
    "medianSalesRank": [584],
    "medianNPages": [348],
    "priceBreaks": [0, 0.99, 1.99, 2.99, 3.99, 4.99, 14.99],
    "priceCounts": [5, 10, 2, 19, 28, 36],
    "nIsInKU": [73],
    "nIsNotInKU": [27],
    "nReleases": [">30000"],
    "nLastThirtyReleases": ["585"],
    "nLastNinetyReleases": [">1000"],
    "nPreorders": ["343"]
  },
  {
    "currentAnalysisName": ["X0041_espionage_top100_157322011_20190804.055841"],
    "analysisTimeString": ["20190804.055841"],
    "filenamesRoot": ["espionage_top100"],
    "categoryLabel": ["Thrillers: Espionage"],
    "pageLabel": ["Top 100"],
    "browseNodeID": ["157322011"],
    "medianSalesRank": [2396],
    "medianNPages": [392],
    "priceBreaks": [0, 0.99, 1.99, 2.99, 3.99, 4.99, 14.99],
    "priceCounts": [8, 16, 6, 12, 16, 42],
    "nIsInKU": [70],
    "nIsNotInKU": [30],
    "nReleases": [">10000"],
    "nLastThirtyReleases": ["119"],
    "nLastNinetyReleases": ["442"],
    "nPreorders": ["77"]
  },
  {
    "currentAnalysisName": ["X0041_financial_top100_7130645011_20190804.055937"],
    "analysisTimeString": ["20190804.055937"],
    "filenamesRoot": ["financial_top100"],
    "categoryLabel": ["Thrillers: Financial"],
    "pageLabel": ["Top 100"],
    "browseNodeID": ["7130645011"],
    "medianSalesRank": [9654],
    "medianNPages": [336],
    "priceBreaks": [0, 0.99, 1.99, 2.99, 3.99, 4.99, 13.99],
    "priceCounts": [5, 1, 16, 30, 30, 18],
    "nIsInKU": [85],
    "nIsNotInKU": [15],
    "nReleases": [">1000"],
    "nLastThirtyReleases": ["23"],
    "nLastNinetyReleases": ["62"],
    "nPreorders": ["                15"]
  },
  {
    "currentAnalysisName": ["X0041_thrillers_historical_top100_6361463011_20190804.060038"],
    "analysisTimeString": ["20190804.060038"],
    "filenamesRoot": ["thrillers_historical_top100"],
    "categoryLabel": ["Thrillers: Historical"],
    "pageLabel": ["Top 100"],
    "browseNodeID": ["6361463011"],
    "medianSalesRank": [11222],
    "medianNPages": [344],
    "priceBreaks": [0, 0.99, 1.99, 2.99, 3.99, 4.99, 14.99],
    "priceCounts": [9, 10, 17, 11, 18, 34],
    "nIsInKU": [54],
    "nIsNotInKU": [46],
    "nReleases": [">7000"],
    "nLastThirtyReleases": ["97"],
    "nLastNinetyReleases": ["352"],
    "nPreorders": ["64"]
  },
  {
    "currentAnalysisName": ["X0041_thrillers_legal_top100_157321011_20190804.060137"],
    "analysisTimeString": ["20190804.060137"],
    "filenamesRoot": ["thrillers_legal_top100"],
    "categoryLabel": ["Thrillers: Legal"],
    "pageLabel": ["Top 100"],
    "browseNodeID": ["157321011"],
    "medianSalesRank": [3176],
    "medianNPages": [349],
    "priceBreaks": [0, 0.99, 1.99, 2.99, 3.99, 4.99, 14.99],
    "priceCounts": [6, 4, 6, 11, 33, 40],
    "nIsInKU": [76],
    "nIsNotInKU": [24],
    "nReleases": [">6000"],
    "nLastThirtyReleases": ["62"],
    "nLastNinetyReleases": ["256"],
    "nPreorders": ["24"]
  },
  {
    "currentAnalysisName": ["X0041_thrillers_medical_top100_2225099011_20190804.060231"],
    "analysisTimeString": ["20190804.060231"],
    "filenamesRoot": ["thrillers_medical_top100"],
    "categoryLabel": ["Thrillers: Medical"],
    "pageLabel": ["Top 100"],
    "browseNodeID": ["2225099011"],
    "medianSalesRank": [15458],
    "medianNPages": [359],
    "priceBreaks": [0, 0.99, 1.99, 2.99, 3.99, 4.99, 13.99],
    "priceCounts": [8, 8, 7, 8, 30, 37],
    "nIsInKU": [65],
    "nIsNotInKU": [35],
    "nReleases": [">3000"],
    "nLastThirtyReleases": ["38"],
    "nLastNinetyReleases": ["134"],
    "nPreorders": ["29"]
  },
  {
    "currentAnalysisName": ["X0041_thrillers_military_top100_6361464011_20190804.060438"],
    "analysisTimeString": ["20190804.060438"],
    "filenamesRoot": ["thrillers_military_top100"],
    "categoryLabel": ["Thrillers: Military"],
    "pageLabel": ["Top 100"],
    "browseNodeID": ["6361464011"],
    "medianSalesRank": [3547],
    "medianNPages": [354],
    "priceBreaks": [0, 0.99, 1.99, 2.99, 3.99, 4.99, 14.99],
    "priceCounts": [14, 13, 5, 16, 14, 38],
    "nIsInKU": [71],
    "nIsNotInKU": [29],
    "nReleases": [">5000"],
    "nLastThirtyReleases": ["69"],
    "nLastNinetyReleases": ["194"],
    "nPreorders": ["39"]
  },
  {
    "currentAnalysisName": ["X0041_pulp_top100_7130646011_20190804.060535"],
    "analysisTimeString": ["20190804.060535"],
    "filenamesRoot": ["pulp_top100"],
    "categoryLabel": ["Thrillers:Pulp"],
    "pageLabel": ["Top 100"],
    "browseNodeID": ["7130646011"],
    "medianSalesRank": [4528],
    "medianNPages": [308],
    "priceBreaks": [0, 0.99, 1.99, 2.99, 3.99, 4.99, 9.99],
    "priceCounts": [14, 1, 16, 20, 35, 14],
    "nIsInKU": [98],
    "nIsNotInKU": [2],
    "nReleases": [">3000"],
    "nLastThirtyReleases": ["34"],
    "nLastNinetyReleases": ["101"],
    "nPreorders": ["20"]
  },
  {
    "currentAnalysisName": ["X0041_technothrillers_top100_157324011_20190804.060629"],
    "analysisTimeString": ["20190804.060629"],
    "filenamesRoot": ["technothrillers_top100"],
    "categoryLabel": ["Technothrillers"],
    "pageLabel": ["Top 100"],
    "browseNodeID": ["157324011"],
    "medianSalesRank": [4241],
    "medianNPages": [376],
    "priceBreaks": [0, 0.99, 1.99, 2.99, 3.99, 4.99, 14.99],
    "priceCounts": [6, 2, 7, 15, 24, 46],
    "nIsInKU": [83],
    "nIsNotInKU": [17],
    "nReleases": [">7000"],
    "nLastThirtyReleases": ["66"],
    "nLastNinetyReleases": ["207"],
    "nPreorders": ["49"]
  },
  {
    "currentAnalysisName": ["X0041_thrillers_terrorism_top100_7130647011_20190804.060729"],
    "analysisTimeString": ["20190804.060729"],
    "filenamesRoot": ["thrillers_terrorism_top100"],
    "categoryLabel": ["Thrillers:Terrorism"],
    "pageLabel": ["Top 100"],
    "browseNodeID": ["7130647011"],
    "medianSalesRank": [3768],
    "medianNPages": [381],
    "priceBreaks": [0, 0.99, 1.99, 2.99, 3.99, 4.99, 14.99],
    "priceCounts": [8, 7, 8, 12, 26, 39],
    "nIsInKU": [63],
    "nIsNotInKU": [37],
    "nReleases": [">5000"],
    "nLastThirtyReleases": ["67"],
    "nLastNinetyReleases": ["174"],
    "nPreorders": ["50"]
  }
]
