[
  {
    "currentAnalysisName": ["X0029_sff_top100_668010011_20190202.235129"],
    "analysisTimeString": ["20190202.235129"],
    "filenamesRoot": ["sff_top100"],
    "categoryLabel": ["Science Fiction & Fantasy"],
    "pageLabel": ["Top 100"],
    "browseNodeID": ["668010011"],
    "medianSalesRank": [371],
    "medianNPages": [369],
    "priceBreaks": [0, 0.99, 1.99, 2.99, 3.99, 4.99, 14.99],
    "priceCounts": [15, 9, 21, 15, 19, 21],
    "nIsInKU": [80],
    "nIsNotInKU": [20],
    "nReleases": [">50000"],
    "nLastThirtyReleases": [">9000"],
    "nLastNinetyReleases": [">20000"],
    "nPreorders": [">1000"]
  },
  {
    "currentAnalysisName": ["X0029_alternative_history_top100_6157855011_20190202.235224"],
    "analysisTimeString": ["20190202.235224"],
    "filenamesRoot": ["alternative_history_top100"],
    "categoryLabel": ["Alternative History"],
    "pageLabel": ["Top 100"],
    "browseNodeID": ["6157855011"],
    "medianSalesRank": [14696],
    "medianNPages": [352],
    "priceBreaks": [0, 0.99, 1.99, 2.99, 3.99, 4.99, 14.99],
    "priceCounts": [6, 4, 29, 27, 13, 21],
    "nIsInKU": [73],
    "nIsNotInKU": [27],
    "nReleases": [">10000"],
    "nLastThirtyReleases": [">1000"],
    "nLastNinetyReleases": [">3000"],
    "nPreorders": ["26"]
  },
  {
    "currentAnalysisName": ["X0029_dystopian_top100_6361470011_20190202.235322"],
    "analysisTimeString": ["20190202.235322"],
    "filenamesRoot": ["dystopian_top100"],
    "categoryLabel": ["Dystopian"],
    "pageLabel": ["Top 100"],
    "browseNodeID": ["6361470011"],
    "medianSalesRank": [2613],
    "medianNPages": [347],
    "priceBreaks": [0, 0.99, 1.99, 2.99, 3.99, 4.99, 14.99],
    "priceCounts": [13, 7, 20, 15, 18, 27],
    "nIsInKU": [72],
    "nIsNotInKU": [28],
    "nReleases": [">30000"],
    "nLastThirtyReleases": ["743"],
    "nLastNinetyReleases": [">2000"],
    "nPreorders": ["185"]
  },
  {
    "currentAnalysisName": ["X0029_fairy_tales_top100_7588857011_20190202.235420"],
    "analysisTimeString": ["20190202.235420"],
    "filenamesRoot": ["fairy_tales_top100"],
    "categoryLabel": ["Fairy Tales"],
    "pageLabel": ["Top 100"],
    "browseNodeID": ["7588857011"],
    "medianSalesRank": [8712],
    "medianNPages": [297],
    "priceBreaks": [0, 0.99, 1.99, 2.99, 3.99, 4.99, 12.99],
    "priceCounts": [12, 3, 27, 23, 24, 11],
    "nIsInKU": [86],
    "nIsNotInKU": [14],
    "nReleases": [">6000"],
    "nLastThirtyReleases": ["124"],
    "nLastNinetyReleases": ["351"],
    "nPreorders": ["40"]
  },
  {
    "currentAnalysisName": ["X0029_post_apocalyptic_top100_6361471011_20190202.235516"],
    "analysisTimeString": ["20190202.235516"],
    "filenamesRoot": ["post_apocalyptic_top100"],
    "categoryLabel": ["Post-Apocalyptic"],
    "pageLabel": ["Top 100"],
    "browseNodeID": ["6361471011"],
    "medianSalesRank": [2853],
    "medianNPages": [358],
    "priceBreaks": [0, 0.99, 1.99, 2.99, 3.99, 4.99, 14.99],
    "priceCounts": [20, 5, 25, 13, 15, 22],
    "nIsInKU": [75],
    "nIsNotInKU": [25],
    "nReleases": [">20000"],
    "nLastThirtyReleases": ["461"],
    "nLastNinetyReleases": [">1000"],
    "nPreorders": ["151"]
  },
  {
    "currentAnalysisName": ["X0029_w_and_s_top100_6401742011_20190202.235609"],
    "analysisTimeString": ["20190202.235609"],
    "filenamesRoot": ["w_and_s_top100"],
    "categoryLabel": ["Werewolves & Shifters"],
    "pageLabel": ["Top 100"],
    "browseNodeID": ["6401742011"],
    "medianSalesRank": [1638],
    "medianNPages": [274],
    "priceBreaks": [0, 0.99, 1.99, 2.99, 3.99, 4.99, 9.99],
    "priceCounts": [39, 1, 27, 17, 15, 1],
    "nIsInKU": [98],
    "nIsNotInKU": [2],
    "nReleases": [">20000"],
    "nLastThirtyReleases": ["293"],
    "nLastNinetyReleases": ["861"],
    "nPreorders": ["121"]
  },
  {
    "currentAnalysisName": ["X0029_pn_uf_top100_7006662011_20190202.235701"],
    "analysisTimeString": ["20190202.235701"],
    "filenamesRoot": ["pn_uf_top100"],
    "categoryLabel": ["Paranormal and Urban Fantasy"],
    "pageLabel": ["Top 100"],
    "browseNodeID": ["7006662011"],
    "medianSalesRank": [4320],
    "medianNPages": [293],
    "priceBreaks": [0, 0.99, 1.99, 2.99, 3.99, 4.99, 12.99],
    "priceCounts": [11, 4, 17, 39, 16, 13],
    "nIsInKU": [93],
    "nIsNotInKU": [7],
    "nReleases": [">10000"],
    "nLastThirtyReleases": ["142"],
    "nLastNinetyReleases": ["448"],
    "nPreorders": ["76"]
  },
  {
    "currentAnalysisName": ["X0029_dark_fantasy_top100_157062011_20190202.235756"],
    "analysisTimeString": ["20190202.235756"],
    "filenamesRoot": ["dark_fantasy_top100"],
    "categoryLabel": ["Horror: Dark Fantasy"],
    "pageLabel": ["Top 100"],
    "browseNodeID": ["157062011"],
    "medianSalesRank": [3050],
    "medianNPages": [343],
    "priceBreaks": [0, 0.99, 1.99, 2.99, 3.99, 4.99, 13.99],
    "priceCounts": [11, 3, 13, 26, 34, 13],
    "nIsInKU": [92],
    "nIsNotInKU": [8],
    "nReleases": [">20000"],
    "nLastThirtyReleases": ["437"],
    "nLastNinetyReleases": [">1000"],
    "nPreorders": ["183"]
  }
]
