[
  {
    "currentAnalysisName": ["X0025_romance_top100_158566011_20181202.234220"],
    "analysisTimeString": ["20181202.234220"],
    "filenamesRoot": ["romance_top100"],
    "categoryLabel": ["Romance"],
    "pageLabel": ["Top 100"],
    "browseNodeID": ["158566011"],
    "medianSalesRank": [138],
    "medianNPages": [290],
    "priceBreaks": [0, 0.99, 1.99, 2.99, 3.99, 4.99, 14.99],
    "priceCounts": [34, 5, 14, 20, 15, 12],
    "nIsInKU": [82],
    "nIsNotInKU": [18],
    "nReleases": [">50000"],
    "nLastThirtyReleases": [">10000"],
    "nLastNinetyReleases": [">20000"],
    "nPreorders": [">3000"]
  },
  {
    "currentAnalysisName": ["X0025_african_american_top100_6190465011_20181202.234329"],
    "analysisTimeString": ["20181202.234329"],
    "filenamesRoot": ["african_american_top100"],
    "categoryLabel": ["African American"],
    "pageLabel": ["Top 100"],
    "browseNodeID": ["6190465011"],
    "medianSalesRank": [2199],
    "medianNPages": [205],
    "priceBreaks": [0, 0.99, 1.99, 2.99, 3.99, 4.99, 9.99],
    "priceCounts": [52, 0, 26, 7, 7, 8],
    "nIsInKU": [97],
    "nIsNotInKU": [3],
    "nReleases": [">10000"],
    "nLastThirtyReleases": ["325"],
    "nLastNinetyReleases": ["974"],
    "nPreorders": ["44"]
  },
  {
    "currentAnalysisName": ["X0025_clean_and_wholesome_top100_11650867011_20181202.234433"],
    "analysisTimeString": ["20181202.234433"],
    "filenamesRoot": ["clean_and_wholesome_top100"],
    "categoryLabel": ["Clean & Wholesome"],
    "pageLabel": ["Top 100"],
    "browseNodeID": ["11650867011"],
    "medianSalesRank": [2769],
    "medianNPages": [316],
    "priceBreaks": [0, 0.99, 1.99, 2.99, 3.99, 4.99, 12.99],
    "priceCounts": [44, 5, 19, 8, 13, 11],
    "nIsInKU": [80],
    "nIsNotInKU": [20],
    "nReleases": [">6000"],
    "nLastThirtyReleases": ["180"],
    "nLastNinetyReleases": ["542"],
    "nPreorders": ["137"]
  },
  {
    "currentAnalysisName": ["X0025_contemporary_top100_158568011_20181202.234539"],
    "analysisTimeString": ["20181202.234539"],
    "filenamesRoot": ["contemporary_top100"],
    "categoryLabel": ["Contemporary"],
    "pageLabel": ["Top 100"],
    "browseNodeID": ["158568011"],
    "medianSalesRank": [228],
    "medianNPages": [297],
    "priceBreaks": [0, 0.99, 1.99, 2.99, 3.99, 4.99, 14.99],
    "priceCounts": [34, 5, 18, 17, 18, 8],
    "nIsInKU": [79],
    "nIsNotInKU": [21],
    "nReleases": [">50000"],
    "nLastThirtyReleases": [">3000"],
    "nLastNinetyReleases": [">9000"],
    "nPreorders": [">1000"]
  },
  {
    "currentAnalysisName": ["X0025_gothic_top100_6487830011_20181202.234646"],
    "analysisTimeString": ["20181202.234646"],
    "filenamesRoot": ["gothic_top100"],
    "categoryLabel": ["Gothic"],
    "pageLabel": ["Top 100"],
    "browseNodeID": ["6487830011"],
    "medianSalesRank": [7409],
    "medianNPages": [235],
    "priceBreaks": [0, 0.99, 1.99, 2.99, 3.99, 4.99, 9.99],
    "priceCounts": [30, 1, 19, 31, 16, 3],
    "nIsInKU": [91],
    "nIsNotInKU": [9],
    "nReleases": [">2000"],
    "nLastThirtyReleases": ["92"],
    "nLastNinetyReleases": ["188"],
    "nPreorders": ["18"]
  },
  {
    "currentAnalysisName": ["X0025_historical_romance_top100_158571011_20181202.234750"],
    "analysisTimeString": ["20181202.234750"],
    "filenamesRoot": ["historical_romance_top100"],
    "categoryLabel": ["Historical Romance"],
    "pageLabel": ["Top 100"],
    "browseNodeID": ["158571011"],
    "medianSalesRank": [1673],
    "medianNPages": [372],
    "priceBreaks": [0, 0.99, 1.99, 2.99, 3.99, 4.99, 9.99],
    "priceCounts": [47, 12, 9, 14, 8, 10],
    "nIsInKU": [68],
    "nIsNotInKU": [32],
    "nReleases": [">50000"],
    "nLastThirtyReleases": ["863"],
    "nLastNinetyReleases": [">2000"],
    "nPreorders": ["348"]
  },
  {
    "currentAnalysisName": ["X0025_gay_romance_top100_6487829011_20181202.234854"],
    "analysisTimeString": ["20181202.234854"],
    "filenamesRoot": ["gay_romance_top100"],
    "categoryLabel": ["Gay Romance"],
    "pageLabel": ["Top 100"],
    "browseNodeID": ["6487829011"],
    "medianSalesRank": [2721],
    "medianNPages": [234],
    "priceBreaks": [0, 0.99, 1.99, 2.99, 3.99, 4.99, 6.99],
    "priceCounts": [9, 1, 31, 38, 16, 5],
    "nIsInKU": [85],
    "nIsNotInKU": [15],
    "nReleases": [">40000"],
    "nLastThirtyReleases": ["935"],
    "nLastNinetyReleases": [">2000"],
    "nPreorders": ["195"]
  },
  {
    "currentAnalysisName": ["X0025_lesbian_romance_top100_6487835011_20181202.234959"],
    "analysisTimeString": ["20181202.234959"],
    "filenamesRoot": ["lesbian_romance_top100"],
    "categoryLabel": ["Lesbian Romance"],
    "pageLabel": ["Top 100"],
    "browseNodeID": ["6487835011"],
    "medianSalesRank": [15473],
    "medianNPages": [239],
    "priceBreaks": [0, 0.99, 1.99, 2.99, 3.99, 4.99, 9.99],
    "priceCounts": [6, 3, 23, 12, 21, 35],
    "nIsInKU": [82],
    "nIsNotInKU": [18],
    "nReleases": [">9000"],
    "nLastThirtyReleases": ["236"],
    "nLastNinetyReleases": ["728"],
    "nPreorders": ["48"]
  },
  {
    "currentAnalysisName": ["X0025_bisexual_top100_10886542011_20181202.235100"],
    "analysisTimeString": ["20181202.235100"],
    "filenamesRoot": ["bisexual_top100"],
    "categoryLabel": ["Bisexual"],
    "pageLabel": ["Top 100"],
    "browseNodeID": ["10886542011"],
    "medianSalesRank": [8891],
    "medianNPages": [249],
    "priceBreaks": [0, 0.99, 1.99, 2.99, 3.99, 4.99, 11.99],
    "priceCounts": [10, 2, 31, 38, 11, 8],
    "nIsInKU": [89],
    "nIsNotInKU": [11],
    "nReleases": [">5000"],
    "nLastThirtyReleases": ["232"],
    "nLastNinetyReleases": ["548"],
    "nPreorders": ["40"]
  },
  {
    "currentAnalysisName": ["X0025_military_top100_6487836011_20181202.235210"],
    "analysisTimeString": ["20181202.235210"],
    "filenamesRoot": ["military_top100"],
    "categoryLabel": ["Military"],
    "pageLabel": ["Top 100"],
    "browseNodeID": ["6487836011"],
    "medianSalesRank": [1363],
    "medianNPages": [279],
    "priceBreaks": [0, 0.99, 1.99, 2.99, 3.99, 4.99, 9.99],
    "priceCounts": [39, 6, 22, 19, 11, 3],
    "nIsInKU": [85],
    "nIsNotInKU": [15],
    "nReleases": [">20000"],
    "nLastThirtyReleases": ["456"],
    "nLastNinetyReleases": [">1000"],
    "nPreorders": ["204"]
  },
  {
    "currentAnalysisName": ["X0025_mystery_and_suspense_top100_6487839011_20181202.235320"],
    "analysisTimeString": ["20181202.235320"],
    "filenamesRoot": ["mystery_and_suspense_top100"],
    "categoryLabel": ["Mystery & Suspense"],
    "pageLabel": ["Top 100"],
    "browseNodeID": ["6487839011"],
    "medianSalesRank": [630],
    "medianNPages": [311],
    "priceBreaks": [0, 0.99, 1.99, 2.99, 3.99, 4.99, 14.99],
    "priceCounts": [20, 15, 19, 18, 18, 10],
    "nIsInKU": [73],
    "nIsNotInKU": [27],
    "nReleases": [">50000"],
    "nLastThirtyReleases": [">1000"],
    "nLastNinetyReleases": [">3000"],
    "nPreorders": ["536"]
  },
  {
    "currentAnalysisName": ["X0025_new_adult_and_college_top100_6487838011_20181202.235424"],
    "analysisTimeString": ["20181202.235424"],
    "filenamesRoot": ["new_adult_and_college_top100"],
    "categoryLabel": ["New Adult & College"],
    "pageLabel": ["Top 100"],
    "browseNodeID": ["6487838011"],
    "medianSalesRank": [652],
    "medianNPages": [285],
    "priceBreaks": [0, 0.99, 1.99, 2.99, 3.99, 4.99, 9.99],
    "priceCounts": [35, 3, 33, 16, 9, 4],
    "nIsInKU": [91],
    "nIsNotInKU": [9],
    "nReleases": [">20000"],
    "nLastThirtyReleases": ["355"],
    "nLastNinetyReleases": [">1000"],
    "nPreorders": ["115"]
  },
  {
    "currentAnalysisName": ["X0025_paranormal_top100_6190484011_20181202.235528"],
    "analysisTimeString": ["20181202.235528"],
    "filenamesRoot": ["paranormal_top100"],
    "categoryLabel": ["Paranormal"],
    "pageLabel": ["Top 100"],
    "browseNodeID": ["6190484011"],
    "medianSalesRank": [771],
    "medianNPages": [269],
    "priceBreaks": [0, 0.99, 1.99, 2.99, 3.99, 4.99, 14.99],
    "priceCounts": [39, 6, 20, 20, 8, 7],
    "nIsInKU": [86],
    "nIsNotInKU": [14],
    "nReleases": [">50000"],
    "nLastThirtyReleases": ["913"],
    "nLastNinetyReleases": [">2000"],
    "nPreorders": ["388"]
  },
  {
    "currentAnalysisName": ["X0025_romantic_comedy_top100_6487841011_20181202.235634"],
    "analysisTimeString": ["20181202.235634"],
    "filenamesRoot": ["romantic_comedy_top100"],
    "categoryLabel": ["Romantic Comedy"],
    "pageLabel": ["Top 100"],
    "browseNodeID": ["6487841011"],
    "medianSalesRank": [445],
    "medianNPages": [292],
    "priceBreaks": [0, 0.99, 1.99, 2.99, 3.99, 4.99, 13.99],
    "priceCounts": [36, 1, 24, 24, 9, 6],
    "nIsInKU": [86],
    "nIsNotInKU": [14],
    "nReleases": [">50000"],
    "nLastThirtyReleases": [">1000"],
    "nLastNinetyReleases": [">3000"],
    "nPreorders": ["401"]
  },
  {
    "currentAnalysisName": ["X0025_science_fiction_top100_6401744011_20181202.235746"],
    "analysisTimeString": ["20181202.235746"],
    "filenamesRoot": ["science_fiction_top100"],
    "categoryLabel": ["Science Fiction"],
    "pageLabel": ["Top 100"],
    "browseNodeID": ["6401744011"],
    "medianSalesRank": [2049],
    "medianNPages": [279],
    "priceBreaks": [0, 0.99, 1.99, 2.99, 3.99, 4.99, 14.99],
    "priceCounts": [26, 2, 23, 26, 14, 9],
    "nIsInKU": [88],
    "nIsNotInKU": [12],
    "nReleases": [">10000"],
    "nLastThirtyReleases": ["277"],
    "nLastNinetyReleases": ["795"],
    "nPreorders": ["89"]
  },
  {
    "currentAnalysisName": ["X0025_sports_top100_6487842011_20181202.235854"],
    "analysisTimeString": ["20181202.235854"],
    "filenamesRoot": ["sports_top100"],
    "categoryLabel": ["Sports"],
    "pageLabel": ["Top 100"],
    "browseNodeID": ["6487842011"],
    "medianSalesRank": [1690],
    "medianNPages": [278],
    "priceBreaks": [0, 0.99, 1.99, 2.99, 3.99, 4.99, 9.99],
    "priceCounts": [19, 3, 28, 40, 8, 2],
    "nIsInKU": [93],
    "nIsNotInKU": [7],
    "nReleases": [">10000"],
    "nLastThirtyReleases": ["299"],
    "nLastNinetyReleases": ["753"],
    "nPreorders": ["89"]
  },
  {
    "currentAnalysisName": ["X0025_westerns_top100_6190489011_20181203.000001"],
    "analysisTimeString": ["20181203.000001"],
    "filenamesRoot": ["westerns_top100"],
    "categoryLabel": ["Westerns"],
    "pageLabel": ["Top 100"],
    "browseNodeID": ["6190489011"],
    "medianSalesRank": [3122],
    "medianNPages": [244],
    "priceBreaks": [0, 0.99, 1.99, 2.99, 3.99, 4.99, 10.99],
    "priceCounts": [55, 3, 21, 10, 6, 5],
    "nIsInKU": [75],
    "nIsNotInKU": [25],
    "nReleases": [">20000"],
    "nLastThirtyReleases": ["348"],
    "nLastNinetyReleases": ["950"],
    "nPreorders": ["149"]
  }
]
