[
  {
    "currentAnalysisName": ["X0029_erotica_top100_157057011_20190203.020942"],
    "analysisTimeString": ["20190203.020942"],
    "filenamesRoot": ["erotica_top100"],
    "categoryLabel": ["Erotica"],
    "pageLabel": ["Top 100"],
    "browseNodeID": ["157057011"],
    "medianSalesRank": [6614],
    "medianNPages": [198],
    "priceBreaks": [0, 0.99, 1.99, 2.99, 3.99, 4.99, 9.99],
    "priceCounts": [40, 2, 21, 14, 7, 16],
    "nIsInKU": [89],
    "nIsNotInKU": [11],
    "nReleases": [">50000"],
    "nLastThirtyReleases": [">50000"],
    "nLastNinetyReleases": [">50000"],
    "nPreorders": [">50000"]
  },
  {
    "currentAnalysisName": ["X0029_e_action_adventure_top100_7620210011_20190203.021036"],
    "analysisTimeString": ["20190203.021036"],
    "filenamesRoot": ["e_action_adventure_top100"],
    "categoryLabel": ["Erotica: Action and Adventure"],
    "pageLabel": ["Top 100"],
    "browseNodeID": ["7620210011"],
    "medianSalesRank": [19724],
    "medianNPages": [167],
    "priceBreaks": [0, 0.99, 1.99, 2.99, 3.99, 4.99, 9.99],
    "priceCounts": [35, 0, 25, 10, 4, 26],
    "nIsInKU": [89],
    "nIsNotInKU": [11],
    "nReleases": [">20000"],
    "nLastThirtyReleases": [">20000"],
    "nLastNinetyReleases": [">20000"],
    "nPreorders": [">20000"]
  },
  {
    "currentAnalysisName": ["X0029_e_african_american_top100_6190461011_20190203.021137"],
    "analysisTimeString": ["20190203.021137"],
    "filenamesRoot": ["e_african_american_top100"],
    "categoryLabel": ["Erotica: African American"],
    "pageLabel": ["Top 100"],
    "browseNodeID": ["6190461011"],
    "medianSalesRank": [106260],
    "medianNPages": [175],
    "priceBreaks": [0, 0.99, 1.99, 2.99, 3.99, 4.99, 12.99],
    "priceCounts": [26, 9, 43, 15, 2, 5],
    "nIsInKU": [88],
    "nIsNotInKU": [12],
    "nReleases": [">3000"],
    "nLastThirtyReleases": [">3000"],
    "nLastNinetyReleases": [">3000"],
    "nPreorders": [">3000"]
  },
  {
    "currentAnalysisName": ["X0029_e_bdsm_top100_7620212011_20190203.021232"],
    "analysisTimeString": ["20190203.021232"],
    "filenamesRoot": ["e_bdsm_top100"],
    "categoryLabel": ["Erotica: BDSM"],
    "pageLabel": ["Top 100"],
    "browseNodeID": ["7620212011"],
    "medianSalesRank": [14797],
    "medianNPages": [244],
    "priceBreaks": [0, 0.99, 1.99, 2.99, 3.99, 4.99, 9.99],
    "priceCounts": [16, 1, 22, 15, 14, 32],
    "nIsInKU": [88],
    "nIsNotInKU": [12],
    "nReleases": [">50000"],
    "nLastThirtyReleases": [">50000"],
    "nLastNinetyReleases": [">50000"],
    "nPreorders": [">50000"]
  },
  {
    "currentAnalysisName": ["X0029_e_historical_top100_7620218011_20190203.021323"],
    "analysisTimeString": ["20190203.021323"],
    "filenamesRoot": ["e_historical_top100"],
    "categoryLabel": ["Erotica: Historical"],
    "pageLabel": ["Top 100"],
    "browseNodeID": ["7620218011"],
    "medianSalesRank": [29589],
    "medianNPages": [482],
    "priceBreaks": [0, 0.99, 1.99, 2.99, 3.99, 4.99, 11.99],
    "priceCounts": [7, 1, 26, 15, 10, 41],
    "nIsInKU": [76],
    "nIsNotInKU": [24],
    "nReleases": [">10000"],
    "nLastThirtyReleases": [">10000"],
    "nLastNinetyReleases": [">10000"],
    "nPreorders": [">10000"]
  },
  {
    "currentAnalysisName": ["X0029_e_horror_top100_7620219011_20190203.021415"],
    "analysisTimeString": ["20190203.021415"],
    "filenamesRoot": ["e_horror_top100"],
    "categoryLabel": ["Erotica: Horror"],
    "pageLabel": ["Top 100"],
    "browseNodeID": ["7620219011"],
    "medianSalesRank": [39955],
    "medianNPages": [227],
    "priceBreaks": [0, 0.99, 1.99, 2.99, 3.99, 4.99, 9.99],
    "priceCounts": [5, 0, 27, 13, 9, 46],
    "nIsInKU": [90],
    "nIsNotInKU": [10],
    "nReleases": [">8000"],
    "nLastThirtyReleases": [">8000"],
    "nLastNinetyReleases": [">8000"],
    "nPreorders": [">8000"]
  },
  {
    "currentAnalysisName": ["X0029_e_humorous_top100_7620220011_20190203.021507"],
    "analysisTimeString": ["20190203.021507"],
    "filenamesRoot": ["e_humorous_top100"],
    "categoryLabel": ["Erotica: Humorous"],
    "pageLabel": ["Top 100"],
    "browseNodeID": ["7620220011"],
    "medianSalesRank": [21509],
    "medianNPages": [236],
    "priceBreaks": [0, 0.99, 1.99, 2.99, 3.99, 4.99, 9.99],
    "priceCounts": [16, 0, 29, 26, 8, 20],
    "nIsInKU": [78],
    "nIsNotInKU": [22],
    "nReleases": [">10000"],
    "nLastThirtyReleases": [">10000"],
    "nLastNinetyReleases": [">10000"],
    "nPreorders": [">10000"]
  },
  {
    "currentAnalysisName": ["X0029_e_interracial_top100_7620221011_20190203.021559"],
    "analysisTimeString": ["20190203.021559"],
    "filenamesRoot": ["e_interracial_top100"],
    "categoryLabel": ["Erotica: Interracial"],
    "pageLabel": ["Top 100"],
    "browseNodeID": ["7620221011"],
    "medianSalesRank": [34118],
    "medianNPages": [254],
    "priceBreaks": [0, 0.99, 1.99, 2.99, 3.99, 4.99, 9.99],
    "priceCounts": [8, 0, 31, 13, 11, 36],
    "nIsInKU": [91],
    "nIsNotInKU": [9],
    "nReleases": [">20000"],
    "nLastThirtyReleases": [">20000"],
    "nLastNinetyReleases": [">20000"],
    "nPreorders": [">20000"]
  },
  {
    "currentAnalysisName": ["X0029_e_lgbt_top100_7620213011_20190203.021650"],
    "analysisTimeString": ["20190203.021650"],
    "filenamesRoot": ["e_lgbt_top100"],
    "categoryLabel": ["Erotica: LGBT"],
    "pageLabel": ["Top 100"],
    "browseNodeID": ["7620213011"],
    "medianSalesRank": [19140],
    "medianNPages": [319],
    "priceBreaks": [0, 0.99, 1.99, 2.99, 3.99, 4.99, 9.99],
    "priceCounts": [10, 1, 26, 21, 11, 31],
    "nIsInKU": [91],
    "nIsNotInKU": [9],
    "nReleases": [">50000"],
    "nLastThirtyReleases": [">50000"],
    "nLastNinetyReleases": [">50000"],
    "nPreorders": [">50000"]
  },
  {
    "currentAnalysisName": ["X0029_e_mystery_top100_7620222011_20190203.021739"],
    "analysisTimeString": ["20190203.021739"],
    "filenamesRoot": ["e_mystery_top100"],
    "categoryLabel": ["Erotica: Mystery"],
    "pageLabel": ["Top 100"],
    "browseNodeID": ["7620222011"],
    "medianSalesRank": [37871],
    "medianNPages": [287],
    "priceBreaks": [0, 0.99, 1.99, 2.99, 3.99, 4.99, 9.99],
    "priceCounts": [20, 1, 24, 17, 4, 34],
    "nIsInKU": [69],
    "nIsNotInKU": [31],
    "nReleases": [">10000"],
    "nLastThirtyReleases": [">10000"],
    "nLastNinetyReleases": [">10000"],
    "nPreorders": [">10000"]
  },
  {
    "currentAnalysisName": ["X0029_e_paranormal_top100_7620223011_20190203.021832"],
    "analysisTimeString": ["20190203.021832"],
    "filenamesRoot": ["e_paranormal_top100"],
    "categoryLabel": ["Erotica: Paranormal"],
    "pageLabel": ["Top 100"],
    "browseNodeID": ["7620223011"],
    "medianSalesRank": [34103],
    "medianNPages": [295],
    "priceBreaks": [0, 0.99, 1.99, 2.99, 3.99, 4.99, 12.99],
    "priceCounts": [11, 0, 33, 20, 5, 31],
    "nIsInKU": [77],
    "nIsNotInKU": [23],
    "nReleases": [">20000"],
    "nLastThirtyReleases": [">20000"],
    "nLastNinetyReleases": [">20000"],
    "nPreorders": [">20000"]
  },
  {
    "currentAnalysisName": ["X0029_e_romantic_top100_7620225011_20190203.021924"],
    "analysisTimeString": ["20190203.021924"],
    "filenamesRoot": ["e_romantic_top100"],
    "categoryLabel": ["Erotica: Romantic Erotica"],
    "pageLabel": ["Top 100"],
    "browseNodeID": ["7620225011"],
    "medianSalesRank": [16967],
    "medianNPages": [261],
    "priceBreaks": [0, 0.99, 1.99, 2.99, 3.99, 4.99, 12.99],
    "priceCounts": [21, 1, 20, 27, 10, 21],
    "nIsInKU": [64],
    "nIsNotInKU": [36],
    "nReleases": [">40000"],
    "nLastThirtyReleases": [">40000"],
    "nLastNinetyReleases": [">40000"],
    "nPreorders": [">40000"]
  },
  {
    "currentAnalysisName": ["X0029_e_scifi_top100_7620226011_20190203.022015"],
    "analysisTimeString": ["20190203.022015"],
    "filenamesRoot": ["e_scifi_top100"],
    "categoryLabel": ["Erotica: Science Fiction"],
    "pageLabel": ["Top 100"],
    "browseNodeID": ["7620226011"],
    "medianSalesRank": [45596],
    "medianNPages": [195],
    "priceBreaks": [0, 0.99, 1.99, 2.99, 3.99, 4.99, 12.99],
    "priceCounts": [6, 0, 45, 10, 5, 34],
    "nIsInKU": [73],
    "nIsNotInKU": [27],
    "nReleases": [">10000"],
    "nLastThirtyReleases": [">10000"],
    "nLastNinetyReleases": [">10000"],
    "nPreorders": [">10000"]
  },
  {
    "currentAnalysisName": ["X0029_e_suspense_top100_7620227011_20190203.022108"],
    "analysisTimeString": ["20190203.022108"],
    "filenamesRoot": ["e_suspense_top100"],
    "categoryLabel": ["Erotica: Suspense"],
    "pageLabel": ["Top 100"],
    "browseNodeID": ["7620227011"],
    "medianSalesRank": [16992],
    "medianNPages": [249],
    "priceBreaks": [0, 0.99, 1.99, 2.99, 3.99, 4.99, 12.99],
    "priceCounts": [32, 1, 23, 13, 9, 22],
    "nIsInKU": [79],
    "nIsNotInKU": [21],
    "nReleases": [">10000"],
    "nLastThirtyReleases": [">10000"],
    "nLastNinetyReleases": [">10000"],
    "nPreorders": [">10000"]
  },
  {
    "currentAnalysisName": ["X0029_e_thrillers_top100_7620228011_20190203.022157"],
    "analysisTimeString": ["20190203.022157"],
    "filenamesRoot": ["e_thrillers_top100"],
    "categoryLabel": ["Erotica: Thrillers"],
    "pageLabel": ["Top 100"],
    "browseNodeID": ["7620228011"],
    "medianSalesRank": [22664],
    "medianNPages": [181],
    "priceBreaks": [0, 0.99, 1.99, 2.99, 3.99, 4.99, 9.99],
    "priceCounts": [32, 0, 24, 11, 8, 25],
    "nIsInKU": [92],
    "nIsNotInKU": [8],
    "nReleases": [">10000"],
    "nLastThirtyReleases": [">10000"],
    "nLastNinetyReleases": [">10000"],
    "nPreorders": [">10000"]
  },
  {
    "currentAnalysisName": ["X0029_e_urban_top100_7620229011_20190203.022245"],
    "analysisTimeString": ["20190203.022245"],
    "filenamesRoot": ["e_urban_top100"],
    "categoryLabel": ["Erotica: Urban"],
    "pageLabel": ["Top 100"],
    "browseNodeID": ["7620229011"],
    "medianSalesRank": [23248],
    "medianNPages": [141],
    "priceBreaks": [0, 0.99, 1.99, 2.99, 3.99, 4.99, 12.99],
    "priceCounts": [12, 2, 40, 11, 8, 27],
    "nIsInKU": [91],
    "nIsNotInKU": [9],
    "nReleases": [">20000"],
    "nLastThirtyReleases": [">20000"],
    "nLastNinetyReleases": [">20000"],
    "nPreorders": [">20000"]
  },
  {
    "currentAnalysisName": ["X0029_e_victorian_top100_7620230011_20190203.022334"],
    "analysisTimeString": ["20190203.022334"],
    "filenamesRoot": ["e_victorian_top100"],
    "categoryLabel": ["Erotica: Victorian"],
    "pageLabel": ["Top 100"],
    "browseNodeID": ["7620230011"],
    "medianSalesRank": [50646],
    "medianNPages": [305],
    "priceBreaks": [0, 0.99, 1.99, 2.99, 3.99, 4.99, 9.99],
    "priceCounts": [3, 0, 35, 9, 11, 42],
    "nIsInKU": [90],
    "nIsNotInKU": [10],
    "nReleases": [">5000"],
    "nLastThirtyReleases": [">5000"],
    "nLastNinetyReleases": [">5000"],
    "nPreorders": [">5000"]
  },
  {
    "currentAnalysisName": ["X0029_e_westerns_top100_7620231011_20190203.022426"],
    "analysisTimeString": ["20190203.022426"],
    "filenamesRoot": ["e_westerns_top100"],
    "categoryLabel": ["Erotica: Westerns"],
    "pageLabel": ["Top 100"],
    "browseNodeID": ["7620231011"],
    "medianSalesRank": [33422],
    "medianNPages": [311],
    "priceBreaks": [0, 0.99, 1.99, 2.99, 3.99, 4.99, 9.99],
    "priceCounts": [12, 1, 34, 11, 8, 34],
    "nIsInKU": [87],
    "nIsNotInKU": [13],
    "nReleases": [">6000"],
    "nLastThirtyReleases": [">6000"],
    "nLastNinetyReleases": [">6000"],
    "nPreorders": [">6000"]
  }
]
