[
  {
    "currentAnalysisName": ["X0037_romance_top100_158566011_20190605.022538"],
    "analysisTimeString": ["20190605.022538"],
    "filenamesRoot": ["romance_top100"],
    "categoryLabel": ["Romance"],
    "pageLabel": ["Top 100"],
    "browseNodeID": ["158566011"],
    "medianSalesRank": [106],
    "medianNPages": [323],
    "priceBreaks": [0, 0.99, 1.99, 2.99, 3.99, 4.99, 14.99],
    "priceCounts": [28, 10, 21, 14, 20, 7],
    "nIsInKU": [85],
    "nIsNotInKU": [15],
    "nReleases": [">60000"],
    "nLastThirtyReleases": [">10000"],
    "nLastNinetyReleases": [">30000"],
    "nPreorders": [">3000"]
  },
  {
    "currentAnalysisName": ["X0037_african_american_top100_6190465011_20190605.022645"],
    "analysisTimeString": ["20190605.022645"],
    "filenamesRoot": ["african_american_top100"],
    "categoryLabel": ["African American"],
    "pageLabel": ["Top 100"],
    "browseNodeID": ["6190465011"],
    "medianSalesRank": [3338],
    "medianNPages": [195],
    "priceBreaks": [0, 0.99, 1.99, 2.99, 3.99, 4.99, 11.99],
    "priceCounts": [34, 0, 28, 7, 9, 22],
    "nIsInKU": [95],
    "nIsNotInKU": [5],
    "nReleases": [">10000"],
    "nLastThirtyReleases": ["306"],
    "nLastNinetyReleases": ["893"],
    "nPreorders": ["71"]
  },
  {
    "currentAnalysisName": ["X0037_clean_and_wholesome_top100_11650867011_20190605.022746"],
    "analysisTimeString": ["20190605.022746"],
    "filenamesRoot": ["clean_and_wholesome_top100"],
    "categoryLabel": ["Clean & Wholesome"],
    "pageLabel": ["Top 100"],
    "browseNodeID": ["11650867011"],
    "medianSalesRank": [2961],
    "medianNPages": [298],
    "priceBreaks": [0, 0.99, 1.99, 2.99, 3.99, 4.99, 13.99],
    "priceCounts": [37, 10, 10, 24, 5, 14],
    "nIsInKU": [86],
    "nIsNotInKU": [14],
    "nReleases": [">7000"],
    "nLastThirtyReleases": ["185"],
    "nLastNinetyReleases": ["535"],
    "nPreorders": ["139"]
  },
  {
    "currentAnalysisName": ["X0037_contemporary_top100_158568011_20190605.022851"],
    "analysisTimeString": ["20190605.022851"],
    "filenamesRoot": ["contemporary_top100"],
    "categoryLabel": ["Contemporary"],
    "pageLabel": ["Top 100"],
    "browseNodeID": ["158568011"],
    "medianSalesRank": [197],
    "medianNPages": [305],
    "priceBreaks": [0, 0.99, 1.99, 2.99, 3.99, 4.99, 14.99],
    "priceCounts": [32, 7, 19, 23, 12, 7],
    "nIsInKU": [86],
    "nIsNotInKU": [14],
    "nReleases": [">50000"],
    "nLastThirtyReleases": [">3000"],
    "nLastNinetyReleases": [">8000"],
    "nPreorders": [">1000"]
  },
  {
    "currentAnalysisName": ["X0037_gothic_top100_6487830011_20190605.022950"],
    "analysisTimeString": ["20190605.022950"],
    "filenamesRoot": ["gothic_top100"],
    "categoryLabel": ["Gothic"],
    "pageLabel": ["Top 100"],
    "browseNodeID": ["6487830011"],
    "medianSalesRank": [5868],
    "medianNPages": [247],
    "priceBreaks": [0, 0.99, 1.99, 2.99, 3.99, 4.99, 9.99],
    "priceCounts": [21, 1, 13, 32, 26, 7],
    "nIsInKU": [86],
    "nIsNotInKU": [14],
    "nReleases": [">2000"],
    "nLastThirtyReleases": ["59"],
    "nLastNinetyReleases": ["165"],
    "nPreorders": ["21"]
  },
  {
    "currentAnalysisName": ["X0037_historical_romance_top100_158571011_20190605.023052"],
    "analysisTimeString": ["20190605.023052"],
    "filenamesRoot": ["historical_romance_top100"],
    "categoryLabel": ["Historical Romance"],
    "pageLabel": ["Top 100"],
    "browseNodeID": ["158571011"],
    "medianSalesRank": [1844],
    "medianNPages": [333],
    "priceBreaks": [0, 0.99, 1.99, 2.99, 3.99, 4.99, 10.99],
    "priceCounts": [44, 13, 10, 13, 7, 13],
    "nIsInKU": [69],
    "nIsNotInKU": [31],
    "nReleases": [">50000"],
    "nLastThirtyReleases": ["714"],
    "nLastNinetyReleases": [">2000"],
    "nPreorders": ["417"]
  },
  {
    "currentAnalysisName": ["X0037_gay_romance_top100_6487829011_20190605.023155"],
    "analysisTimeString": ["20190605.023155"],
    "filenamesRoot": ["gay_romance_top100"],
    "categoryLabel": ["Gay Romance"],
    "pageLabel": ["Top 100"],
    "browseNodeID": ["6487829011"],
    "medianSalesRank": [2987],
    "medianNPages": [231],
    "priceBreaks": [0, 0.99, 1.99, 2.99, 3.99, 4.99, 9.99],
    "priceCounts": [11, 3, 17, 43, 23, 3],
    "nIsInKU": [88],
    "nIsNotInKU": [12],
    "nReleases": [">40000"],
    "nLastThirtyReleases": ["938"],
    "nLastNinetyReleases": [">2000"],
    "nPreorders": ["183"]
  },
  {
    "currentAnalysisName": ["X0037_lesbian_romance_top100_6487835011_20190605.023254"],
    "analysisTimeString": ["20190605.023254"],
    "filenamesRoot": ["lesbian_romance_top100"],
    "categoryLabel": ["Lesbian Romance"],
    "pageLabel": ["Top 100"],
    "browseNodeID": ["6487835011"],
    "medianSalesRank": [15599],
    "medianNPages": [246],
    "priceBreaks": [0, 0.99, 1.99, 2.99, 3.99, 4.99, 9.99],
    "priceCounts": [8, 1, 16, 19, 16, 40],
    "nIsInKU": [72],
    "nIsNotInKU": [28],
    "nReleases": [">10000"],
    "nLastThirtyReleases": ["229"],
    "nLastNinetyReleases": ["675"],
    "nPreorders": ["52"]
  },
  {
    "currentAnalysisName": ["X0037_bisexual_top100_10886542011_20190605.023354"],
    "analysisTimeString": ["20190605.023354"],
    "filenamesRoot": ["bisexual_top100"],
    "categoryLabel": ["Bisexual"],
    "pageLabel": ["Top 100"],
    "browseNodeID": ["10886542011"],
    "medianSalesRank": [7994],
    "medianNPages": [280],
    "priceBreaks": [0, 0.99, 1.99, 2.99, 3.99, 4.99, 12.99],
    "priceCounts": [13, 0, 21, 40, 20, 6],
    "nIsInKU": [88],
    "nIsNotInKU": [12],
    "nReleases": [">6000"],
    "nLastThirtyReleases": ["288"],
    "nLastNinetyReleases": ["598"],
    "nPreorders": ["48"]
  },
  {
    "currentAnalysisName": ["X0037_military_top100_6487836011_20190605.023450"],
    "analysisTimeString": ["20190605.023450"],
    "filenamesRoot": ["military_top100"],
    "categoryLabel": ["Military"],
    "pageLabel": ["Top 100"],
    "browseNodeID": ["6487836011"],
    "medianSalesRank": [965],
    "medianNPages": [283],
    "priceBreaks": [0, 0.99, 1.99, 2.99, 3.99, 4.99, 7.99],
    "priceCounts": [44, 3, 14, 23, 13, 3],
    "nIsInKU": [85],
    "nIsNotInKU": [15],
    "nReleases": [">20000"],
    "nLastThirtyReleases": ["431"],
    "nLastNinetyReleases": [">1000"],
    "nPreorders": ["239"]
  },
  {
    "currentAnalysisName": ["X0037_mystery_and_suspense_top100_6487839011_20190605.023551"],
    "analysisTimeString": ["20190605.023551"],
    "filenamesRoot": ["mystery_and_suspense_top100"],
    "categoryLabel": ["Mystery & Suspense"],
    "pageLabel": ["Top 100"],
    "browseNodeID": ["6487839011"],
    "medianSalesRank": [496],
    "medianNPages": [337],
    "priceBreaks": [0, 0.99, 1.99, 2.99, 3.99, 4.99, 14.99],
    "priceCounts": [26, 22, 13, 14, 16, 9],
    "nIsInKU": [83],
    "nIsNotInKU": [17],
    "nReleases": [">50000"],
    "nLastThirtyReleases": [">1000"],
    "nLastNinetyReleases": [">3000"],
    "nPreorders": ["659"]
  },
  {
    "currentAnalysisName": ["X0037_new_adult_and_college_top100_6487838011_20190605.023645"],
    "analysisTimeString": ["20190605.023645"],
    "filenamesRoot": ["new_adult_and_college_top100"],
    "categoryLabel": ["New Adult & College"],
    "pageLabel": ["Top 100"],
    "browseNodeID": ["6487838011"],
    "medianSalesRank": [616],
    "medianNPages": [317],
    "priceBreaks": [0, 0.99, 1.99, 2.99, 3.99, 4.99, 4.99],
    "priceCounts": [32, 2, 30, 30, 6, 0],
    "nIsInKU": [94],
    "nIsNotInKU": [6],
    "nReleases": [">20000"],
    "nLastThirtyReleases": ["403"],
    "nLastNinetyReleases": [">1000"],
    "nPreorders": ["153"]
  },
  {
    "currentAnalysisName": ["X0037_paranormal_top100_6190484011_20190605.023743"],
    "analysisTimeString": ["20190605.023743"],
    "filenamesRoot": ["paranormal_top100"],
    "categoryLabel": ["Paranormal"],
    "pageLabel": ["Top 100"],
    "browseNodeID": ["6190484011"],
    "medianSalesRank": [804],
    "medianNPages": [276],
    "priceBreaks": [0, 0.99, 1.99, 2.99, 3.99, 4.99, 13.99],
    "priceCounts": [28, 0, 24, 24, 15, 9],
    "nIsInKU": [89],
    "nIsNotInKU": [11],
    "nReleases": [">50000"],
    "nLastThirtyReleases": ["948"],
    "nLastNinetyReleases": [">2000"],
    "nPreorders": ["504"]
  },
  {
    "currentAnalysisName": ["X0037_romantic_comedy_top100_6487841011_20190605.023844"],
    "analysisTimeString": ["20190605.023844"],
    "filenamesRoot": ["romantic_comedy_top100"],
    "categoryLabel": ["Romantic Comedy"],
    "pageLabel": ["Top 100"],
    "browseNodeID": ["6487841011"],
    "medianSalesRank": [403],
    "medianNPages": [309],
    "priceBreaks": [0, 0.99, 1.99, 2.99, 3.99, 4.99, 13.99],
    "priceCounts": [31, 2, 22, 23, 17, 5],
    "nIsInKU": [89],
    "nIsNotInKU": [11],
    "nReleases": [">50000"],
    "nLastThirtyReleases": [">1000"],
    "nLastNinetyReleases": [">3000"],
    "nPreorders": ["531"]
  },
  {
    "currentAnalysisName": ["X0037_science_fiction_top100_6401744011_20190605.023937"],
    "analysisTimeString": ["20190605.023937"],
    "filenamesRoot": ["science_fiction_top100"],
    "categoryLabel": ["Science Fiction"],
    "pageLabel": ["Top 100"],
    "browseNodeID": ["6401744011"],
    "medianSalesRank": [2197],
    "medianNPages": [230],
    "priceBreaks": [0, 0.99, 1.99, 2.99, 3.99, 4.99, 14.99],
    "priceCounts": [11, 3, 23, 28, 20, 15],
    "nIsInKU": [84],
    "nIsNotInKU": [16],
    "nReleases": [">10000"],
    "nLastThirtyReleases": ["259"],
    "nLastNinetyReleases": ["721"],
    "nPreorders": ["97"]
  },
  {
    "currentAnalysisName": ["X0037_sports_top100_6487842011_20190605.024039"],
    "analysisTimeString": ["20190605.024039"],
    "filenamesRoot": ["sports_top100"],
    "categoryLabel": ["Sports"],
    "pageLabel": ["Top 100"],
    "browseNodeID": ["6487842011"],
    "medianSalesRank": [1517],
    "medianNPages": [300],
    "priceBreaks": [0, 0.99, 1.99, 2.99, 3.99, 4.99, 13.99],
    "priceCounts": [22, 1, 17, 41, 12, 7],
    "nIsInKU": [91],
    "nIsNotInKU": [9],
    "nReleases": [">10000"],
    "nLastThirtyReleases": ["353"],
    "nLastNinetyReleases": ["820"],
    "nPreorders": ["123"]
  },
  {
    "currentAnalysisName": ["X0037_westerns_top100_6190489011_20190605.024139"],
    "analysisTimeString": ["20190605.024139"],
    "filenamesRoot": ["westerns_top100"],
    "categoryLabel": ["Westerns"],
    "pageLabel": ["Top 100"],
    "browseNodeID": ["6190489011"],
    "medianSalesRank": [2676],
    "medianNPages": [257],
    "priceBreaks": [0, 0.99, 1.99, 2.99, 3.99, 4.99, 6.99],
    "priceCounts": [51, 4, 16, 19, 7, 3],
    "nIsInKU": [88],
    "nIsNotInKU": [12],
    "nReleases": [">20000"],
    "nLastThirtyReleases": ["328"],
    "nLastNinetyReleases": ["891"],
    "nPreorders": ["168"]
  }
]
