[
  {
    "currentAnalysisName": ["X0036_erotica_top100_157057011_20190604.234542"],
    "analysisTimeString": ["20190604.234542"],
    "filenamesRoot": ["erotica_top100"],
    "categoryLabel": ["Erotica"],
    "pageLabel": ["Top 100"],
    "browseNodeID": ["157057011"],
    "medianSalesRank": [6874],
    "medianNPages": [164],
    "priceBreaks": [0, 0.99, 1.99, 2.99, 3.99, 4.99, 9.99],
    "priceCounts": [49, 0, 22, 13, 5, 10],
    "nIsInKU": [90],
    "nIsNotInKU": [10],
    "nReleases": [">50000"],
    "nLastThirtyReleases": [">50000"],
    "nLastNinetyReleases": [">50000"],
    "nPreorders": [">50000"]
  },
  {
    "currentAnalysisName": ["X0036_e_action_adventure_top100_7620210011_20190604.234631"],
    "analysisTimeString": ["20190604.234631"],
    "filenamesRoot": ["e_action_adventure_top100"],
    "categoryLabel": ["Erotica: Action and Adventure"],
    "pageLabel": ["Top 100"],
    "browseNodeID": ["7620210011"],
    "medianSalesRank": [26181],
    "medianNPages": [181],
    "priceBreaks": [0, 0.99, 1.99, 2.99, 3.99, 4.99, 9.99],
    "priceCounts": [30, 0, 38, 11, 7, 14],
    "nIsInKU": [94],
    "nIsNotInKU": [6],
    "nReleases": [">20000"],
    "nLastThirtyReleases": [">20000"],
    "nLastNinetyReleases": [">20000"],
    "nPreorders": [">20000"]
  },
  {
    "currentAnalysisName": ["X0036_e_african_american_top100_6190461011_20190604.234732"],
    "analysisTimeString": ["20190604.234732"],
    "filenamesRoot": ["e_african_american_top100"],
    "categoryLabel": ["Erotica: African American"],
    "pageLabel": ["Top 100"],
    "browseNodeID": ["6190461011"],
    "medianSalesRank": [124397],
    "medianNPages": [221],
    "priceBreaks": [0, 0.99, 1.99, 2.99, 3.99, 4.99, 11.99],
    "priceCounts": [17, 10, 44, 8, 5, 16],
    "nIsInKU": [81],
    "nIsNotInKU": [19],
    "nReleases": [">3000"],
    "nLastThirtyReleases": [">3000"],
    "nLastNinetyReleases": [">3000"],
    "nPreorders": [">3000"]
  },
  {
    "currentAnalysisName": ["X0036_e_bdsm_top100_7620212011_20190604.234836"],
    "analysisTimeString": ["20190604.234836"],
    "filenamesRoot": ["e_bdsm_top100"],
    "categoryLabel": ["Erotica: BDSM"],
    "pageLabel": ["Top 100"],
    "browseNodeID": ["7620212011"],
    "medianSalesRank": [17295],
    "medianNPages": [200],
    "priceBreaks": [0, 0.99, 1.99, 2.99, 3.99, 4.99, 11.99],
    "priceCounts": [17, 0, 33, 20, 8, 22],
    "nIsInKU": [86],
    "nIsNotInKU": [14],
    "nReleases": [">50000"],
    "nLastThirtyReleases": [">50000"],
    "nLastNinetyReleases": [">50000"],
    "nPreorders": [">50000"]
  },
  {
    "currentAnalysisName": ["X0036_e_historical_top100_7620218011_20190604.234932"],
    "analysisTimeString": ["20190604.234932"],
    "filenamesRoot": ["e_historical_top100"],
    "categoryLabel": ["Erotica: Historical"],
    "pageLabel": ["Top 100"],
    "browseNodeID": ["7620218011"],
    "medianSalesRank": [45503],
    "medianNPages": [378],
    "priceBreaks": [0, 0.99, 1.99, 2.99, 3.99, 4.99, 11.99],
    "priceCounts": [5, 1, 30, 21, 8, 35],
    "nIsInKU": [67],
    "nIsNotInKU": [33],
    "nReleases": [">10000"],
    "nLastThirtyReleases": [">10000"],
    "nLastNinetyReleases": [">10000"],
    "nPreorders": [">10000"]
  },
  {
    "currentAnalysisName": ["X0036_e_horror_top100_7620219011_20190604.235033"],
    "analysisTimeString": ["20190604.235033"],
    "filenamesRoot": ["e_horror_top100"],
    "categoryLabel": ["Erotica: Horror"],
    "pageLabel": ["Top 100"],
    "browseNodeID": ["7620219011"],
    "medianSalesRank": [47322],
    "medianNPages": [111],
    "priceBreaks": [0, 0.99, 1.99, 2.99, 3.99, 4.99, 9.99],
    "priceCounts": [4, 0, 53, 10, 7, 25],
    "nIsInKU": [95],
    "nIsNotInKU": [5],
    "nReleases": [">9000"],
    "nLastThirtyReleases": [">9000"],
    "nLastNinetyReleases": [">9000"],
    "nPreorders": [">9000"]
  },
  {
    "currentAnalysisName": ["X0036_e_humorous_top100_7620220011_20190604.235131"],
    "analysisTimeString": ["20190604.235131"],
    "filenamesRoot": ["e_humorous_top100"],
    "categoryLabel": ["Erotica: Humorous"],
    "pageLabel": ["Top 100"],
    "browseNodeID": ["7620220011"],
    "medianSalesRank": [22941],
    "medianNPages": [246],
    "priceBreaks": [0, 0.99, 1.99, 2.99, 3.99, 4.99, 9.99],
    "priceCounts": [14, 0, 40, 21, 8, 17],
    "nIsInKU": [81],
    "nIsNotInKU": [19],
    "nReleases": [">10000"],
    "nLastThirtyReleases": [">10000"],
    "nLastNinetyReleases": [">10000"],
    "nPreorders": [">10000"]
  },
  {
    "currentAnalysisName": ["X0036_e_interracial_top100_7620221011_20190604.235226"],
    "analysisTimeString": ["20190604.235226"],
    "filenamesRoot": ["e_interracial_top100"],
    "categoryLabel": ["Erotica: Interracial"],
    "pageLabel": ["Top 100"],
    "browseNodeID": ["7620221011"],
    "medianSalesRank": [42405],
    "medianNPages": [167],
    "priceBreaks": [0, 0.99, 1.99, 2.99, 3.99, 4.99, 9.99],
    "priceCounts": [9, 2, 48, 10, 11, 20],
    "nIsInKU": [94],
    "nIsNotInKU": [6],
    "nReleases": [">20000"],
    "nLastThirtyReleases": [">20000"],
    "nLastNinetyReleases": [">20000"],
    "nPreorders": [">20000"]
  },
  {
    "currentAnalysisName": ["X0036_e_lgbt_top100_7620213011_20190604.235323"],
    "analysisTimeString": ["20190604.235323"],
    "filenamesRoot": ["e_lgbt_top100"],
    "categoryLabel": ["Erotica: LGBT"],
    "pageLabel": ["Top 100"],
    "browseNodeID": ["7620213011"],
    "medianSalesRank": [18213],
    "medianNPages": [327],
    "priceBreaks": [0, 0.99, 1.99, 2.99, 3.99, 4.99, 9.99],
    "priceCounts": [6, 3, 32, 16, 17, 26],
    "nIsInKU": [97],
    "nIsNotInKU": [3],
    "nReleases": [">50000"],
    "nLastThirtyReleases": [">50000"],
    "nLastNinetyReleases": [">50000"],
    "nPreorders": [">50000"]
  },
  {
    "currentAnalysisName": ["X0036_e_mystery_top100_7620222011_20190604.235416"],
    "analysisTimeString": ["20190604.235416"],
    "filenamesRoot": ["e_mystery_top100"],
    "categoryLabel": ["Erotica: Mystery"],
    "pageLabel": ["Top 100"],
    "browseNodeID": ["7620222011"],
    "medianSalesRank": [38408],
    "medianNPages": [262],
    "priceBreaks": [0, 0.99, 1.99, 2.99, 3.99, 4.99, 9.99],
    "priceCounts": [20, 1, 21, 17, 6, 34],
    "nIsInKU": [74],
    "nIsNotInKU": [26],
    "nReleases": [">10000"],
    "nLastThirtyReleases": [">10000"],
    "nLastNinetyReleases": [">10000"],
    "nPreorders": [">10000"]
  },
  {
    "currentAnalysisName": ["X0036_e_paranormal_top100_7620223011_20190604.235515"],
    "analysisTimeString": ["20190604.235515"],
    "filenamesRoot": ["e_paranormal_top100"],
    "categoryLabel": ["Erotica: Paranormal"],
    "pageLabel": ["Top 100"],
    "browseNodeID": ["7620223011"],
    "medianSalesRank": [39298],
    "medianNPages": [194],
    "priceBreaks": [0, 0.99, 1.99, 2.99, 3.99, 4.99, 9.99],
    "priceCounts": [10, 2, 39, 25, 4, 19],
    "nIsInKU": [78],
    "nIsNotInKU": [22],
    "nReleases": [">20000"],
    "nLastThirtyReleases": [">20000"],
    "nLastNinetyReleases": [">20000"],
    "nPreorders": [">20000"]
  },
  {
    "currentAnalysisName": ["X0036_e_romantic_top100_7620225011_20190604.235614"],
    "analysisTimeString": ["20190604.235614"],
    "filenamesRoot": ["e_romantic_top100"],
    "categoryLabel": ["Erotica: Romantic Erotica"],
    "pageLabel": ["Top 100"],
    "browseNodeID": ["7620225011"],
    "medianSalesRank": [18949],
    "medianNPages": [242],
    "priceBreaks": [0, 0.99, 1.99, 2.99, 3.99, 4.99, 11.99],
    "priceCounts": [26, 0, 25, 19, 12, 18],
    "nIsInKU": [72],
    "nIsNotInKU": [28],
    "nReleases": [">40000"],
    "nLastThirtyReleases": [">40000"],
    "nLastNinetyReleases": [">40000"],
    "nPreorders": [">40000"]
  },
  {
    "currentAnalysisName": ["X0036_e_scifi_top100_7620226011_20190604.235709"],
    "analysisTimeString": ["20190604.235709"],
    "filenamesRoot": ["e_scifi_top100"],
    "categoryLabel": ["Erotica: Science Fiction"],
    "pageLabel": ["Top 100"],
    "browseNodeID": ["7620226011"],
    "medianSalesRank": [48484],
    "medianNPages": [228],
    "priceBreaks": [0, 0.99, 1.99, 2.99, 3.99, 4.99, 11.99],
    "priceCounts": [1, 1, 51, 10, 10, 26],
    "nIsInKU": [73],
    "nIsNotInKU": [27],
    "nReleases": [">10000"],
    "nLastThirtyReleases": [">10000"],
    "nLastNinetyReleases": [">10000"],
    "nPreorders": [">10000"]
  },
  {
    "currentAnalysisName": ["X0036_e_suspense_top100_7620227011_20190604.235807"],
    "analysisTimeString": ["20190604.235807"],
    "filenamesRoot": ["e_suspense_top100"],
    "categoryLabel": ["Erotica: Suspense"],
    "pageLabel": ["Top 100"],
    "browseNodeID": ["7620227011"],
    "medianSalesRank": [19944],
    "medianNPages": [239],
    "priceBreaks": [0, 0.99, 1.99, 2.99, 3.99, 4.99, 11.99],
    "priceCounts": [33, 3, 32, 15, 2, 15],
    "nIsInKU": [89],
    "nIsNotInKU": [11],
    "nReleases": [">10000"],
    "nLastThirtyReleases": [">10000"],
    "nLastNinetyReleases": [">10000"],
    "nPreorders": [">10000"]
  },
  {
    "currentAnalysisName": ["X0036_e_thrillers_top100_7620228011_20190604.235902"],
    "analysisTimeString": ["20190604.235902"],
    "filenamesRoot": ["e_thrillers_top100"],
    "categoryLabel": ["Erotica: Thrillers"],
    "pageLabel": ["Top 100"],
    "browseNodeID": ["7620228011"],
    "medianSalesRank": [31945],
    "medianNPages": [197],
    "priceBreaks": [0, 0.99, 1.99, 2.99, 3.99, 4.99, 9.99],
    "priceCounts": [31, 1, 34, 12, 2, 20],
    "nIsInKU": [91],
    "nIsNotInKU": [9],
    "nReleases": [">10000"],
    "nLastThirtyReleases": [">10000"],
    "nLastNinetyReleases": [">10000"],
    "nPreorders": [">10000"]
  },
  {
    "currentAnalysisName": ["X0036_e_urban_top100_7620229011_20190604.235955"],
    "analysisTimeString": ["20190604.235955"],
    "filenamesRoot": ["e_urban_top100"],
    "categoryLabel": ["Erotica: Urban"],
    "pageLabel": ["Top 100"],
    "browseNodeID": ["7620229011"],
    "medianSalesRank": [32805],
    "medianNPages": [134],
    "priceBreaks": [0, 0.99, 1.99, 2.99, 3.99, 4.99, 9.99],
    "priceCounts": [8, 1, 53, 14, 6, 18],
    "nIsInKU": [92],
    "nIsNotInKU": [8],
    "nReleases": [">20000"],
    "nLastThirtyReleases": [">20000"],
    "nLastNinetyReleases": [">20000"],
    "nPreorders": [">20000"]
  },
  {
    "currentAnalysisName": ["X0036_e_victorian_top100_7620230011_20190605.000049"],
    "analysisTimeString": ["20190605.000049"],
    "filenamesRoot": ["e_victorian_top100"],
    "categoryLabel": ["Erotica: Victorian"],
    "pageLabel": ["Top 100"],
    "browseNodeID": ["7620230011"],
    "medianSalesRank": [52441],
    "medianNPages": [292],
    "priceBreaks": [0, 0.99, 1.99, 2.99, 3.99, 4.99, 9.99],
    "priceCounts": [2, 0, 43, 15, 7, 33],
    "nIsInKU": [94],
    "nIsNotInKU": [6],
    "nReleases": [">4000"],
    "nLastThirtyReleases": [">4000"],
    "nLastNinetyReleases": [">4000"],
    "nPreorders": [">4000"]
  },
  {
    "currentAnalysisName": ["X0036_e_westerns_top100_7620231011_20190605.000203"],
    "analysisTimeString": ["20190605.000203"],
    "filenamesRoot": ["e_westerns_top100"],
    "categoryLabel": ["Erotica: Westerns"],
    "pageLabel": ["Top 100"],
    "browseNodeID": ["7620231011"],
    "medianSalesRank": [33719],
    "medianNPages": [392],
    "priceBreaks": [0, 0.99, 1.99, 2.99, 3.99, 4.99, 9.99],
    "priceCounts": [9, 1, 36, 15, 7, 32],
    "nIsInKU": [91],
    "nIsNotInKU": [9],
    "nReleases": [">5000"],
    "nLastThirtyReleases": [">5000"],
    "nLastNinetyReleases": [">5000"],
    "nPreorders": [">5000"]
  }
]
