[
  {
    "currentAnalysisName": ["X0029_romance_top100_158566011_20190203.000208"],
    "analysisTimeString": ["20190203.000208"],
    "filenamesRoot": ["romance_top100"],
    "categoryLabel": ["Romance"],
    "pageLabel": ["Top 100"],
    "browseNodeID": ["158566011"],
    "medianSalesRank": [113],
    "medianNPages": [322],
    "priceBreaks": [0, 0.99, 1.99, 2.99, 3.99, 4.99, 14.99],
    "priceCounts": [26, 3, 28, 18, 12, 13],
    "nIsInKU": [79],
    "nIsNotInKU": [21],
    "nReleases": [">50000"],
    "nLastThirtyReleases": [">10000"],
    "nLastNinetyReleases": [">20000"],
    "nPreorders": [">3000"]
  },
  {
    "currentAnalysisName": ["X0029_african_american_top100_6190465011_20190203.000259"],
    "analysisTimeString": ["20190203.000259"],
    "filenamesRoot": ["african_american_top100"],
    "categoryLabel": ["African American"],
    "pageLabel": ["Top 100"],
    "browseNodeID": ["6190465011"],
    "medianSalesRank": [3318],
    "medianNPages": [212],
    "priceBreaks": [0, 0.99, 1.99, 2.99, 3.99, 4.99, 9.99],
    "priceCounts": [41, 0, 30, 3, 7, 19],
    "nIsInKU": [95],
    "nIsNotInKU": [5],
    "nReleases": [">10000"],
    "nLastThirtyReleases": ["326"],
    "nLastNinetyReleases": ["953"],
    "nPreorders": ["61"]
  },
  {
    "currentAnalysisName": ["X0029_clean_and_wholesome_top100_11650867011_20190203.000350"],
    "analysisTimeString": ["20190203.000350"],
    "filenamesRoot": ["clean_and_wholesome_top100"],
    "categoryLabel": ["Clean & Wholesome"],
    "pageLabel": ["Top 100"],
    "browseNodeID": ["11650867011"],
    "medianSalesRank": [3175],
    "medianNPages": [303],
    "priceBreaks": [0, 0.99, 1.99, 2.99, 3.99, 4.99, 12.99],
    "priceCounts": [37, 3, 9, 33, 10, 8],
    "nIsInKU": [92],
    "nIsNotInKU": [8],
    "nReleases": [">6000"],
    "nLastThirtyReleases": ["128"],
    "nLastNinetyReleases": ["451"],
    "nPreorders": ["140"]
  },
  {
    "currentAnalysisName": ["X0029_contemporary_top100_158568011_20190203.000445"],
    "analysisTimeString": ["20190203.000445"],
    "filenamesRoot": ["contemporary_top100"],
    "categoryLabel": ["Contemporary"],
    "pageLabel": ["Top 100"],
    "browseNodeID": ["158568011"],
    "medianSalesRank": [169],
    "medianNPages": [308],
    "priceBreaks": [0, 0.99, 1.99, 2.99, 3.99, 4.99, 14.99],
    "priceCounts": [28, 2, 20, 26, 17, 7],
    "nIsInKU": [77],
    "nIsNotInKU": [23],
    "nReleases": [">50000"],
    "nLastThirtyReleases": [">2000"],
    "nLastNinetyReleases": [">8000"],
    "nPreorders": [">1000"]
  },
  {
    "currentAnalysisName": ["X0029_gothic_top100_6487830011_20190203.000533"],
    "analysisTimeString": ["20190203.000533"],
    "filenamesRoot": ["gothic_top100"],
    "categoryLabel": ["Gothic"],
    "pageLabel": ["Top 100"],
    "browseNodeID": ["6487830011"],
    "medianSalesRank": [7387],
    "medianNPages": [294],
    "priceBreaks": [0, 0.99, 1.99, 2.99, 3.99, 4.99, 9.99],
    "priceCounts": [21, 1, 14, 23, 32, 9],
    "nIsInKU": [84],
    "nIsNotInKU": [16],
    "nReleases": [">2000"],
    "nLastThirtyReleases": ["94"],
    "nLastNinetyReleases": ["171"],
    "nPreorders": ["17"]
  },
  {
    "currentAnalysisName": ["X0029_historical_romance_top100_158571011_20190203.000626"],
    "analysisTimeString": ["20190203.000626"],
    "filenamesRoot": ["historical_romance_top100"],
    "categoryLabel": ["Historical Romance"],
    "pageLabel": ["Top 100"],
    "browseNodeID": ["158571011"],
    "medianSalesRank": [1464],
    "medianNPages": [304],
    "priceBreaks": [0, 0.99, 1.99, 2.99, 3.99, 4.99, 12.99],
    "priceCounts": [52, 5, 16, 8, 7, 12],
    "nIsInKU": [73],
    "nIsNotInKU": [27],
    "nReleases": [">50000"],
    "nLastThirtyReleases": ["788"],
    "nLastNinetyReleases": [">2000"],
    "nPreorders": ["388"]
  },
  {
    "currentAnalysisName": ["X0029_gay_romance_top100_6487829011_20190203.000724"],
    "analysisTimeString": ["20190203.000724"],
    "filenamesRoot": ["gay_romance_top100"],
    "categoryLabel": ["Gay Romance"],
    "pageLabel": ["Top 100"],
    "browseNodeID": ["6487829011"],
    "medianSalesRank": [2315],
    "medianNPages": [190],
    "priceBreaks": [0, 0.99, 1.99, 2.99, 3.99, 4.99, 6.99],
    "priceCounts": [14, 0, 40, 39, 6, 1],
    "nIsInKU": [90],
    "nIsNotInKU": [10],
    "nReleases": [">40000"],
    "nLastThirtyReleases": ["841"],
    "nLastNinetyReleases": [">2000"],
    "nPreorders": ["175"]
  },
  {
    "currentAnalysisName": ["X0029_lesbian_romance_top100_6487835011_20190203.000814"],
    "analysisTimeString": ["20190203.000814"],
    "filenamesRoot": ["lesbian_romance_top100"],
    "categoryLabel": ["Lesbian Romance"],
    "pageLabel": ["Top 100"],
    "browseNodeID": ["6487835011"],
    "medianSalesRank": [17867],
    "medianNPages": [205],
    "priceBreaks": [0, 0.99, 1.99, 2.99, 3.99, 4.99, 9.99],
    "priceCounts": [9, 6, 19, 20, 21, 25],
    "nIsInKU": [80],
    "nIsNotInKU": [20],
    "nReleases": [">10000"],
    "nLastThirtyReleases": ["203"],
    "nLastNinetyReleases": ["633"],
    "nPreorders": ["50"]
  },
  {
    "currentAnalysisName": ["X0029_bisexual_top100_10886542011_20190203.000906"],
    "analysisTimeString": ["20190203.000906"],
    "filenamesRoot": ["bisexual_top100"],
    "categoryLabel": ["Bisexual"],
    "pageLabel": ["Top 100"],
    "browseNodeID": ["10886542011"],
    "medianSalesRank": [11446],
    "medianNPages": [233],
    "priceBreaks": [0, 0.99, 1.99, 2.99, 3.99, 4.99, 12.99],
    "priceCounts": [9, 1, 40, 34, 13, 3],
    "nIsInKU": [92],
    "nIsNotInKU": [8],
    "nReleases": [">5000"],
    "nLastThirtyReleases": ["212"],
    "nLastNinetyReleases": ["505"],
    "nPreorders": ["40"]
  },
  {
    "currentAnalysisName": ["X0029_military_top100_6487836011_20190203.000956"],
    "analysisTimeString": ["20190203.000956"],
    "filenamesRoot": ["military_top100"],
    "categoryLabel": ["Military"],
    "pageLabel": ["Top 100"],
    "browseNodeID": ["6487836011"],
    "medianSalesRank": [1259],
    "medianNPages": [283],
    "priceBreaks": [0, 0.99, 1.99, 2.99, 3.99, 4.99, 12.99],
    "priceCounts": [41, 2, 17, 26, 10, 4],
    "nIsInKU": [84],
    "nIsNotInKU": [16],
    "nReleases": [">20000"],
    "nLastThirtyReleases": ["433"],
    "nLastNinetyReleases": [">1000"],
    "nPreorders": ["219"]
  },
  {
    "currentAnalysisName": ["X0029_mystery_and_suspense_top100_6487839011_20190203.001048"],
    "analysisTimeString": ["20190203.001048"],
    "filenamesRoot": ["mystery_and_suspense_top100"],
    "categoryLabel": ["Mystery & Suspense"],
    "pageLabel": ["Top 100"],
    "browseNodeID": ["6487839011"],
    "medianSalesRank": [649],
    "medianNPages": [322],
    "priceBreaks": [0, 0.99, 1.99, 2.99, 3.99, 4.99, 14.99],
    "priceCounts": [25, 6, 11, 22, 24, 12],
    "nIsInKU": [78],
    "nIsNotInKU": [22],
    "nReleases": [">50000"],
    "nLastThirtyReleases": [">1000"],
    "nLastNinetyReleases": [">2000"],
    "nPreorders": ["574"]
  },
  {
    "currentAnalysisName": ["X0029_new_adult_and_college_top100_6487838011_20190203.001139"],
    "analysisTimeString": ["20190203.001139"],
    "filenamesRoot": ["new_adult_and_college_top100"],
    "categoryLabel": ["New Adult & College"],
    "pageLabel": ["Top 100"],
    "browseNodeID": ["6487838011"],
    "medianSalesRank": [883],
    "medianNPages": [302],
    "priceBreaks": [0, 0.99, 1.99, 2.99, 3.99, 4.99, 4.99],
    "priceCounts": [29, 2, 22, 39, 8, 0],
    "nIsInKU": [94],
    "nIsNotInKU": [6],
    "nReleases": [">20000"],
    "nLastThirtyReleases": ["311"],
    "nLastNinetyReleases": ["940"],
    "nPreorders": ["139"]
  },
  {
    "currentAnalysisName": ["X0029_paranormal_top100_6190484011_20190203.001229"],
    "analysisTimeString": ["20190203.001229"],
    "filenamesRoot": ["paranormal_top100"],
    "categoryLabel": ["Paranormal"],
    "pageLabel": ["Top 100"],
    "browseNodeID": ["6190484011"],
    "medianSalesRank": [745],
    "medianNPages": [294],
    "priceBreaks": [0, 0.99, 1.99, 2.99, 3.99, 4.99, 14.99],
    "priceCounts": [30, 2, 27, 18, 12, 11],
    "nIsInKU": [87],
    "nIsNotInKU": [13],
    "nReleases": [">50000"],
    "nLastThirtyReleases": ["861"],
    "nLastNinetyReleases": [">2000"],
    "nPreorders": ["396"]
  },
  {
    "currentAnalysisName": ["X0029_romantic_comedy_top100_6487841011_20190203.001320"],
    "analysisTimeString": ["20190203.001320"],
    "filenamesRoot": ["romantic_comedy_top100"],
    "categoryLabel": ["Romantic Comedy"],
    "pageLabel": ["Top 100"],
    "browseNodeID": ["6487841011"],
    "medianSalesRank": [628],
    "medianNPages": [306],
    "priceBreaks": [0, 0.99, 1.99, 2.99, 3.99, 4.99, 13.99],
    "priceCounts": [26, 1, 23, 33, 11, 6],
    "nIsInKU": [88],
    "nIsNotInKU": [12],
    "nReleases": [">50000"],
    "nLastThirtyReleases": [">1000"],
    "nLastNinetyReleases": [">3000"],
    "nPreorders": ["474"]
  },
  {
    "currentAnalysisName": ["X0029_science_fiction_top100_6401744011_20190203.001410"],
    "analysisTimeString": ["20190203.001410"],
    "filenamesRoot": ["science_fiction_top100"],
    "categoryLabel": ["Science Fiction"],
    "pageLabel": ["Top 100"],
    "browseNodeID": ["6401744011"],
    "medianSalesRank": [2438],
    "medianNPages": [282],
    "priceBreaks": [0, 0.99, 1.99, 2.99, 3.99, 4.99, 14.99],
    "priceCounts": [17, 2, 22, 18, 28, 13],
    "nIsInKU": [92],
    "nIsNotInKU": [8],
    "nReleases": [">10000"],
    "nLastThirtyReleases": ["253"],
    "nLastNinetyReleases": ["710"],
    "nPreorders": ["80"]
  },
  {
    "currentAnalysisName": ["X0029_sports_top100_6487842011_20190203.001502"],
    "analysisTimeString": ["20190203.001502"],
    "filenamesRoot": ["sports_top100"],
    "categoryLabel": ["Sports"],
    "pageLabel": ["Top 100"],
    "browseNodeID": ["6487842011"],
    "medianSalesRank": [1387],
    "medianNPages": [298],
    "priceBreaks": [0, 0.99, 1.99, 2.99, 3.99, 4.99, 11.99],
    "priceCounts": [30, 3, 20, 33, 8, 6],
    "nIsInKU": [87],
    "nIsNotInKU": [13],
    "nReleases": [">10000"],
    "nLastThirtyReleases": ["292"],
    "nLastNinetyReleases": ["713"],
    "nPreorders": ["108"]
  },
  {
    "currentAnalysisName": ["X0029_westerns_top100_6190489011_20190203.001553"],
    "analysisTimeString": ["20190203.001553"],
    "filenamesRoot": ["westerns_top100"],
    "categoryLabel": ["Westerns"],
    "pageLabel": ["Top 100"],
    "browseNodeID": ["6190489011"],
    "medianSalesRank": [3131],
    "medianNPages": [263],
    "priceBreaks": [0, 0.99, 1.99, 2.99, 3.99, 4.99, 9.99],
    "priceCounts": [57, 1, 19, 10, 8, 5],
    "nIsInKU": [84],
    "nIsNotInKU": [16],
    "nReleases": [">20000"],
    "nLastThirtyReleases": ["339"],
    "nLastNinetyReleases": ["890"],
    "nPreorders": ["152"]
  }
]
