[
  {
    "currentAnalysisName": ["X0031_m_t_s_top100_157305011_20190309.233259"],
    "analysisTimeString": ["20190309.233259"],
    "filenamesRoot": ["m_t_s_top100"],
    "categoryLabel": ["Mystery, Thriller & Suspense"],
    "pageLabel": ["Top 100"],
    "browseNodeID": ["157305011"],
    "medianSalesRank": [189],
    "medianNPages": [358],
    "priceBreaks": [0, 0.99, 1.99, 2.99, 3.99, 4.99, 15.31],
    "priceCounts": [12, 14, 9, 13, 14, 38],
    "nIsInKU": [59],
    "nIsNotInKU": [41],
    "nReleases": [">50000"],
    "nLastThirtyReleases": [">6000"],
    "nLastNinetyReleases": [">10000"],
    "nPreorders": [">2000"]
  },
  {
    "currentAnalysisName": ["X0031_heist_top100_7130623011_20190309.233355"],
    "analysisTimeString": ["20190309.233355"],
    "filenamesRoot": ["heist_top100"],
    "categoryLabel": ["Heist"],
    "pageLabel": ["Top 100"],
    "browseNodeID": ["7130623011"],
    "medianSalesRank": [13093],
    "medianNPages": [262],
    "priceBreaks": [0, 0.99, 1.99, 2.99, 3.99, 4.99, 16.99],
    "priceCounts": [16, 2, 21, 29, 11, 21],
    "nIsInKU": [82],
    "nIsNotInKU": [18],
    "nReleases": [">2000"],
    "nLastThirtyReleases": ["49"],
    "nLastNinetyReleases": ["122"],
    "nPreorders": ["                16"]
  },
  {
    "currentAnalysisName": ["X0031_kidnapping_top100_7151518011_20190309.233456"],
    "analysisTimeString": ["20190309.233456"],
    "filenamesRoot": ["kidnapping_top100"],
    "categoryLabel": ["Kidnapping"],
    "pageLabel": ["Top 100"],
    "browseNodeID": ["7151518011"],
    "medianSalesRank": [4980],
    "medianNPages": [321],
    "priceBreaks": [0, 0.99, 1.99, 2.99, 3.99, 4.99, 14.99],
    "priceCounts": [21, 4, 8, 36, 17, 14],
    "nIsInKU": [94],
    "nIsNotInKU": [6],
    "nReleases": [">2000"],
    "nLastThirtyReleases": ["48"],
    "nLastNinetyReleases": ["135"],
    "nPreorders": ["18"]
  },
  {
    "currentAnalysisName": ["X0031_murder_top100_7130624011_20190309.233559"],
    "analysisTimeString": ["20190309.233559"],
    "filenamesRoot": ["murder_top100"],
    "categoryLabel": ["Murder"],
    "pageLabel": ["Top 100"],
    "browseNodeID": ["7130624011"],
    "medianSalesRank": [1207],
    "medianNPages": [338],
    "priceBreaks": [0, 0.99, 1.99, 2.99, 3.99, 4.99, 14.99],
    "priceCounts": [10, 13, 13, 13, 17, 34],
    "nIsInKU": [78],
    "nIsNotInKU": [22],
    "nReleases": [">10000"],
    "nLastThirtyReleases": ["261"],
    "nLastNinetyReleases": ["700"],
    "nPreorders": ["93"]
  },
  {
    "currentAnalysisName": ["X0031_noir_top100_7130625011_20190309.233657"],
    "analysisTimeString": ["20190309.233657"],
    "filenamesRoot": ["noir_top100"],
    "categoryLabel": ["Noir"],
    "pageLabel": ["Top 100"],
    "browseNodeID": ["7130625011"],
    "medianSalesRank": [7172],
    "medianNPages": [304],
    "priceBreaks": [0, 0.99, 1.99, 2.99, 3.99, 4.99, 14.99],
    "priceCounts": [15, 4, 26, 10, 31, 13],
    "nIsInKU": [75],
    "nIsNotInKU": [25],
    "nReleases": [">5000"],
    "nLastThirtyReleases": ["106"],
    "nLastNinetyReleases": ["274"],
    "nPreorders": ["51"]
  },
  {
    "currentAnalysisName": ["X0031_organized_crime_top100_7130626011_20190309.233759"],
    "analysisTimeString": ["20190309.233759"],
    "filenamesRoot": ["organized_crime_top100"],
    "categoryLabel": ["Organized Crime"],
    "pageLabel": ["Top 100"],
    "browseNodeID": ["7130626011"],
    "medianSalesRank": [6013],
    "medianNPages": [292],
    "priceBreaks": [0, 0.99, 1.99, 2.99, 3.99, 4.99, 12.99],
    "priceCounts": [16, 4, 22, 34, 8, 16],
    "nIsInKU": [84],
    "nIsNotInKU": [16],
    "nReleases": [">4000"],
    "nLastThirtyReleases": ["99"],
    "nLastNinetyReleases": ["257"],
    "nPreorders": ["38"]
  },
  {
    "currentAnalysisName": ["X0031_serial_killers_top100_7130627011_20190309.233859"],
    "analysisTimeString": ["20190309.233859"],
    "filenamesRoot": ["serial_killers_top100"],
    "categoryLabel": ["Serial Killers"],
    "pageLabel": ["Top 100"],
    "browseNodeID": ["7130627011"],
    "medianSalesRank": [2429],
    "medianNPages": [317],
    "priceBreaks": [0, 0.99, 1.99, 2.99, 3.99, 4.99, 14.99],
    "priceCounts": [15, 8, 23, 14, 21, 19],
    "nIsInKU": [92],
    "nIsNotInKU": [8],
    "nReleases": [">3000"],
    "nLastThirtyReleases": ["58"],
    "nLastNinetyReleases": ["196"],
    "nPreorders": ["45"]
  },
  {
    "currentAnalysisName": ["X0031_vigilante_justice_top100_7130628011_20190309.233955"],
    "analysisTimeString": ["20190309.233955"],
    "filenamesRoot": ["vigilante_justice_top100"],
    "categoryLabel": ["Vigilante Justice"],
    "pageLabel": ["Top 100"],
    "browseNodeID": ["7130628011"],
    "medianSalesRank": [4580],
    "medianNPages": [299],
    "priceBreaks": [0, 0.99, 1.99, 2.99, 3.99, 4.99, 12.99],
    "priceCounts": [14, 5, 9, 21, 31, 20],
    "nIsInKU": [97],
    "nIsNotInKU": [3],
    "nReleases": [">2000"],
    "nLastThirtyReleases": ["58"],
    "nLastNinetyReleases": ["154"],
    "nPreorders": ["20"]
  },
  {
    "currentAnalysisName": ["X0031_m_t_s_a_a_top100_6190464011_20190309.234050"],
    "analysisTimeString": ["20190309.234050"],
    "filenamesRoot": ["m_t_s_a_a_top100"],
    "categoryLabel": ["Mystery: African American"],
    "pageLabel": ["Top 100"],
    "browseNodeID": ["6190464011"],
    "medianSalesRank": [30900],
    "medianNPages": [243],
    "priceBreaks": [0, 0.99, 1.99, 2.99, 3.99, 4.99, 9.99],
    "priceCounts": [38, 5, 16, 23, 5, 13],
    "nIsInKU": [85],
    "nIsNotInKU": [15],
    "nReleases": [">2000"],
    "nLastThirtyReleases": ["55"],
    "nLastNinetyReleases": ["157"],
    "nPreorders": ["                13"]
  },
  {
    "currentAnalysisName": ["X0031_cozy_mystery_top100_6190476011_20190309.234158"],
    "analysisTimeString": ["20190309.234158"],
    "filenamesRoot": ["cozy_mystery_top100"],
    "categoryLabel": ["Mystery: Cozy"],
    "pageLabel": ["Top 100"],
    "browseNodeID": ["6190476011"],
    "medianSalesRank": [1680],
    "medianNPages": [248],
    "priceBreaks": [0, 0.99, 1.99, 2.99, 3.99, 4.99, 14.99],
    "priceCounts": [35, 7, 22, 13, 17, 6],
    "nIsInKU": [83],
    "nIsNotInKU": [17],
    "nReleases": [">20000"],
    "nLastThirtyReleases": ["450"],
    "nLastNinetyReleases": [">1000"],
    "nPreorders": ["322"]
  },
  {
    "currentAnalysisName": ["X0031_hardboiled_mystery_top100_157312011_20190309.234358"],
    "analysisTimeString": ["20190309.234358"],
    "filenamesRoot": ["hardboiled_mystery_top100"],
    "categoryLabel": ["Mystery: Hard-Boiled"],
    "pageLabel": ["Top 100"],
    "browseNodeID": ["157312011"],
    "medianSalesRank": [8175],
    "medianNPages": [319],
    "priceBreaks": [0, 0.99, 1.99, 2.99, 3.99, 4.99, 13.99],
    "priceCounts": [14, 4, 6, 16, 27, 32],
    "nIsInKU": [79],
    "nIsNotInKU": [21],
    "nReleases": [">10000"],
    "nLastThirtyReleases": ["197"],
    "nLastNinetyReleases": ["572"],
    "nPreorders": ["69"]
  },
  {
    "currentAnalysisName": ["X0031_historical_mystery_top100_157313011_20190309.234457"],
    "analysisTimeString": ["20190309.234457"],
    "filenamesRoot": ["historical_mystery_top100"],
    "categoryLabel": ["Mystery: Historical"],
    "pageLabel": ["Top 100"],
    "browseNodeID": ["157313011"],
    "medianSalesRank": [6020],
    "medianNPages": [304],
    "priceBreaks": [0, 0.99, 1.99, 2.99, 3.99, 4.99, 14.99],
    "priceCounts": [15, 6, 4, 13, 27, 35],
    "nIsInKU": [60],
    "nIsNotInKU": [40],
    "nReleases": [">10000"],
    "nLastThirtyReleases": ["201"],
    "nLastNinetyReleases": ["550"],
    "nPreorders": ["127"]
  },
  {
    "currentAnalysisName": ["X0031_international_mystery_top100_6361461011_20190309.234607"],
    "analysisTimeString": ["20190309.234607"],
    "filenamesRoot": ["international_mystery_top100"],
    "categoryLabel": ["Mystery: International"],
    "pageLabel": ["Top 100"],
    "browseNodeID": ["6361461011"],
    "medianSalesRank": [2229],
    "medianNPages": [345],
    "priceBreaks": [0, 0.99, 1.99, 2.99, 3.99, 4.99, 15.31],
    "priceCounts": [12, 4, 4, 5, 18, 56],
    "nIsInKU": [65],
    "nIsNotInKU": [35],
    "nReleases": [">10000"],
    "nLastThirtyReleases": ["264"],
    "nLastNinetyReleases": ["652"],
    "nPreorders": ["84"]
  },
  {
    "currentAnalysisName": ["X0031_lgbt_mystery_top100_7130633011_20190309.234726"],
    "analysisTimeString": ["20190309.234726"],
    "filenamesRoot": ["lgbt_mystery_top100"],
    "categoryLabel": ["Mystery: LGBT"],
    "pageLabel": ["Top 100"],
    "browseNodeID": ["7130633011"],
    "medianSalesRank": [63703],
    "medianNPages": [277],
    "priceBreaks": [0, 0.99, 1.99, 2.99, 3.99, 4.99, 9.99],
    "priceCounts": [10, 0, 21, 29, 11, 29],
    "nIsInKU": [63],
    "nIsNotInKU": [37],
    "nReleases": [">2000"],
    "nLastThirtyReleases": ["18"],
    "nLastNinetyReleases": ["63"],
    "nPreorders": ["                12"]
  },
  {
    "currentAnalysisName": ["X0031_police_procedurals_top100_157318011_20190309.234837"],
    "analysisTimeString": ["20190309.234837"],
    "filenamesRoot": ["police_procedurals_top100"],
    "categoryLabel": ["Police Procedurals"],
    "pageLabel": ["Top 100"],
    "browseNodeID": ["157318011"],
    "medianSalesRank": [812],
    "medianNPages": [338],
    "priceBreaks": [0, 0.99, 1.99, 2.99, 3.99, 4.99, 14.99],
    "priceCounts": [10, 13, 10, 16, 13, 38],
    "nIsInKU": [73],
    "nIsNotInKU": [27],
    "nReleases": [">20000"],
    "nLastThirtyReleases": ["381"],
    "nLastNinetyReleases": [">1000"],
    "nPreorders": ["206"]
  },
  {
    "currentAnalysisName": ["X0031_private_eyes_top100_6190477011_20190309.234940"],
    "analysisTimeString": ["20190309.234940"],
    "filenamesRoot": ["private_eyes_top100"],
    "categoryLabel": ["Private Investigators"],
    "pageLabel": ["Top 100"],
    "browseNodeID": ["6190477011"],
    "medianSalesRank": [3850],
    "medianNPages": [317],
    "priceBreaks": [0, 0.99, 1.99, 2.99, 3.99, 4.99, 14.99],
    "priceCounts": [19, 10, 6, 13, 9, 42],
    "nIsInKU": [59],
    "nIsNotInKU": [41],
    "nReleases": [">10000"],
    "nLastThirtyReleases": ["287"],
    "nLastNinetyReleases": ["790"],
    "nPreorders": ["98"]
  },
  {
    "currentAnalysisName": ["X0031_traditional_detectives_top100_157309011_20190309.235103"],
    "analysisTimeString": ["20190309.235103"],
    "filenamesRoot": ["traditional_detectives_top100"],
    "categoryLabel": ["Traditional Detectives"],
    "pageLabel": ["Top 100"],
    "browseNodeID": ["157309011"],
    "medianSalesRank": [4813],
    "medianNPages": [292],
    "priceBreaks": [0, 0.99, 1.99, 2.99, 3.99, 4.99, 14.99],
    "priceCounts": [8, 14, 20, 12, 14, 32],
    "nIsInKU": [62],
    "nIsNotInKU": [38],
    "nReleases": [">10000"],
    "nLastThirtyReleases": ["167"],
    "nLastNinetyReleases": ["417"],
    "nPreorders": ["74"]
  },
  {
    "currentAnalysisName": ["X0031_women_sleuths_top100_157317011_20190309.235205"],
    "analysisTimeString": ["20190309.235205"],
    "filenamesRoot": ["women_sleuths_top100"],
    "categoryLabel": ["Women Sleuths"],
    "pageLabel": ["Top 100"],
    "browseNodeID": ["157317011"],
    "medianSalesRank": [897],
    "medianNPages": [335],
    "priceBreaks": [0, 0.99, 1.99, 2.99, 3.99, 4.99, 14.99],
    "priceCounts": [18, 14, 13, 9, 14, 32],
    "nIsInKU": [69],
    "nIsNotInKU": [31],
    "nReleases": [">30000"],
    "nLastThirtyReleases": ["441"],
    "nLastNinetyReleases": [">1000"],
    "nPreorders": ["398"]
  },
  {
    "currentAnalysisName": ["X0031_ghosts_top100_7130635011_20190309.235341"],
    "analysisTimeString": ["20190309.235341"],
    "filenamesRoot": ["ghosts_top100"],
    "categoryLabel": ["Suspense: Ghosts"],
    "pageLabel": ["Top 100"],
    "browseNodeID": ["7130635011"],
    "medianSalesRank": [12627],
    "medianNPages": [319],
    "priceBreaks": [0, 0.99, 1.99, 2.99, 3.99, 4.99, 34.99],
    "priceCounts": [17, 4, 15, 21, 15, 26],
    "nIsInKU": [70],
    "nIsNotInKU": [30],
    "nReleases": [">2000"],
    "nLastThirtyReleases": ["21"],
    "nLastNinetyReleases": ["76"],
    "nPreorders": ["17"]
  },
  {
    "currentAnalysisName": ["X0031_suspense_horror_top100_7130636011_20190309.235505"],
    "analysisTimeString": ["20190309.235505"],
    "filenamesRoot": ["suspense_horror_top100"],
    "categoryLabel": ["Suspense: Horror"],
    "pageLabel": ["Top 100"],
    "browseNodeID": ["7130636011"],
    "medianSalesRank": [9362],
    "medianNPages": [385],
    "priceBreaks": [0, 0.99, 1.99, 2.99, 3.99, 4.99, 14.99],
    "priceCounts": [25, 2, 8, 19, 17, 29],
    "nIsInKU": [70],
    "nIsNotInKU": [30],
    "nReleases": [">6000"],
    "nLastThirtyReleases": ["90"],
    "nLastNinetyReleases": ["243"],
    "nPreorders": ["31"]
  },
  {
    "currentAnalysisName": ["X0031_suspense_occult_top100_7130637011_20190309.235603"],
    "analysisTimeString": ["20190309.235603"],
    "filenamesRoot": ["suspense_occult_top100"],
    "categoryLabel": ["Suspense: Occult"],
    "pageLabel": ["Top 100"],
    "browseNodeID": ["7130637011"],
    "medianSalesRank": [14114],
    "medianNPages": [336],
    "priceBreaks": [0, 0.99, 1.99, 2.99, 3.99, 4.99, 14.99],
    "priceCounts": [15, 3, 11, 29, 24, 18],
    "nIsInKU": [83],
    "nIsNotInKU": [17],
    "nReleases": [">2000"],
    "nLastThirtyReleases": ["37"],
    "nLastNinetyReleases": ["118"],
    "nPreorders": ["24"]
  },
  {
    "currentAnalysisName": ["X0031_suspense_paranormal_top100_7130638011_20190309.235725"],
    "analysisTimeString": ["20190309.235725"],
    "filenamesRoot": ["suspense_paranormal_top100"],
    "categoryLabel": ["Suspense: Paranormal"],
    "pageLabel": ["Top 100"],
    "browseNodeID": ["7130638011"],
    "medianSalesRank": [2173],
    "medianNPages": [299],
    "priceBreaks": [0, 0.99, 1.99, 2.99, 3.99, 4.99, 14.99],
    "priceCounts": [25, 4, 13, 23, 21, 14],
    "nIsInKU": [78],
    "nIsNotInKU": [22],
    "nReleases": [">20000"],
    "nLastThirtyReleases": ["401"],
    "nLastNinetyReleases": [">1000"],
    "nPreorders": ["167"]
  },
  {
    "currentAnalysisName": ["X0031_suspense_political_top100_6190490011_20190309.235822"],
    "analysisTimeString": ["20190309.235822"],
    "filenamesRoot": ["suspense_political_top100"],
    "categoryLabel": ["Suspense: Political"],
    "pageLabel": ["Top 100"],
    "browseNodeID": ["6190490011"],
    "medianSalesRank": [3205],
    "medianNPages": [368],
    "priceBreaks": [0, 0.99, 1.99, 2.99, 3.99, 4.99, 15.87],
    "priceCounts": [5, 3, 6, 7, 31, 48],
    "nIsInKU": [70],
    "nIsNotInKU": [30],
    "nReleases": [">8000"],
    "nLastThirtyReleases": ["111"],
    "nLastNinetyReleases": ["340"],
    "nPreorders": ["52"]
  },
  {
    "currentAnalysisName": ["X0031_psychological_fiction_top100_6190491011_20190309.235956"],
    "analysisTimeString": ["20190309.235956"],
    "filenamesRoot": ["psychological_fiction_top100"],
    "categoryLabel": ["Psychological Fiction"],
    "pageLabel": ["Top 100"],
    "browseNodeID": ["6190491011"],
    "medianSalesRank": [1081],
    "medianNPages": [325],
    "priceBreaks": [0, 0.99, 1.99, 2.99, 3.99, 4.99, 14.99],
    "priceCounts": [14, 14, 13, 12, 13, 33],
    "nIsInKU": [58],
    "nIsNotInKU": [42],
    "nReleases": [">10000"],
    "nLastThirtyReleases": ["222"],
    "nLastNinetyReleases": ["643"],
    "nPreorders": ["204"]
  },
  {
    "currentAnalysisName": ["X0031_assassinations_top100_7130643011_20190310.000108"],
    "analysisTimeString": ["20190310.000108"],
    "filenamesRoot": ["assassinations_top100"],
    "categoryLabel": ["Thrillers: Assassinations"],
    "pageLabel": ["Top 100"],
    "browseNodeID": ["7130643011"],
    "medianSalesRank": [3686],
    "medianNPages": [386],
    "priceBreaks": [0, 0.99, 1.99, 2.99, 3.99, 4.99, 15.87],
    "priceCounts": [9, 1, 6, 6, 22, 56],
    "nIsInKU": [69],
    "nIsNotInKU": [31],
    "nReleases": [">4000"],
    "nLastThirtyReleases": ["82"],
    "nLastNinetyReleases": ["182"],
    "nPreorders": ["38"]
  },
  {
    "currentAnalysisName": ["X0031_conspiracies_top100_7130644011_20190310.000223"],
    "analysisTimeString": ["20190310.000223"],
    "filenamesRoot": ["conspiracies_top100"],
    "categoryLabel": ["Thrillers: Conspiracies"],
    "pageLabel": ["Top 100"],
    "browseNodeID": ["7130644011"],
    "medianSalesRank": [2442],
    "medianNPages": [370],
    "priceBreaks": [0, 0.99, 1.99, 2.99, 3.99, 4.99, 15.87],
    "priceCounts": [7, 7, 8, 8, 24, 46],
    "nIsInKU": [78],
    "nIsNotInKU": [22],
    "nReleases": [">5000"],
    "nLastThirtyReleases": ["84"],
    "nLastNinetyReleases": ["226"],
    "nPreorders": ["50"]
  },
  {
    "currentAnalysisName": ["X0031_thrillers_crime_top100_6361462011_20190310.000419"],
    "analysisTimeString": ["20190310.000419"],
    "filenamesRoot": ["thrillers_crime_top100"],
    "categoryLabel": ["Thrillers: Crime"],
    "pageLabel": ["Top 100"],
    "browseNodeID": ["6361462011"],
    "medianSalesRank": [927],
    "medianNPages": [344],
    "priceBreaks": [0, 0.99, 1.99, 2.99, 3.99, 4.99, 14.99],
    "priceCounts": [11, 10, 5, 17, 17, 39],
    "nIsInKU": [64],
    "nIsNotInKU": [36],
    "nReleases": [">30000"],
    "nLastThirtyReleases": ["662"],
    "nLastNinetyReleases": [">1000"],
    "nPreorders": ["311"]
  },
  {
    "currentAnalysisName": ["X0031_espionage_top100_157322011_20190310.000618"],
    "analysisTimeString": ["20190310.000618"],
    "filenamesRoot": ["espionage_top100"],
    "categoryLabel": ["Thrillers: Espionage"],
    "pageLabel": ["Top 100"],
    "browseNodeID": ["157322011"],
    "medianSalesRank": [2299],
    "medianNPages": [372],
    "priceBreaks": [0, 0.99, 1.99, 2.99, 3.99, 4.99, 14.99],
    "priceCounts": [6, 4, 10, 9, 21, 49],
    "nIsInKU": [70],
    "nIsNotInKU": [30],
    "nReleases": [">10000"],
    "nLastThirtyReleases": ["164"],
    "nLastNinetyReleases": ["466"],
    "nPreorders": ["71"]
  },
  {
    "currentAnalysisName": ["X0031_financial_top100_7130645011_20190310.000744"],
    "analysisTimeString": ["20190310.000744"],
    "filenamesRoot": ["financial_top100"],
    "categoryLabel": ["Thrillers: Financial"],
    "pageLabel": ["Top 100"],
    "browseNodeID": ["7130645011"],
    "medianSalesRank": [10429],
    "medianNPages": [341],
    "priceBreaks": [0, 0.99, 1.99, 2.99, 3.99, 4.99, 12.99],
    "priceCounts": [9, 0, 20, 17, 37, 17],
    "nIsInKU": [80],
    "nIsNotInKU": [20],
    "nReleases": [">1000"],
    "nLastThirtyReleases": ["20"],
    "nLastNinetyReleases": ["62"],
    "nPreorders": ["                14"]
  },
  {
    "currentAnalysisName": ["X0031_thrillers_historical_top100_6361463011_20190310.000904"],
    "analysisTimeString": ["20190310.000904"],
    "filenamesRoot": ["thrillers_historical_top100"],
    "categoryLabel": ["Thrillers: Historical"],
    "pageLabel": ["Top 100"],
    "browseNodeID": ["6361463011"],
    "medianSalesRank": [10279],
    "medianNPages": [364],
    "priceBreaks": [0, 0.99, 1.99, 2.99, 3.99, 4.99, 14.99],
    "priceCounts": [9, 8, 11, 9, 20, 43],
    "nIsInKU": [58],
    "nIsNotInKU": [42],
    "nReleases": [">7000"],
    "nLastThirtyReleases": ["75"],
    "nLastNinetyReleases": ["252"],
    "nPreorders": ["59"]
  },
  {
    "currentAnalysisName": ["X0031_thrillers_legal_top100_157321011_20190310.001028"],
    "analysisTimeString": ["20190310.001028"],
    "filenamesRoot": ["thrillers_legal_top100"],
    "categoryLabel": ["Thrillers: Legal"],
    "pageLabel": ["Top 100"],
    "browseNodeID": ["157321011"],
    "medianSalesRank": [3723],
    "medianNPages": [349],
    "priceBreaks": [0, 0.99, 1.99, 2.99, 3.99, 4.99, 14.99],
    "priceCounts": [8, 6, 14, 10, 32, 30],
    "nIsInKU": [75],
    "nIsNotInKU": [25],
    "nReleases": [">6000"],
    "nLastThirtyReleases": ["217"],
    "nLastNinetyReleases": ["628"],
    "nPreorders": ["22"]
  },
  {
    "currentAnalysisName": ["X0031_thrillers_medical_top100_2225099011_20190310.001134"],
    "analysisTimeString": ["20190310.001134"],
    "filenamesRoot": ["thrillers_medical_top100"],
    "categoryLabel": ["Thrillers: Medical"],
    "pageLabel": ["Top 100"],
    "browseNodeID": ["2225099011"],
    "medianSalesRank": [14288],
    "medianNPages": [353],
    "priceBreaks": [0, 0.99, 1.99, 2.99, 3.99, 4.99, 16.99],
    "priceCounts": [8, 7, 11, 14, 22, 37],
    "nIsInKU": [64],
    "nIsNotInKU": [36],
    "nReleases": [">3000"],
    "nLastThirtyReleases": ["45"],
    "nLastNinetyReleases": ["131"],
    "nPreorders": ["25"]
  },
  {
    "currentAnalysisName": ["X0031_thrillers_military_top100_6361464011_20190310.001248"],
    "analysisTimeString": ["20190310.001248"],
    "filenamesRoot": ["thrillers_military_top100"],
    "categoryLabel": ["Thrillers: Military"],
    "pageLabel": ["Top 100"],
    "browseNodeID": ["6361464011"],
    "medianSalesRank": [4682],
    "medianNPages": [376],
    "priceBreaks": [0, 0.99, 1.99, 2.99, 3.99, 4.99, 16.99],
    "priceCounts": [10, 4, 8, 9, 26, 42],
    "nIsInKU": [68],
    "nIsNotInKU": [32],
    "nReleases": [">5000"],
    "nLastThirtyReleases": ["82"],
    "nLastNinetyReleases": ["225"],
    "nPreorders": ["54"]
  },
  {
    "currentAnalysisName": ["X0031_pulp_top100_7130646011_20190310.001405"],
    "analysisTimeString": ["20190310.001405"],
    "filenamesRoot": ["pulp_top100"],
    "categoryLabel": ["Thrillers:Pulp"],
    "pageLabel": ["Top 100"],
    "browseNodeID": ["7130646011"],
    "medianSalesRank": [5205],
    "medianNPages": [314],
    "priceBreaks": [0, 0.99, 1.99, 2.99, 3.99, 4.99, 7.99],
    "priceCounts": [15, 0, 13, 16, 45, 11],
    "nIsInKU": [97],
    "nIsNotInKU": [3],
    "nReleases": [">2000"],
    "nLastThirtyReleases": ["44"],
    "nLastNinetyReleases": ["124"],
    "nPreorders": ["                15"]
  },
  {
    "currentAnalysisName": ["X0031_technothrillers_top100_157324011_20190310.001558"],
    "analysisTimeString": ["20190310.001558"],
    "filenamesRoot": ["technothrillers_top100"],
    "categoryLabel": ["Technothrillers"],
    "pageLabel": ["Top 100"],
    "browseNodeID": ["157324011"],
    "medianSalesRank": [5111],
    "medianNPages": [376],
    "priceBreaks": [0, 0.99, 1.99, 2.99, 3.99, 4.99, 16.99],
    "priceCounts": [10, 6, 8, 19, 19, 38],
    "nIsInKU": [81],
    "nIsNotInKU": [19],
    "nReleases": [">6000"],
    "nLastThirtyReleases": ["64"],
    "nLastNinetyReleases": ["198"],
    "nPreorders": ["52"]
  },
  {
    "currentAnalysisName": ["X0031_thrillers_terrorism_top100_7130647011_20190310.001728"],
    "analysisTimeString": ["20190310.001728"],
    "filenamesRoot": ["thrillers_terrorism_top100"],
    "categoryLabel": ["Thrillers:Terrorism"],
    "pageLabel": ["Top 100"],
    "browseNodeID": ["7130647011"],
    "medianSalesRank": [5178],
    "medianNPages": [380],
    "priceBreaks": [0, 0.99, 1.99, 2.99, 3.99, 4.99, 16.99],
    "priceCounts": [9, 3, 8, 8, 33, 39],
    "nIsInKU": [70],
    "nIsNotInKU": [30],
    "nReleases": [">5000"],
    "nLastThirtyReleases": ["59"],
    "nLastNinetyReleases": ["205"],
    "nPreorders": ["38"]
  }
]
