[
  {
    "currentAnalysisName": ["X0023_erotica_top100_157057011_20181102.113441"],
    "analysisTimeString": ["20181102.113441"],
    "filenamesRoot": ["erotica_top100"],
    "categoryLabel": ["Erotica"],
    "pageLabel": ["Top 100"],
    "browseNodeID": ["157057011"],
    "medianSalesRank": [7109],
    "medianNPages": [220],
    "priceBreaks": [0, 0.99, 1.99, 2.99, 3.99, 4.99, 12.99],
    "priceCounts": [31, 3, 24, 19, 7, 16],
    "nIsInKU": [75],
    "nIsNotInKU": [25],
    "nReleases": [">60000"],
    "nLastThirtyReleases": [">60000"],
    "nLastNinetyReleases": [">60000"],
    "nPreorders": [">60000"]
  },
  {
    "currentAnalysisName": ["X0023_e_action_adventure_top100_7620210011_20181102.113537"],
    "analysisTimeString": ["20181102.113537"],
    "filenamesRoot": ["e_action_adventure_top100"],
    "categoryLabel": ["Erotica: Action and Adventure"],
    "pageLabel": ["Top 100"],
    "browseNodeID": ["7620210011"],
    "medianSalesRank": [19750],
    "medianNPages": [212],
    "priceBreaks": [0, 0.99, 1.99, 2.99, 3.99, 4.99, 9.99],
    "priceCounts": [24, 2, 27, 10, 10, 27],
    "nIsInKU": [88],
    "nIsNotInKU": [12],
    "nReleases": [">20000"],
    "nLastThirtyReleases": [">20000"],
    "nLastNinetyReleases": [">20000"],
    "nPreorders": [">20000"]
  },
  {
    "currentAnalysisName": ["X0023_e_african_american_top100_6190461011_20181102.113633"],
    "analysisTimeString": ["20181102.113633"],
    "filenamesRoot": ["e_african_american_top100"],
    "categoryLabel": ["Erotica: African American"],
    "pageLabel": ["Top 100"],
    "browseNodeID": ["6190461011"],
    "medianSalesRank": [106155],
    "medianNPages": [195],
    "priceBreaks": [0, 0.99, 1.99, 2.99, 3.99, 4.99, 12.99],
    "priceCounts": [22, 17, 28, 15, 4, 14],
    "nIsInKU": [81],
    "nIsNotInKU": [19],
    "nReleases": [">3000"],
    "nLastThirtyReleases": [">3000"],
    "nLastNinetyReleases": [">3000"],
    "nPreorders": [">3000"]
  },
  {
    "currentAnalysisName": ["X0023_e_bdsm_top100_7620212011_20181102.113729"],
    "analysisTimeString": ["20181102.113729"],
    "filenamesRoot": ["e_bdsm_top100"],
    "categoryLabel": ["Erotica: BDSM"],
    "pageLabel": ["Top 100"],
    "browseNodeID": ["7620212011"],
    "medianSalesRank": [17015],
    "medianNPages": [299],
    "priceBreaks": [0, 0.99, 1.99, 2.99, 3.99, 4.99, 9.99],
    "priceCounts": [6, 2, 26, 16, 15, 35],
    "nIsInKU": [81],
    "nIsNotInKU": [19],
    "nReleases": [">50000"],
    "nLastThirtyReleases": [">50000"],
    "nLastNinetyReleases": [">50000"],
    "nPreorders": [">50000"]
  },
  {
    "currentAnalysisName": ["X0023_e_historical_top100_7620218011_20181102.113821"],
    "analysisTimeString": ["20181102.113821"],
    "filenamesRoot": ["e_historical_top100"],
    "categoryLabel": ["Erotica: Historical"],
    "pageLabel": ["Top 100"],
    "browseNodeID": ["7620218011"],
    "medianSalesRank": [37711],
    "medianNPages": [429],
    "priceBreaks": [0, 0.99, 1.99, 2.99, 3.99, 4.99, 11.99],
    "priceCounts": [7, 0, 10, 15, 25, 43],
    "nIsInKU": [77],
    "nIsNotInKU": [23],
    "nReleases": [">10000"],
    "nLastThirtyReleases": [">10000"],
    "nLastNinetyReleases": [">10000"],
    "nPreorders": [">10000"]
  },
  {
    "currentAnalysisName": ["X0023_e_horror_top100_7620219011_20181102.113919"],
    "analysisTimeString": ["20181102.113919"],
    "filenamesRoot": ["e_horror_top100"],
    "categoryLabel": ["Erotica: Horror"],
    "pageLabel": ["Top 100"],
    "browseNodeID": ["7620219011"],
    "medianSalesRank": [37215],
    "medianNPages": [272],
    "priceBreaks": [0, 0.99, 1.99, 2.99, 3.99, 4.99, 9.99],
    "priceCounts": [6, 0, 26, 19, 10, 39],
    "nIsInKU": [82],
    "nIsNotInKU": [18],
    "nReleases": [">8000"],
    "nLastThirtyReleases": [">8000"],
    "nLastNinetyReleases": [">8000"],
    "nPreorders": [">8000"]
  },
  {
    "currentAnalysisName": ["X0023_e_humorous_top100_7620220011_20181102.114022"],
    "analysisTimeString": ["20181102.114022"],
    "filenamesRoot": ["e_humorous_top100"],
    "categoryLabel": ["Erotica: Humorous"],
    "pageLabel": ["Top 100"],
    "browseNodeID": ["7620220011"],
    "medianSalesRank": [24755],
    "medianNPages": [288],
    "priceBreaks": [0, 0.99, 1.99, 2.99, 3.99, 4.99, 9.99],
    "priceCounts": [13, 0, 25, 29, 7, 26],
    "nIsInKU": [70],
    "nIsNotInKU": [30],
    "nReleases": [">10000"],
    "nLastThirtyReleases": [">10000"],
    "nLastNinetyReleases": [">10000"],
    "nPreorders": [">10000"]
  },
  {
    "currentAnalysisName": ["X0023_e_interracial_top100_7620221011_20181102.114129"],
    "analysisTimeString": ["20181102.114129"],
    "filenamesRoot": ["e_interracial_top100"],
    "categoryLabel": ["Erotica: Interracial"],
    "pageLabel": ["Top 100"],
    "browseNodeID": ["7620221011"],
    "medianSalesRank": [43412],
    "medianNPages": [220],
    "priceBreaks": [0, 0.99, 1.99, 2.99, 3.99, 4.99, 9.99],
    "priceCounts": [7, 5, 28, 14, 14, 32],
    "nIsInKU": [86],
    "nIsNotInKU": [14],
    "nReleases": [">20000"],
    "nLastThirtyReleases": [">20000"],
    "nLastNinetyReleases": [">20000"],
    "nPreorders": [">20000"]
  },
  {
    "currentAnalysisName": ["X0023_e_lgbt_top100_7620213011_20181102.114236"],
    "analysisTimeString": ["20181102.114236"],
    "filenamesRoot": ["e_lgbt_top100"],
    "categoryLabel": ["Erotica: LGBT"],
    "pageLabel": ["Top 100"],
    "browseNodeID": ["7620213011"],
    "medianSalesRank": [23921],
    "medianNPages": [313],
    "priceBreaks": [0, 0.99, 1.99, 2.99, 3.99, 4.99, 9.99],
    "priceCounts": [7, 3, 30, 11, 19, 30],
    "nIsInKU": [88],
    "nIsNotInKU": [12],
    "nReleases": [">50000"],
    "nLastThirtyReleases": [">50000"],
    "nLastNinetyReleases": [">50000"],
    "nPreorders": [">50000"]
  },
  {
    "currentAnalysisName": ["X0023_e_mystery_top100_7620222011_20181102.114329"],
    "analysisTimeString": ["20181102.114329"],
    "filenamesRoot": ["e_mystery_top100"],
    "categoryLabel": ["Erotica: Mystery"],
    "pageLabel": ["Top 100"],
    "browseNodeID": ["7620222011"],
    "medianSalesRank": [28239],
    "medianNPages": [301],
    "priceBreaks": [0, 0.99, 1.99, 2.99, 3.99, 4.99, 9.99],
    "priceCounts": [15, 0, 22, 15, 11, 37],
    "nIsInKU": [67],
    "nIsNotInKU": [33],
    "nReleases": [">10000"],
    "nLastThirtyReleases": [">10000"],
    "nLastNinetyReleases": [">10000"],
    "nPreorders": [">10000"]
  },
  {
    "currentAnalysisName": ["X0023_e_paranormal_top100_7620223011_20181102.114427"],
    "analysisTimeString": ["20181102.114427"],
    "filenamesRoot": ["e_paranormal_top100"],
    "categoryLabel": ["Erotica: Paranormal"],
    "pageLabel": ["Top 100"],
    "browseNodeID": ["7620223011"],
    "medianSalesRank": [29817],
    "medianNPages": [258],
    "priceBreaks": [0, 0.99, 1.99, 2.99, 3.99, 4.99, 12.99],
    "priceCounts": [12, 1, 29, 24, 7, 27],
    "nIsInKU": [60],
    "nIsNotInKU": [40],
    "nReleases": [">20000"],
    "nLastThirtyReleases": [">20000"],
    "nLastNinetyReleases": [">20000"],
    "nPreorders": [">20000"]
  },
  {
    "currentAnalysisName": ["X0023_e_romantic_top100_7620225011_20181102.114523"],
    "analysisTimeString": ["20181102.114523"],
    "filenamesRoot": ["e_romantic_top100"],
    "categoryLabel": ["Erotica: Romantic Erotica"],
    "pageLabel": ["Top 100"],
    "browseNodeID": ["7620225011"],
    "medianSalesRank": [21796],
    "medianNPages": [301],
    "priceBreaks": [0, 0.99, 1.99, 2.99, 3.99, 4.99, 12.99],
    "priceCounts": [19, 3, 20, 28, 8, 22],
    "nIsInKU": [43],
    "nIsNotInKU": [57],
    "nReleases": [">40000"],
    "nLastThirtyReleases": [">40000"],
    "nLastNinetyReleases": [">40000"],
    "nPreorders": [">40000"]
  },
  {
    "currentAnalysisName": ["X0023_e_scifi_top100_7620226011_20181102.114618"],
    "analysisTimeString": ["20181102.114618"],
    "filenamesRoot": ["e_scifi_top100"],
    "categoryLabel": ["Erotica: Science Fiction"],
    "pageLabel": ["Top 100"],
    "browseNodeID": ["7620226011"],
    "medianSalesRank": [42663],
    "medianNPages": [231],
    "priceBreaks": [0, 0.99, 1.99, 2.99, 3.99, 4.99, 12.99],
    "priceCounts": [5, 0, 38, 16, 10, 31],
    "nIsInKU": [76],
    "nIsNotInKU": [24],
    "nReleases": [">10000"],
    "nLastThirtyReleases": [">10000"],
    "nLastNinetyReleases": [">10000"],
    "nPreorders": [">10000"]
  },
  {
    "currentAnalysisName": ["X0023_e_suspense_top100_7620227011_20181102.114714"],
    "analysisTimeString": ["20181102.114714"],
    "filenamesRoot": ["e_suspense_top100"],
    "categoryLabel": ["Erotica: Suspense"],
    "pageLabel": ["Top 100"],
    "browseNodeID": ["7620227011"],
    "medianSalesRank": [18421],
    "medianNPages": [269],
    "priceBreaks": [0, 0.99, 1.99, 2.99, 3.99, 4.99, 12.99],
    "priceCounts": [22, 1, 26, 18, 5, 28],
    "nIsInKU": [77],
    "nIsNotInKU": [23],
    "nReleases": [">10000"],
    "nLastThirtyReleases": [">10000"],
    "nLastNinetyReleases": [">10000"],
    "nPreorders": [">10000"]
  },
  {
    "currentAnalysisName": ["X0023_e_thrillers_top100_7620228011_20181102.114823"],
    "analysisTimeString": ["20181102.114823"],
    "filenamesRoot": ["e_thrillers_top100"],
    "categoryLabel": ["Erotica: Thrillers"],
    "pageLabel": ["Top 100"],
    "browseNodeID": ["7620228011"],
    "medianSalesRank": [22201],
    "medianNPages": [176],
    "priceBreaks": [0, 0.99, 1.99, 2.99, 3.99, 4.99, 9.99],
    "priceCounts": [28, 0, 19, 11, 11, 31],
    "nIsInKU": [88],
    "nIsNotInKU": [12],
    "nReleases": [">10000"],
    "nLastThirtyReleases": [">10000"],
    "nLastNinetyReleases": [">10000"],
    "nPreorders": [">10000"]
  },
  {
    "currentAnalysisName": ["X0023_e_urban_top100_7620229011_20181102.114931"],
    "analysisTimeString": ["20181102.114931"],
    "filenamesRoot": ["e_urban_top100"],
    "categoryLabel": ["Erotica: Urban"],
    "pageLabel": ["Top 100"],
    "browseNodeID": ["7620229011"],
    "medianSalesRank": [31168],
    "medianNPages": [151],
    "priceBreaks": [0, 0.99, 1.99, 2.99, 3.99, 4.99, 12.99],
    "priceCounts": [6, 4, 42, 8, 13, 27],
    "nIsInKU": [90],
    "nIsNotInKU": [10],
    "nReleases": [">20000"],
    "nLastThirtyReleases": [">20000"],
    "nLastNinetyReleases": [">20000"],
    "nPreorders": [">20000"]
  },
  {
    "currentAnalysisName": ["X0023_e_victorian_top100_7620230011_20181102.115026"],
    "analysisTimeString": ["20181102.115026"],
    "filenamesRoot": ["e_victorian_top100"],
    "categoryLabel": ["Erotica: Victorian"],
    "pageLabel": ["Top 100"],
    "browseNodeID": ["7620230011"],
    "medianSalesRank": [59560],
    "medianNPages": [301],
    "priceBreaks": [0, 0.99, 1.99, 2.99, 3.99, 4.99, 9.99],
    "priceCounts": [11, 0, 25, 13, 14, 37],
    "nIsInKU": [87],
    "nIsNotInKU": [13],
    "nReleases": [">4000"],
    "nLastThirtyReleases": [">4000"],
    "nLastNinetyReleases": [">4000"],
    "nPreorders": [">4000"]
  },
  {
    "currentAnalysisName": ["X0023_e_westerns_top100_7620231011_20181102.115134"],
    "analysisTimeString": ["20181102.115134"],
    "filenamesRoot": ["e_westerns_top100"],
    "categoryLabel": ["Erotica: Westerns"],
    "pageLabel": ["Top 100"],
    "browseNodeID": ["7620231011"],
    "medianSalesRank": [42204],
    "medianNPages": [318],
    "priceBreaks": [0, 0.99, 1.99, 2.99, 3.99, 4.99, 9.99],
    "priceCounts": [14, 0, 24, 14, 16, 32],
    "nIsInKU": [88],
    "nIsNotInKU": [12],
    "nReleases": [">5000"],
    "nLastThirtyReleases": [">5000"],
    "nLastNinetyReleases": [">5000"],
    "nPreorders": [">5000"]
  }
]
