[
  {
    "currentAnalysisName": ["X0039_sff_top100_668010011_20190705.055054"],
    "analysisTimeString": ["20190705.055054"],
    "filenamesRoot": ["sff_top100"],
    "categoryLabel": ["Science Fiction & Fantasy"],
    "pageLabel": ["Top 100"],
    "browseNodeID": ["668010011"],
    "medianSalesRank": [398],
    "medianNPages": [348],
    "priceBreaks": [0, 0.99, 1.99, 2.99, 3.99, 4.99, 13.99],
    "priceCounts": [12, 7, 13, 17, 22, 29],
    "nIsInKU": [82],
    "nIsNotInKU": [18],
    "nReleases": [">50000"],
    "nLastThirtyReleases": [">7000"],
    "nLastNinetyReleases": [">20000"],
    "nPreorders": [">2000"]
  },
  {
    "currentAnalysisName": ["X0039_alternative_history_top100_6157855011_20190705.055341"],
    "analysisTimeString": ["20190705.055341"],
    "filenamesRoot": ["alternative_history_top100"],
    "categoryLabel": ["Alternative History"],
    "pageLabel": ["Top 100"],
    "browseNodeID": ["6157855011"],
    "medianSalesRank": [12742],
    "medianNPages": [352],
    "priceBreaks": [0, 0.99, 1.99, 2.99, 3.99, 4.99, 14.99],
    "priceCounts": [7, 3, 22, 18, 27, 21],
    "nIsInKU": [76],
    "nIsNotInKU": [24],
    "nReleases": [">10000"],
    "nLastThirtyReleases": ["422"],
    "nLastNinetyReleases": [">1000"],
    "nPreorders": ["45"]
  },
  {
    "currentAnalysisName": ["X0039_dystopian_top100_6361470011_20190705.055532"],
    "analysisTimeString": ["20190705.055532"],
    "filenamesRoot": ["dystopian_top100"],
    "categoryLabel": ["Dystopian"],
    "pageLabel": ["Top 100"],
    "browseNodeID": ["6361470011"],
    "medianSalesRank": [2337],
    "medianNPages": [337],
    "priceBreaks": [0, 0.99, 1.99, 2.99, 3.99, 4.99, 14.99],
    "priceCounts": [13, 11, 24, 17, 16, 19],
    "nIsInKU": [84],
    "nIsNotInKU": [16],
    "nReleases": [">30000"],
    "nLastThirtyReleases": ["534"],
    "nLastNinetyReleases": [">1000"],
    "nPreorders": ["177"]
  },
  {
    "currentAnalysisName": ["X0039_fairy_tales_top100_7588857011_20190705.055811"],
    "analysisTimeString": ["20190705.055811"],
    "filenamesRoot": ["fairy_tales_top100"],
    "categoryLabel": ["Fairy Tales"],
    "pageLabel": ["Top 100"],
    "browseNodeID": ["7588857011"],
    "medianSalesRank": [8882],
    "medianNPages": [272],
    "priceBreaks": [0, 0.99, 1.99, 2.99, 3.99, 4.99, 13.99],
    "priceCounts": [18, 2, 22, 20, 21, 17],
    "nIsInKU": [90],
    "nIsNotInKU": [10],
    "nReleases": [">6000"],
    "nLastThirtyReleases": ["117"],
    "nLastNinetyReleases": ["287"],
    "nPreorders": ["36"]
  },
  {
    "currentAnalysisName": ["X0039_post_apocalyptic_top100_6361471011_20190705.060017"],
    "analysisTimeString": ["20190705.060017"],
    "filenamesRoot": ["post_apocalyptic_top100"],
    "categoryLabel": ["Post-Apocalyptic"],
    "pageLabel": ["Top 100"],
    "browseNodeID": ["6361471011"],
    "medianSalesRank": [2345],
    "medianNPages": [357],
    "priceBreaks": [0, 0.99, 1.99, 2.99, 3.99, 4.99, 14.99],
    "priceCounts": [17, 6, 26, 15, 18, 18],
    "nIsInKU": [86],
    "nIsNotInKU": [14],
    "nReleases": [">20000"],
    "nLastThirtyReleases": ["476"],
    "nLastNinetyReleases": [">1000"],
    "nPreorders": ["145"]
  },
  {
    "currentAnalysisName": ["X0039_w_and_s_top100_6401742011_20190705.060142"],
    "analysisTimeString": ["20190705.060142"],
    "filenamesRoot": ["w_and_s_top100"],
    "categoryLabel": ["Werewolves & Shifters"],
    "pageLabel": ["Top 100"],
    "browseNodeID": ["6401742011"],
    "medianSalesRank": [1597],
    "medianNPages": [272],
    "priceBreaks": [0, 0.99, 1.99, 2.99, 3.99, 4.99, 13.99],
    "priceCounts": [38, 1, 22, 21, 15, 3],
    "nIsInKU": [92],
    "nIsNotInKU": [8],
    "nReleases": [">20000"],
    "nLastThirtyReleases": ["345"],
    "nLastNinetyReleases": ["884"],
    "nPreorders": ["154"]
  },
  {
    "currentAnalysisName": ["X0039_pn_uf_top100_6157853011_20190705.060338"],
    "analysisTimeString": ["20190705.060338"],
    "filenamesRoot": ["pn_uf_top100"],
    "categoryLabel": ["Paranormal and Urban Fantasy"],
    "pageLabel": ["Top 100"],
    "browseNodeID": ["6157853011"],
    "medianSalesRank": [807],
    "medianNPages": [329],
    "priceBreaks": [0, 0.99, 1.99, 2.99, 3.99, 4.99, 13.99],
    "priceCounts": [12, 1, 16, 27, 23, 21],
    "nIsInKU": [90],
    "nIsNotInKU": [10],
    "nReleases": [">50000"],
    "nLastThirtyReleases": [">1000"],
    "nLastNinetyReleases": [">3000"],
    "nPreorders": ["629"]
  },
  {
    "currentAnalysisName": ["X0039_dark_fantasy_top100_157062011_20190705.060527"],
    "analysisTimeString": ["20190705.060527"],
    "filenamesRoot": ["dark_fantasy_top100"],
    "categoryLabel": ["Horror: Dark Fantasy"],
    "pageLabel": ["Top 100"],
    "browseNodeID": ["157062011"],
    "medianSalesRank": [2714],
    "medianNPages": [343],
    "priceBreaks": [0, 0.99, 1.99, 2.99, 3.99, 4.99, 13.99],
    "priceCounts": [7, 6, 13, 19, 39, 16],
    "nIsInKU": [90],
    "nIsNotInKU": [10],
    "nReleases": [">20000"],
    "nLastThirtyReleases": ["513"],
    "nLastNinetyReleases": [">1000"],
    "nPreorders": ["234"]
  }
]
